# Program:featureCounts v2.0.3; Command:"featureCounts" "-a" "ref_genomes/NC_000913.3.gff3" "-o" "counts/NC_000913.3_counts.txt" "aligned/SRR12170050.unique.sorted.bam" "aligned/SRR12170051.unique.sorted.bam" "aligned/SRR12170052.unique.sorted.bam" "aligned/SRR12170054.unique.sorted.bam" "aligned/SRR12170055.unique.sorted.bam" "aligned/SRR12170056.unique.sorted.bam" "aligned/SRR12170058.unique.sorted.bam" "aligned/SRR12170059.unique.sorted.bam" "aligned/SRR12170060.unique.sorted.bam" "aligned/SRR12170061.unique.sorted.bam" "aligned/SRR12170062.unique.sorted.bam" "-T" "4" "-p" "-B" "-C" "-t" "gene" "-g" "ID" 
Geneid	Chr	Start	End	Strand	Length	aligned/SRR12170050.unique.sorted.bam	aligned/SRR12170051.unique.sorted.bam	aligned/SRR12170052.unique.sorted.bam	aligned/SRR12170054.unique.sorted.bam	aligned/SRR12170055.unique.sorted.bam	aligned/SRR12170056.unique.sorted.bam	aligned/SRR12170058.unique.sorted.bam	aligned/SRR12170059.unique.sorted.bam	aligned/SRR12170060.unique.sorted.bam	aligned/SRR12170061.unique.sorted.bam	aligned/SRR12170062.unique.sorted.bam
gene-b0001	NC_000913.3	190	255	+	66	17454	9216	7080	8495	0	14935	12425	997	14768	0	7659
gene-b0002	NC_000913.3	337	2799	+	2463	45854	21251	21577	38548	0	50057	38477	11968	11223	0	20946
gene-b0003	NC_000913.3	2801	3733	+	933	12734	6009	5943	11105	0	14712	10522	3078	3569	0	6015
gene-b0004	NC_000913.3	3734	5020	+	1287	17210	8816	8970	16831	0	20406	17537	4232	5396	0	9480
gene-b0005	NC_000913.3	5234	5530	+	297	3057	362	387	954	0	582	1344	365	259	0	338
gene-b0006	NC_000913.3	5683	6459	-	777	985	606	545	1390	0	1021	1499	318	554	0	805
gene-b0007	NC_000913.3	6529	7959	-	1431	193	139	117	201	0	186	260	38	161	0	144
gene-b0008	NC_000913.3	8238	9191	+	954	21161	11816	11897	24990	0	24642	26395	6528	9687	0	13126
gene-b0009	NC_000913.3	9306	9893	+	588	564	264	292	695	0	554	699	186	296	0	455
gene-b0010	NC_000913.3	9928	10494	-	567	275	201	198	293	0	291	337	47	287	0	254
gene-b0011	NC_000913.3	10643	11356	-	714	9	10	4	15	0	11	10	3	8	0	5
gene-b0012	NC_000913.3	10830	11315	+	486	0	0	0	0	0	0	0	0	0	0	0
gene-b0013	NC_000913.3	11382	11786	-	405	28	23	22	19	0	31	28	5	34	0	38
gene-b0014	NC_000913.3	12163	14079	+	1917	25461	16835	17258	30926	0	34389	33660	9350	13628	0	22046
gene-b0015	NC_000913.3	14168	15298	+	1131	5915	2079	2260	5338	0	4551	5583	1573	2091	0	3204
gene-b0016	NC_000913.3	15445	16557	+	1113	443	140	161	217	0	214	477	114	0	0	0
gene-b0018	NC_000913.3	16751	16960	-	210	0	0	0	0	0	0	1	0	0	0	0
gene-b4412	NC_000913.3	16751	16903	-	153	0	0	0	0	0	0	0	0	0	0	0
gene-b4413	NC_000913.3	16952	17010	+	59	69	25	27	42	0	37	61	3	218	0	44
gene-b0019	NC_000913.3	17489	18655	+	1167	897	686	660	912	0	748	860	139	871	0	1062
gene-b0020	NC_000913.3	18715	19620	+	906	576	284	256	538	0	374	508	93	309	0	311
gene-b0021	NC_000913.3	19811	20314	-	504	31	28	41	31	0	50	57	25	316	0	308
gene-b0022	NC_000913.3	20233	20508	-	276	74	12	14	28	0	14	29	5	10	0	13
gene-b0023	NC_000913.3	20815	21078	-	264	17473	21222	18894	28835	0	23082	38268	4468	24051	0	18746
gene-b0024	NC_000913.3	21181	21399	+	219	1986	2416	2027	1806	0	1820	1130	173	1942	0	1029
gene-b0025	NC_000913.3	21407	22348	+	942	3494	1995	1709	4059	0	3578	4073	963	1795	0	2315
gene-b0026	NC_000913.3	22391	25207	+	2817	15360	7174	7526	16353	0	15838	17350	4388	5802	0	10079
gene-b0027	NC_000913.3	25207	25701	+	495	1630	865	862	1762	0	1662	2186	430	797	0	1241
gene-b0028	NC_000913.3	25826	26275	+	450	1248	534	537	1187	0	1037	1325	334	380	0	600
gene-b0029	NC_000913.3	26277	27227	+	951	1798	996	1021	2064	0	1730	2263	464	843	0	1089
gene-b0030	NC_000913.3	27293	28207	+	915	402	172	164	436	0	291	517	131	181	0	279
gene-b0031	NC_000913.3	28374	29195	+	822	3916	3391	3114	5592	0	5576	7819	1809	2702	0	4533
gene-b0032	NC_000913.3	29651	30799	+	1149	11003	4883	5293	8661	0	10469	10255	3386	4637	0	10826
gene-b0033	NC_000913.3	30817	34038	+	3222	20166	8560	9186	17765	0	19881	20563	5488	8550	0	19034
gene-b0034	NC_000913.3	34300	34695	+	396	941	171	165	267	0	220	266	62	140	0	148
gene-b0035	NC_000913.3	34781	35371	-	591	61	26	27	84	0	42	33	8	42	0	24
gene-b0036	NC_000913.3	35377	36162	-	786	60	12	11	19	0	18	18	16	27	0	20
gene-b0037	NC_000913.3	36271	37824	-	1554	167	146	106	190	0	141	166	42	105	0	41
gene-b0038	NC_000913.3	37898	39115	-	1218	85	36	38	78	0	79	120	30	59	0	32
gene-b0039	NC_000913.3	39244	40386	-	1143	157	105	92	152	0	108	189	41	110	0	73
gene-b0040	NC_000913.3	40417	41931	-	1515	14	27	22	35	0	19	22	6	37	0	18
gene-b0041	NC_000913.3	42403	43173	+	771	20	20	10	26	0	24	29	7	44	0	18
gene-b0042	NC_000913.3	43188	44129	+	942	20	13	20	30	0	30	34	7	28	0	15
gene-b0043	NC_000913.3	44180	45466	+	1287	13	19	27	15	0	67	21	4	48	0	29
gene-b0044	NC_000913.3	45463	45750	+	288	2	3	8	3	0	8	1	3	6	0	3
gene-b0045	NC_000913.3	45807	47138	+	1332	18	28	23	18	0	36	24	7	51	0	2
gene-b0046	NC_000913.3	47246	47776	+	531	146	88	89	167	0	162	186	58	114	0	146
gene-b0047	NC_000913.3	47769	49631	+	1863	313	293	308	337	0	423	478	88	316	0	287
gene-b0048	NC_000913.3	49823	50302	+	480	948	713	679	1054	0	864	1180	198	786	0	734
gene-b0049	NC_000913.3	50380	51222	-	843	425	317	311	511	0	591	439	92	385	0	481
gene-b0050	NC_000913.3	51229	51606	-	378	324	349	336	441	0	552	368	97	309	0	368
gene-b0051	NC_000913.3	51609	52430	-	822	1238	881	998	1258	0	1674	1372	306	735	0	1210
gene-b0052	NC_000913.3	52427	53416	-	990	980	634	625	1025	0	1407	905	301	778	0	862
gene-b0053	NC_000913.3	53416	54702	-	1287	4926	3253	3220	5968	0	5241	6737	1521	2946	0	3828
gene-b0054	NC_000913.3	54755	57109	-	2355	9233	5706	6049	10463	0	9535	10939	3070	5416	0	6561
gene-b0055	NC_000913.3	57364	58179	+	816	518	438	453	588	0	487	714	173	422	0	449
gene-b0056	NC_000913.3	58474	59124	+	651	495	370	346	548	0	491	471	107	0	0	0
gene-b0057	NC_000913.3	59121	59279	+	159	104	139	118	174	0	216	82	19	0	0	0
gene-b0058	NC_000913.3	59687	60346	-	660	434	240	226	613	0	405	679	152	228	0	227
gene-b0059	NC_000913.3	60358	63264	-	2907	1854	825	921	3117	0	1912	3177	846	775	0	1302
gene-b0060	NC_000913.3	63429	65780	-	2352	381	267	231	427	0	367	456	84	379	0	301
gene-b0061	NC_000913.3	65855	66550	-	696	23	9	14	34	0	22	32	7	38	0	21
gene-b0062	NC_000913.3	66835	68337	-	1503	109	82	50	133	0	91	134	36	144	0	129
gene-b0063	NC_000913.3	68348	70048	-	1701	53	50	50	79	0	76	60	8	102	0	59
gene-b0064	NC_000913.3	70387	71265	+	879	810	334	328	578	0	514	789	137	479	0	583
gene-b0065	NC_000913.3	71351	72115	+	765	336	264	240	399	0	347	434	79	238	0	260
gene-b0066	NC_000913.3	72229	72927	-	699	313	229	193	311	0	346	364	82	319	0	378
gene-b0067	NC_000913.3	72911	74521	-	1611	570	372	359	565	0	651	538	139	462	0	624
gene-b0068	NC_000913.3	74497	75480	-	984	1899	1039	1086	1964	0	2064	1667	505	1381	0	1753
gene-b4762	NC_000913.3	75516	75608	-	93	30	59	56	142	0	136	36	5	9	0	14
gene-b0069	NC_000913.3	75644	77299	-	1656	504	268	261	587	0	500	626	135	256	0	256
gene-b4577	NC_000913.3	77367	77593	+	227	2	0	0	2	0	2	0	0	0	0	0
gene-b4662	NC_000913.3	77388	77519	+	132	0	0	0	0	0	0	0	0	0	0	0
gene-b0070	NC_000913.3	77621	78799	+	1179	447	344	270	489	0	404	431	121	306	0	233
gene-b0071	NC_000913.3	78848	79453	-	606	6838	2985	3136	6512	0	6910	5999	1644	3147	0	5145
gene-b0072	NC_000913.3	79464	80864	-	1401	15240	6010	6379	13742	0	15192	12717	4263	6250	0	11085
gene-b0073	NC_000913.3	80867	81958	-	1092	11309	3875	3997	9917	0	10360	8971	2908	4274	0	7872
gene-b0074	NC_000913.3	81958	83529	-	1572	12974	5509	5488	12433	0	11235	12301	3791	4876	0	7219
gene-b0075	NC_000913.3	83622	83708	-	87	1905	1748	1275	2168	0	1592	3334	137	2250	0	1184
gene-b0076	NC_000913.3	84368	85312	+	945	87	56	43	83	0	53	72	23	54	0	24
gene-b4726	NC_000913.3	85467	85511	-	45	2	1	1	0	0	0	2	1	0	0	1
gene-b0077	NC_000913.3	85630	87354	+	1725	6598	3166	3213	5954	0	5402	6576	1850	2785	0	4113
gene-b0078	NC_000913.3	87357	87848	+	492	2072	1075	1025	1853	0	1691	1733	556	1091	0	1257
gene-b0080	NC_000913.3	88028	89032	+	1005	2393	1121	1065	2127	0	1664	2296	435	1197	0	1702
gene-b0081	NC_000913.3	89634	90092	+	459	1327	1119	1064	1576	0	1320	1326	302	1302	0	1060
gene-b0082	NC_000913.3	90094	91035	+	942	1638	1391	1268	2134	0	1622	2100	408	1341	0	1261
gene-b0083	NC_000913.3	91032	91397	+	366	433	359	401	631	0	509	450	91	381	0	333
gene-b0084	NC_000913.3	91413	93179	+	1767	1301	1374	1301	1702	0	1407	1619	266	1351	0	1077
gene-b4810	NC_000913.3	92485	92658	+	174	0	0	0	0	0	0	0	0	0	0	0
gene-b0085	NC_000913.3	93166	94653	+	1488	2315	1663	1682	2530	0	2380	2536	594	1795	0	1925
gene-b0086	NC_000913.3	94650	96008	+	1359	1967	1411	1342	2011	0	2216	1936	507	1208	0	1636
gene-b0087	NC_000913.3	96002	97084	+	1083	1060	839	887	1204	0	1146	1191	271	717	0	913
gene-b0088	NC_000913.3	97087	98403	+	1317	1908	1222	1211	2141	0	2031	2164	477	1362	0	1625
gene-b0089	NC_000913.3	98403	99647	+	1245	1158	1195	1012	1279	0	1385	1320	234	1169	0	1198
gene-b0090	NC_000913.3	99644	100711	+	1068	1204	928	878	1441	0	1472	1283	311	831	0	1023
gene-b0091	NC_000913.3	100765	102240	+	1476	2411	1803	1659	2720	0	2574	2903	506	1582	0	1813
gene-b0092	NC_000913.3	102233	103153	+	921	1571	1327	1264	2070	0	1883	1962	389	1522	0	1568
gene-b0093	NC_000913.3	103155	103985	+	831	1304	1261	1102	1555	0	1440	1532	434	1445	0	1178
gene-b0094	NC_000913.3	103982	105244	+	1263	2857	2266	1890	2788	0	3171	2622	814	2242	0	2221
gene-b0095	NC_000913.3	105305	106456	+	1152	8935	4422	4365	8324	0	9355	8570	2397	4398	0	6702
gene-b0096	NC_000913.3	106557	107474	+	918	14192	10207	10360	15452	0	13685	17971	2708	10141	0	10349
gene-b0097	NC_000913.3	107705	108217	+	513	2345	1317	1323	2298	0	1955	2403	592	1386	0	1331
gene-b0098	NC_000913.3	108279	110984	+	2706	8503	4308	4226	8221	0	7390	8844	2124	3880	0	5374
gene-b0099	NC_000913.3	111044	111433	+	390	482	158	169	276	0	228	393	120	152	0	187
gene-b0101	NC_000913.3	111649	111846	-	198	381	252	262	461	0	375	585	136	227	0	234
gene-b0102	NC_000913.3	111856	112599	-	744	1071	568	477	1574	0	1231	1332	347	381	0	725
gene-b0103	NC_000913.3	112599	113219	-	621	774	360	333	1106	0	693	987	243	331	0	448
gene-b4727	NC_000913.3	113244	113288	+	45	2	4	0	90	0	78	13	2	4	0	2
gene-b0104	NC_000913.3	113444	114487	+	1044	5195	2930	2925	8057	0	5560	6945	1424	2327	0	3766
gene-b0106	NC_000913.3	114522	115724	-	1203	89	81	78	133	0	109	112	19	89	0	62
gene-b0107	NC_000913.3	115714	117099	-	1386	158	103	76	171	0	113	167	18	142	0	89
gene-b0108	NC_000913.3	117109	117549	-	441	13	8	10	9	0	18	16	6	12	0	7
gene-b0109	NC_000913.3	117752	118645	-	894	1054	615	539	1219	0	1083	1246	370	589	0	699
gene-b0110	NC_000913.3	118733	119284	+	552	223	195	169	334	0	254	319	70	208	0	218
gene-b0111	NC_000913.3	119281	120135	+	855	321	243	271	439	0	396	381	90	239	0	268
gene-b0112	NC_000913.3	120178	121551	-	1374	11251	7089	6701	10460	0	10029	12148	2503	8835	0	10753
gene-b0113	NC_000913.3	122092	122856	+	765	2258	1179	1174	2409	0	1808	2823	551	1081	0	1417
gene-b0114	NC_000913.3	123017	125680	+	2664	37088	13815	14311	32859	0	39245	36463	12486	11366	0	24780
gene-b0115	NC_000913.3	125695	127587	+	1893	18851	7620	7715	17340	0	19762	19630	5761	6361	0	13314
gene-b0116	NC_000913.3	127912	129336	+	1425	27480	12699	12859	24264	0	24350	27026	8534	15065	0	25338
gene-b0117	NC_000913.3	129407	131260	-	1854	192	120	92	163	0	93	173	37	143	0	77
gene-b0118	NC_000913.3	131615	134212	+	2598	28046	17559	19080	26154	0	37698	27566	7442	21381	0	40532
gene-b0119	NC_000913.3	134388	134750	+	363	714	195	206	444	0	340	365	114	260	0	238
gene-b0120	NC_000913.3	134788	135582	-	795	3623	2425	2753	3233	0	5439	3366	1419	2522	0	4299
gene-b0121	NC_000913.3	135598	136464	-	867	3485	2401	2550	3396	0	4995	3360	1118	2295	0	4143
gene-b0122	NC_000913.3	136570	136917	-	348	419	373	379	578	0	566	596	163	538	0	334
gene-b0123	NC_000913.3	137083	138633	+	1551	2959	2024	1794	3522	0	3200	3400	1006	1328	0	1852
gene-b0124	NC_000913.3	138835	141225	-	2391	1372	1110	1205	1433	0	1978	1625	462	949	0	1036
gene-b0125	NC_000913.3	141431	141967	+	537	1659	1389	1491	2144	0	1922	2502	485	1000	0	1127
gene-b0126	NC_000913.3	142008	142670	-	663	9538	5896	5874	11175	0	9773	12645	2840	8333	0	8906
gene-b0127	NC_000913.3	142779	143705	+	927	723	359	347	778	0	740	720	231	367	0	420
gene-b0128	NC_000913.3	143702	144472	+	771	438	278	299	475	0	404	422	113	176	0	219
gene-b0129	NC_000913.3	144577	145017	+	441	89	70	83	138	0	111	139	26	140	0	111
gene-b0130	NC_000913.3	145081	146310	+	1230	190	200	188	292	0	270	329	91	222	0	170
gene-b0131	NC_000913.3	146314	146694	-	381	4440	3391	3330	7080	0	5747	8503	1386	3158	0	4349
gene-b0132	NC_000913.3	146968	147870	+	903	115	112	125	140	0	156	123	48	134	0	104
gene-b0133	NC_000913.3	147944	148795	-	852	4340	2701	2810	5477	0	4402	5314	1070	1787	0	2815
gene-b0134	NC_000913.3	148807	149601	-	795	3973	1584	1662	4356	0	3472	4235	994	1354	0	2225
gene-b0135	NC_000913.3	149715	150953	-	1239	129	55	59	88	0	88	88	12	0	0	0
gene-b0136	NC_000913.3	151003	151599	-	597	17	18	17	9	0	7	19	2	0	0	0
gene-b0137	NC_000913.3	151626	152231	-	606	31	22	18	18	0	33	27	4	0	0	0
gene-b0138	NC_000913.3	152243	152812	-	570	31	19	20	25	0	23	16	4	0	0	0
gene-b0139	NC_000913.3	152829	155426	-	2598	112	101	85	121	0	87	86	20	0	0	0
gene-b0140	NC_000913.3	155461	156201	-	741	18	17	14	40	0	15	31	5	0	0	0
gene-b0141	NC_000913.3	156299	156883	-	585	10	17	9	17	0	9	26	6	0	0	0
gene-b0142	NC_000913.3	157253	157732	-	480	284	155	217	300	0	436	279	74	207	0	308
gene-b0143	NC_000913.3	157729	159126	-	1398	5307	3198	3169	5414	0	5507	5920	1234	3171	0	4266
gene-b0144	NC_000913.3	159186	160112	-	927	600	158	200	520	0	295	495	103	278	0	391
gene-b0145	NC_000913.3	160149	160604	-	456	5989	5917	5812	7309	0	6850	8822	1149	8358	0	8111
gene-b0146	NC_000913.3	160782	161486	-	705	378	501	439	472	0	616	571	199	511	0	521
gene-b0147	NC_000913.3	161501	162031	-	531	286	211	185	405	0	302	419	86	224	0	284
gene-b0148	NC_000913.3	162105	164534	+	2430	1042	669	610	1276	0	901	1539	303	813	0	832
gene-b0149	NC_000913.3	164730	167264	+	2535	2198	1595	1569	2945	0	2268	3465	626	2077	0	2535
gene-b0150	NC_000913.3	167484	169727	+	2244	9325	5903	5571	10650	0	7555	10531	2322	11086	0	7552
gene-b0151	NC_000913.3	169778	170575	+	798	572	406	367	937	0	703	807	130	704	0	586
gene-b0152	NC_000913.3	170575	171465	+	891	399	405	387	533	0	511	559	107	655	0	358
gene-b0153	NC_000913.3	171462	173444	+	1983	688	605	602	901	0	676	907	162	949	0	605
gene-b0154	NC_000913.3	173602	174882	-	1281	4393	1994	2052	4247	0	3725	5031	1271	2657	0	3936
gene-b4765	NC_000913.3	175048	175095	+	48	10	55	44	35	0	28	26	6	37	0	31
gene-b0155	NC_000913.3	175107	176528	+	1422	516	523	433	710	0	645	612	163	510	0	461
gene-b4728	NC_000913.3	176552	176617	+	66	0	0	0	11	0	12	0	0	1	0	0
gene-b0156	NC_000913.3	176610	176954	+	345	1519	1498	1368	1987	0	1990	1978	336	1200	0	1492
gene-b0157	NC_000913.3	177001	177624	-	624	257	252	231	375	0	300	270	52	215	0	213
gene-b0158	NC_000913.3	177662	178462	-	801	258	130	144	235	0	239	179	72	180	0	188
gene-b0159	NC_000913.3	178455	179153	-	699	2505	1336	1444	3089	0	2255	3171	631	1351	0	1910
gene-b0160	NC_000913.3	179237	180754	+	1518	707	468	471	818	0	849	897	233	560	0	630
gene-b0161	NC_000913.3	180884	182308	+	1425	2323	1581	1504	2677	0	2479	2140	441	2052	0	2408
gene-b0162	NC_000913.3	182463	183620	+	1158	154	137	115	120	0	146	174	36	207	0	165
gene-b0163	NC_000913.3	183709	184095	-	387	1511	965	872	1267	0	1437	1347	312	1353	0	1231
gene-b0164	NC_000913.3	184257	185069	-	813	212	73	103	159	0	145	164	59	124	0	168
gene-b0166	NC_000913.3	185123	185947	-	825	18668	8754	8569	25317	0	16034	30797	6871	9309	0	14808
gene-b0167	NC_000913.3	185978	188650	-	2673	1936	1081	1073	1865	0	1725	1840	529	972	0	1172
gene-b0168	NC_000913.3	188712	189506	-	795	4211	2585	2412	5223	0	4225	5831	1234	2185	0	2496
gene-b4414	NC_000913.3	189712	189847	+	136	7182	5538	5503	8658	0	14420	4195	1154	7558	0	4598
gene-b0169	NC_000913.3	189874	190599	+	726	37881	22353	22760	43547	0	43065	47960	11507	21361	0	33081
gene-b0170	NC_000913.3	190857	191708	+	852	22288	9268	9640	21511	0	21182	26246	5631	10198	0	18384
gene-b0171	NC_000913.3	191855	192580	+	726	7514	1418	1375	3973	0	3253	4389	1568	1717	0	2721
gene-b0172	NC_000913.3	192872	193429	+	558	11510	7086	6787	12700	0	8953	14924	2783	7187	0	7569
gene-b0173	NC_000913.3	193521	194717	+	1197	803	351	333	610	0	539	657	212	372	0	389
gene-b4809	NC_000913.3	194784	194844	+	61	45	109	111	190	0	155	16	1	16	0	36
gene-b0174	NC_000913.3	194903	195664	+	762	2782	1790	1667	2889	0	2097	3291	758	1965	0	2113
gene-b0175	NC_000913.3	195677	196534	+	858	1564	1007	964	1720	0	1159	1894	396	964	0	1169
gene-b0176	NC_000913.3	196546	197898	+	1353	4397	3785	3621	4596	0	3981	4713	1087	3744	0	3640
gene-b0177	NC_000913.3	197928	200360	+	2433	16316	8061	7920	14101	0	13867	15091	4323	9808	0	12246
gene-b0178	NC_000913.3	200482	200967	+	486	8143	4477	4496	9138	0	7548	9844	2040	5204	0	6285
gene-b0179	NC_000913.3	200971	201996	+	1026	11207	5343	5151	11052	0	9434	12264	2628	6053	0	7000
gene-b0180	NC_000913.3	202101	202556	+	456	5865	2635	2450	6213	0	3822	6877	1870	2328	0	2848
gene-b0181	NC_000913.3	202560	203348	+	789	6667	2587	2544	6702	0	3974	6810	1137	1946	0	2738
gene-b0182	NC_000913.3	203348	204496	+	1149	3329	877	941	2750	0	1804	2654	576	1081	0	1621
gene-b0183	NC_000913.3	204493	205089	+	597	910	278	247	816	0	583	774	185	364	0	444
gene-b0184	NC_000913.3	205126	208608	+	3483	6827	2970	2914	6484	0	4576	7260	1465	3211	0	3941
gene-b0185	NC_000913.3	208621	209580	+	960	6635	2995	3259	7495	0	5866	7848	1680	2915	0	4745
gene-b0186	NC_000913.3	209679	211820	+	2142	880	287	263	441	0	452	389	121	334	0	335
gene-b0187	NC_000913.3	211877	212266	+	390	236	137	106	225	0	183	204	81	132	0	182
gene-b0188	NC_000913.3	212331	213629	+	1299	737	518	395	927	0	854	965	269	499	0	636
gene-b0189	NC_000913.3	213678	213932	-	255	350	329	319	579	0	438	595	69	389	0	450
gene-b4406	NC_000913.3	213925	214125	-	201	548	368	369	657	0	520	802	107	680	0	579
gene-b0190	NC_000913.3	214291	214836	+	546	409	184	232	409	0	324	396	102	201	0	203
gene-b0191	NC_000913.3	214833	215255	+	423	163	94	106	232	0	226	168	72	137	0	102
gene-b0192	NC_000913.3	215269	215979	+	711	463	245	312	541	0	453	609	143	245	0	284
gene-b0193	NC_000913.3	216179	217003	-	825	165	68	99	112	0	91	163	31	87	0	62
gene-b0194	NC_000913.3	217057	218775	-	1719	12150	5800	5822	12056	0	11034	13602	2818	4355	0	6952
gene-b0195	NC_000913.3	218887	219594	-	708	766	370	432	780	0	684	768	152	390	0	458
gene-b0196	NC_000913.3	219591	219995	-	405	1350	640	667	1301	0	1207	1347	444	804	0	881
gene-b0197	NC_000913.3	220113	220928	-	816	11904	8140	8074	11675	0	14132	11571	3151	9415	0	14744
gene-b0198	NC_000913.3	220968	221621	-	654	1870	1617	1459	2187	0	2427	1864	434	1449	0	2329
gene-b0199	NC_000913.3	221614	222645	-	1032	4447	2948	2880	5235	0	4968	5354	950	3321	0	5328
gene-b0200	NC_000913.3	222833	223408	+	576	757	485	386	869	0	678	976	273	492	0	554
gene-b0201	NC_000913.3	223771	225312	+	1542	53	1418	55	112	0	43	130	40463	37	0	53
gene-b0202	NC_000913.3	225381	225457	+	77	0	315	264	101	0	100	7	0	0	0	0
gene-b0203	NC_000913.3	225500	225575	+	76	386	642	543	369	0	277	849	203	2	0	0
gene-b0204	NC_000913.3	225759	228662	+	2904	73	4869	151	439	0	84	415	128768	89	0	138
gene-b0205	NC_000913.3	228756	228875	+	120	0	1	0	0	0	0	0	2	6	0	0
gene-b0206	NC_000913.3	228928	229004	+	77	110	147	100	125	0	123	177	22	325	0	134
gene-b0207	NC_000913.3	229167	229970	+	804	359	234	191	492	0	365	451	129	207	0	207
gene-b0208	NC_000913.3	229967	230881	-	915	492	230	221	425	0	321	450	87	275	0	232
gene-b0209	NC_000913.3	231122	231922	+	801	1102	820	812	1046	0	1072	1167	242	839	0	760
gene-b0210	NC_000913.3	231926	232549	+	624	164	191	121	164	0	150	191	37	98	0	30
gene-b0211	NC_000913.3	232597	233955	-	1359	11514	5867	5907	10147	0	8787	13190	2475	8377	0	7433
gene-b0212	NC_000913.3	234027	234782	-	756	410	337	378	539	0	591	579	151	498	0	428
gene-b4815	NC_000913.3	234288	234320	+	33	0	0	0	0	0	0	0	0	0	0	0
gene-b0213	NC_000913.3	234816	235538	+	723	441	238	284	499	0	535	522	116	347	0	452
gene-b0214	NC_000913.3	235535	236002	-	468	355	294	300	578	0	456	590	147	264	0	293
gene-b0215	NC_000913.3	236067	236798	+	732	1167	797	755	1604	0	1156	1856	331	919	0	987
gene-b0216	NC_000913.3	236931	237007	+	77	645	618	544	575	0	911	1023	122	420	0	397
gene-b0217	NC_000913.3	237335	238120	+	786	58	24	25	56	0	44	75	25	0	0	0
gene-b4586	NC_000913.3	238257	238736	-	480	8	17	14	20	0	11	25	4	0	0	0
gene-b0219	NC_000913.3	239419	240189	-	771	259	193	206	317	0	291	411	60	206	0	250
gene-b0220	NC_000913.3	240343	240816	+	474	888	663	645	976	0	973	827	219	760	0	537
gene-b0221	NC_000913.3	240859	243303	-	2445	664	295	368	544	0	606	510	131	525	0	633
gene-b0222	NC_000913.3	243543	244121	+	579	2965	1450	1527	3423	0	2696	4233	813	1413	0	2200
gene-b0223	NC_000913.3	244327	245094	+	768	1091	523	544	1107	0	1005	1234	387	645	0	843
gene-b0224	NC_000913.3	245065	245805	-	741	1962	1840	1870	3386	0	2581	2825	654	1293	0	1164
gene-b0225	NC_000913.3	245961	246239	-	279	260	106	109	279	0	201	238	88	168	0	166
gene-b0226	NC_000913.3	246242	246502	-	261	629	568	490	658	0	640	547	128	394	0	246
gene-b0227	NC_000913.3	246712	247461	+	750	42	28	41	59	0	39	42	10	44	0	21
gene-b0228	NC_000913.3	247637	248134	+	498	150	110	89	104	0	124	95	22	75	0	39
gene-b0231	NC_000913.3	250898	251953	+	1056	191	145	145	246	0	257	222	71	223	0	163
gene-b0232	NC_000913.3	252005	252298	+	294	104	57	47	93	0	101	71	16	80	0	91
gene-b0233	NC_000913.3	252301	252699	+	399	54	38	29	77	0	74	57	16	31	0	40
gene-b0234	NC_000913.3	252709	253161	+	453	53	49	20	57	0	40	59	4	0	0	0
gene-b0237	NC_000913.3	254259	255716	-	1458	4464	2660	2705	4839	0	5052	5556	1578	2329	0	2938
gene-b0238	NC_000913.3	255977	256435	+	459	1942	1337	1275	2047	0	1899	2415	492	1215	0	1560
gene-b0239	NC_000913.3	256527	257771	+	1245	970	579	497	1163	0	858	1336	284	654	0	734
gene-b4710	NC_000913.3	257923	258426	-	504	0	0	0	0	0	0	0	0	6	0	4
gene-b4709	NC_000913.3	258345	258620	-	276	0	0	0	0	0	0	0	0	2	0	2
gene-b0241	NC_000913.3	259045	260100	-	1056	277	125	140	229	0	237	250	81	271	0	242
gene-b0242	NC_000913.3	260388	261491	+	1104	3549	1528	1598	4116	0	3081	4039	987	1884	0	2488
gene-b0243	NC_000913.3	261503	262756	+	1254	3107	1794	1841	3626	0	3093	3893	876	1850	0	2437
gene-b0244	NC_000913.3	262871	262946	+	76	612	659	522	509	0	568	716	111	460	0	228
gene-b0245	NC_000913.3	263328	263669	-	342	120	73	38	96	0	64	139	17	0	0	0
gene-b0246	NC_000913.3	263690	264007	-	318	32	19	10	35	0	35	28	7	3	0	5
gene-b4504	NC_000913.3	264026	264247	-	222	5	14	4	7	0	9	8	5	0	0	0
gene-b0247	NC_000913.3	264256	264732	-	477	38	19	17	31	0	18	33	3	0	0	0
gene-b0248	NC_000913.3	264748	265206	-	459	155	126	141	180	0	208	184	40	30	0	26
gene-b0249	NC_000913.3	265304	265543	-	240	64	55	41	81	0	61	80	18	0	0	0
gene-b0250	NC_000913.3	265620	266087	-	468	156	468	492	258	0	884	251	52	0	0	0
gene-b0251	NC_000913.3	266110	266553	-	444	47	115	108	73	0	209	58	32	0	0	0
gene-b0252	NC_000913.3	267184	268005	-	822	89	92	73	99	0	66	75	54	0	0	0
gene-b0253	NC_000913.3	268097	268960	-	864	308	127	95	266	0	145	228	45	1	0	0
gene-b0254	NC_000913.3	269289	270182	-	894	131	122	122	173	0	134	154	42	0	0	0
gene-b0256	NC_000913.3	270603	271754	+	1152	208	201	189	159	0	244	235	90	258	0	268
gene-b4690	NC_000913.3	272580	272654	+	75	48	38	22	56	0	45	70	33	0	0	0
gene-b0258	NC_000913.3	272847	273992	+	1146	203	154	156	238	0	265	269	67	0	0	0
gene-b0259	NC_000913.3	274101	275081	-	981	18	15	8	8	0	8	9	2	0	0	0
gene-b0260	NC_000913.3	275325	276728	+	1404	485	400	411	603	0	688	578	130	0	0	0
gene-b0261	NC_000913.3	276715	277647	+	933	378	319	276	730	0	634	659	143	0	0	0
gene-b0262	NC_000913.3	277756	278802	-	1047	79	31	28	106	0	62	102	18	0	0	0
gene-b0264	NC_000913.3	279178	279681	-	504	13	6	7	5	0	7	6	3	0	0	0
gene-b0265	NC_000913.3	279600	279875	-	276	13	14	11	14	0	13	26	9	0	0	0
gene-b0266	NC_000913.3	280385	280735	-	351	257	214	207	273	0	287	405	73	53	0	29
gene-b0267	NC_000913.3	280829	281983	-	1155	38	17	12	17	0	24	30	4	0	0	0
gene-b0268	NC_000913.3	282278	283186	+	909	112	39	35	77	0	66	69	32	0	0	0
gene-b0269	NC_000913.3	283201	285168	+	1968	241	93	89	204	0	157	167	59	0	0	0
gene-b0270	NC_000913.3	285395	286777	+	1383	98	39	28	59	0	43	41	24	0	0	0
gene-b0271	NC_000913.3	286789	288399	+	1611	195	52	59	164	0	156	128	31	0	0	0
gene-b0272	NC_000913.3	288404	289162	-	759	830	590	488	1180	0	863	1268	290	0	0	0
gene-b0273	NC_000913.3	289301	290305	-	1005	3169	1656	1669	4267	0	3927	3865	1429	0	0	0
gene-b4766	NC_000913.3	290275	290370	-	96	8	2	7	16	0	4	6	0	0	0	0
gene-b4688	NC_000913.3	290510	290638	+	129	11	26	26	42	0	27	26	3	0	0	0
gene-b0274	NC_000913.3	290649	291152	-	504	4	17	19	33	0	26	10	1	0	0	0
gene-b0275	NC_000913.3	291071	291346	-	276	0	1	0	0	0	0	3	0	0	0	0
gene-b0276	NC_000913.3	291500	292231	+	732	184	141	154	209	0	152	251	44	0	0	0
gene-b0277	NC_000913.3	292322	292948	-	627	221	132	135	251	0	105	220	31	0	0	0
gene-b0278	NC_000913.3	293220	293918	-	699	82	25	13	42	0	45	66	14	0	0	0
gene-b0279	NC_000913.3	293945	294799	-	855	36	13	12	27	0	30	22	6	0	0	0
gene-b4729	NC_000913.3	294918	295142	-	225	9	10	6	18	0	23	8	4	0	0	0
gene-b0280	NC_000913.3	295139	295579	-	441	1230	818	902	1684	0	1617	1538	417	0	0	0
gene-b0281	NC_000913.3	295696	297096	-	1401	1773	1185	870	2284	0	1396	1835	563	0	0	0
gene-b0282	NC_000913.3	297381	297791	-	411	45	38	34	72	0	50	66	15	87	0	50
gene-b0283	NC_000913.3	297770	298726	-	957	47	22	36	36	0	39	37	11	49	0	36
gene-b0284	NC_000913.3	298736	300934	-	2199	61	62	51	68	0	69	74	13	137	0	60
gene-b0285	NC_000913.3	300931	301887	-	957	15	27	35	37	0	37	41	8	56	0	15
gene-b0286	NC_000913.3	301884	302573	-	690	18	20	27	22	0	35	26	10	32	0	16
gene-b0287	NC_000913.3	302991	303605	+	615	1565	923	1092	1540	0	1376	958	232	1822	0	1985
gene-b0288	NC_000913.3	303853	304182	-	330	326	150	140	247	0	159	224	58	193	0	168
gene-b0289	NC_000913.3	304495	305205	-	711	120	93	90	134	0	93	144	27	108	0	71
gene-b0290	NC_000913.3	305174	306817	-	1644	162	146	93	233	0	188	247	49	177	0	116
gene-b0291	NC_000913.3	306807	309332	-	2526	180	97	132	160	0	128	153	25	155	0	80
gene-b0292	NC_000913.3	309358	310026	-	669	18	11	18	32	0	39	18	2	44	0	31
gene-b0293	NC_000913.3	310084	310671	-	588	270	98	97	161	0	126	157	26	243	0	248
gene-b0294	NC_000913.3	310746	311336	-	591	58	30	16	36	0	31	31	2	110	0	64
gene-b0295	NC_000913.3	312112	312339	+	228	34	42	32	38	0	34	28	9	57	0	30
gene-b4506	NC_000913.3	312374	312514	-	141	3	15	10	24	0	9	14	1	1	0	4
gene-b0296	NC_000913.3	312514	312777	-	264	27	57	44	37	0	41	46	10	54	0	27
gene-b4671	NC_000913.3	313141	313242	-	102	4	3	2	4	0	2	20	0	28	0	9
gene-b0298	NC_000913.3	315291	315590	+	300	2	2	0	6	0	3	4	2	0	0	0
gene-b0299	NC_000913.3	315587	316453	+	867	28	25	12	18	0	14	22	4	0	0	0
gene-b0301	NC_000913.3	317726	318319	-	594	24	5	15	28	0	29	30	9	35	0	19
gene-b0303	NC_000913.3	318331	318567	-	237	7	3	7	13	0	14	13	2	16	0	16
gene-b0304	NC_000913.3	318676	320001	-	1326	32	55	47	62	0	86	41	8	90	0	134
gene-b0305	NC_000913.3	320227	321081	+	855	92	85	70	102	0	88	103	36	134	0	125
gene-b0306	NC_000913.3	321608	322327	+	720	60	28	19	43	0	50	38	5	72	0	81
gene-b0307	NC_000913.3	322338	323765	+	1428	142	69	76	99	0	154	136	36	164	0	179
gene-b0308	NC_000913.3	323758	324453	+	696	122	99	69	100	0	98	76	24	110	0	108
gene-b0310	NC_000913.3	324696	325364	-	669	27	34	13	25	0	17	57	6	59	0	29
gene-b0311	NC_000913.3	325577	327247	-	1671	503	226	189	382	0	382	497	169	339	0	412
gene-b0312	NC_000913.3	327261	328733	-	1473	1036	340	403	843	0	676	898	300	549	0	603
gene-b0313	NC_000913.3	328747	329334	-	588	1042	369	350	820	0	577	989	209	669	0	516
gene-b0314	NC_000913.3	329463	331496	+	2034	762	462	485	933	0	635	1066	163	624	0	640
gene-b4730	NC_000913.3	331802	331876	+	75	4	2	5	3	0	0	6	9	2	0	4
gene-b0315	NC_000913.3	332371	333459	+	1089	290	667	826	1432	0	1003	308	107	1320	0	1770
gene-b0316	NC_000913.3	333501	334433	-	933	193	132	151	218	0	204	193	37	188	0	206
gene-b0317	NC_000913.3	334525	335022	-	498	10	5	10	12	0	9	4	4	19	0	6
gene-b0318	NC_000913.3	335280	335885	+	606	28	24	21	32	0	23	18	6	34	0	37
gene-b0319	NC_000913.3	335925	336788	+	864	7	7	10	5	0	9	6	2	12	0	13
gene-b0320	NC_000913.3	336778	338325	+	1548	25	31	17	16	0	14	24	2	73	0	16
gene-b0321	NC_000913.3	338325	339743	+	1419	28	28	24	44	0	40	63	4	53	0	29
gene-b0322	NC_000913.3	339769	340089	+	321	4	28	16	17	0	10	16	3	22	0	22
gene-b0323	NC_000913.3	340165	341115	+	951	40	40	23	39	0	35	51	17	52	0	21
gene-b0324	NC_000913.3	341125	342507	+	1383	435	182	203	419	0	439	511	132	245	0	213
gene-b0325	NC_000913.3	342884	343933	+	1050	299	497	501	612	0	874	606	164	528	0	503
gene-b0326	NC_000913.3	344176	344991	+	816	8	4	13	9	0	14	17	4	27	0	9
gene-b0327	NC_000913.3	345404	345649	+	246	88	77	67	74	0	53	108	16	118	0	71
gene-b0328	NC_000913.3	345666	346337	-	672	50	21	37	85	0	38	43	4	73	0	76
gene-b0329	NC_000913.3	346484	346759	+	276	117	598	707	450	0	668	194	25	888	0	574
gene-b0330	NC_000913.3	346857	348443	-	1587	31	56	58	74	0	74	44	16	230	0	143
gene-b0331	NC_000913.3	348682	349572	+	891	11	15	14	32	0	19	32	3	55	0	10
gene-b0333	NC_000913.3	350012	351181	+	1170	28	15	9	17	0	35	36	5	42	0	24
gene-b0334	NC_000913.3	351215	352666	+	1452	16	23	18	20	0	17	27	8	60	0	20
gene-b0335	NC_000913.3	352706	354592	+	1887	60	62	20	57	0	30	73	13	68	0	43
gene-b0336	NC_000913.3	354922	356181	+	1260	1473	1331	1212	1380	0	2533	1405	503	421	0	874
gene-b0337	NC_000913.3	356171	357454	+	1284	2528	1915	1893	2867	0	4379	2972	1080	944	0	1914
gene-b0338	NC_000913.3	357791	358690	-	900	250	142	123	228	0	195	242	52	111	0	82
gene-b0339	NC_000913.3	358799	359458	+	660	46	52	30	65	0	59	85	19	67	0	35
gene-b0340	NC_000913.3	359489	359959	+	471	40	33	30	36	0	68	36	15	23	0	27
gene-b0341	NC_000913.3	359992	361146	+	1155	67	34	40	61	0	53	80	11	70	0	46
gene-b0342	NC_000913.3	361249	361860	-	612	61	17	23	35	0	30	29	9	62	0	27
gene-b0343	NC_000913.3	361926	363179	-	1254	72	50	38	65	0	49	41	20	62	0	61
gene-b0344	NC_000913.3	363231	366305	-	3075	244	77	62	118	0	117	119	40	176	0	111
gene-b0345	NC_000913.3	366428	367510	-	1083	587	368	403	774	0	604	788	155	357	0	562
gene-b0346	NC_000913.3	367587	368420	-	834	410	251	216	491	0	447	461	143	246	0	254
gene-b0347	NC_000913.3	368611	370275	+	1665	50	24	16	45	0	31	45	14	65	0	26
gene-b0348	NC_000913.3	370277	371221	+	945	32	18	30	37	0	38	25	12	36	0	6
gene-b0349	NC_000913.3	371239	372105	+	867	36	23	27	53	0	55	57	0	29	0	25
gene-b0350	NC_000913.3	372115	372924	+	810	28	22	19	26	0	41	15	10	27	0	9
gene-b0351	NC_000913.3	372921	373871	+	951	38	32	43	21	0	52	24	11	42	0	28
gene-b0352	NC_000913.3	373868	374881	+	1014	37	37	23	52	0	50	51	8	32	0	21
gene-b0353	NC_000913.3	375459	376670	+	1212	78	72	37	70	0	68	93	14	103	0	59
gene-b0354	NC_000913.3	376772	377311	+	540	435	294	244	419	0	345	491	188	239	0	229
gene-b0355	NC_000913.3	377535	378368	-	834	794	171	204	644	0	336	823	230	468	0	249
gene-b0356	NC_000913.3	378462	379571	-	1110	1572	344	420	1249	0	670	1346	377	252	0	343
gene-b0357	NC_000913.3	379606	379881	-	276	377	108	115	337	0	201	340	107	64	0	96
gene-b0358	NC_000913.3	380069	380842	-	774	86	83	49	85	0	52	68	2	96	0	68
gene-b0360	NC_000913.3	381351	381716	+	366	4	1	0	1	0	1	1	0	0	0	0
gene-b0361	NC_000913.3	381674	382579	+	906	25	9	35	25	0	23	19	0	0	0	0
gene-b0363	NC_000913.3	382739	383935	-	1197	85	67	53	71	0	73	66	14	66	0	34
gene-b4731	NC_000913.3	383960	384079	+	120	0	0	1	2	0	1	0	0	0	0	0
gene-b0364	NC_000913.3	384059	384616	-	558	12	11	9	18	0	8	23	3	8	0	10
gene-b0365	NC_000913.3	385232	386194	+	963	23	17	24	30	0	38	37	16	66	0	57
gene-b0366	NC_000913.3	386207	386974	+	768	14	12	6	20	0	19	35	10	43	0	75
gene-b0367	NC_000913.3	386971	387798	+	828	14	9	14	19	0	21	21	3	33	0	61
gene-b0368	NC_000913.3	387795	388646	+	852	84	25	40	93	0	74	105	21	89	0	107
gene-b0369	NC_000913.3	388753	389727	-	975	2384	1022	903	2577	0	2052	2651	608	1017	0	1641
gene-b4767	NC_000913.3	391592	391648	-	57	89	79	75	100	0	77	93	14	0	0	0
gene-b0372	NC_000913.3	391739	392605	-	867	73	88	78	73	0	89	32	9	0	0	0
gene-b0373	NC_000913.3	392602	392901	-	300	31	14	13	18	0	6	22	2	0	0	0
gene-b0375	NC_000913.3	394506	395129	+	624	14	11	5	22	0	26	16	0	29	0	23
gene-b0376	NC_000913.3	395130	396287	-	1158	709	458	486	885	0	829	814	200	518	0	727
gene-b0377	NC_000913.3	396639	397859	+	1221	264	252	241	335	0	320	276	72	169	0	191
gene-b0378	NC_000913.3	397872	398966	+	1095	457	323	313	642	0	529	616	117	322	0	336
gene-b0379	NC_000913.3	399025	399333	-	309	52	30	45	75	0	45	44	17	23	0	18
gene-b0380	NC_000913.3	399593	399805	+	213	127	123	97	110	0	124	145	14	189	0	142
gene-b0381	NC_000913.3	399829	400923	-	1095	1086	609	581	1078	0	904	1165	313	708	0	865
gene-b0382	NC_000913.3	401386	401646	+	261	1198	494	479	872	0	807	416	180	575	0	544
gene-b0383	NC_000913.3	401747	403162	+	1416	586	270	223	496	0	353	320	63	443	0	225
gene-b0384	NC_000913.3	403281	403601	+	321	124	172	200	159	0	197	168	23	224	0	137
gene-b0385	NC_000913.3	403703	404818	+	1116	65	51	67	79	0	97	81	14	70	0	24
gene-b0386	NC_000913.3	404835	405644	-	810	1395	739	735	1398	0	1579	1408	311	1052	0	1333
gene-b0387	NC_000913.3	405764	406222	+	459	242	223	192	336	0	286	344	117	217	0	175
gene-b0388	NC_000913.3	406405	406929	+	525	3215	1832	1564	2615	0	2458	3038	737	2932	0	2463
gene-b0389	NC_000913.3	406979	407170	+	192	706	444	387	789	0	845	661	161	724	0	564
gene-b0390	NC_000913.3	407428	408105	+	678	519	294	279	559	0	398	561	88	354	0	392
gene-b0391	NC_000913.3	408177	408461	+	285	1366	642	718	1083	0	1009	1205	177	799	0	868
gene-b4732	NC_000913.3	408947	409030	+	84	81	32	35	90	0	50	68	17	40	0	31
gene-b0393	NC_000913.3	409108	410019	-	912	1459	713	675	1781	0	1458	1941	498	740	0	1067
gene-b0394	NC_000913.3	410144	411052	+	909	285	208	217	333	0	396	308	110	262	0	355
gene-b0396	NC_000913.3	411297	412481	-	1185	280	293	227	319	0	252	359	73	268	0	216
gene-b0397	NC_000913.3	412607	415753	-	3147	1056	512	471	1146	0	1149	1234	352	647	0	838
gene-b0398	NC_000913.3	415750	416952	-	1203	571	389	355	668	0	633	709	174	347	0	485
gene-b0399	NC_000913.3	417142	417831	+	690	303	208	189	337	0	321	325	90	270	0	263
gene-b0400	NC_000913.3	417889	419184	+	1296	259	224	181	279	0	276	280	58	283	0	256
gene-b0401	NC_000913.3	419591	420910	+	1320	771	540	566	1007	0	827	1367	218	516	0	717
gene-b0402	NC_000913.3	420986	422359	+	1374	1358	489	516	1128	0	811	1253	363	499	0	567
gene-b0403	NC_000913.3	422518	424332	+	1815	610	350	325	576	0	521	569	176	304	0	351
gene-b0404	NC_000913.3	424337	424918	-	582	187	146	182	317	0	230	288	50	171	0	151
gene-b0405	NC_000913.3	425011	426081	+	1071	907	555	552	1039	0	1068	986	262	778	0	860
gene-b0406	NC_000913.3	426137	427264	+	1128	3845	2842	2803	4154	0	4074	3667	990	2695	0	4213
gene-b0407	NC_000913.3	427287	427619	+	333	5025	3976	3855	7376	0	6590	6012	1276	3783	0	4135
gene-b0408	NC_000913.3	427647	429494	+	1848	7444	4488	4419	8011	0	7660	8958	2159	4941	0	8221
gene-b0409	NC_000913.3	429505	430476	+	972	2987	2389	2300	3107	0	3062	3516	742	2345	0	3149
gene-b0410	NC_000913.3	430605	430952	+	348	1119	540	497	997	0	772	1156	324	577	0	814
gene-b0411	NC_000913.3	431129	432013	-	885	7085	4035	4070	8182	0	7272	8923	2650	3299	0	5471
gene-b0412	NC_000913.3	432312	432851	-	540	136	83	76	123	0	104	153	22	94	0	86
gene-b0413	NC_000913.3	433002	433451	+	450	971	451	521	1029	0	976	1000	291	596	0	614
gene-b0414	NC_000913.3	433455	434558	+	1104	1638	789	763	1769	0	1633	1624	380	803	0	1106
gene-b0415	NC_000913.3	434647	435117	+	471	2413	1291	1184	2818	0	2778	2767	733	1412	0	1932
gene-b0416	NC_000913.3	435137	435556	+	420	2470	1406	1340	3102	0	2479	2824	639	1517	0	1967
gene-b0417	NC_000913.3	435634	436611	+	978	789	462	515	588	0	981	576	266	521	0	781
gene-b0418	NC_000913.3	436589	437107	+	519	601	627	560	694	0	651	775	115	251	0	263
gene-b0419	NC_000913.3	437161	438135	-	975	519	447	501	758	0	760	949	244	415	0	387
gene-b0420	NC_000913.3	438315	440177	-	1863	2797	2031	2032	3781	0	3237	4206	854	1601	0	2326
gene-b0421	NC_000913.3	440202	441101	-	900	1416	935	1029	2096	0	1868	2013	520	738	0	1220
gene-b0422	NC_000913.3	441101	441343	-	243	724	468	429	872	0	781	869	269	406	0	547
gene-b0423	NC_000913.3	441549	442997	+	1449	1722	1081	1011	1986	0	1795	2303	459	762	0	1129
gene-b0424	NC_000913.3	443051	443641	-	591	373	256	291	573	0	435	569	108	282	0	271
gene-b0425	NC_000913.3	443604	444515	-	912	632	452	391	849	0	883	844	147	413	0	432
gene-b0426	NC_000913.3	444683	445174	+	492	6332	3815	3825	7505	0	5842	9361	1450	2941	0	3632
gene-b0427	NC_000913.3	445302	446666	-	1365	762	424	403	579	0	564	733	135	514	0	530
gene-b0428	NC_000913.3	446815	447705	-	891	6944	4684	3963	5816	0	6054	5369	1706	3869	0	5504
gene-b0429	NC_000913.3	447717	448046	-	330	2774	1887	1662	2934	0	3013	2278	792	1431	0	2250
gene-b0430	NC_000913.3	448046	448660	-	615	5079	2646	2486	5903	0	5329	4893	1416	2166	0	4334
gene-b0431	NC_000913.3	448650	450641	-	1992	29019	11296	10636	25871	0	25667	21645	7458	10443	0	23434
gene-b0432	NC_000913.3	450663	451610	-	948	21815	11418	11092	22223	0	20095	19286	5515	11148	0	17984
gene-b0433	NC_000913.3	452070	453545	-	1476	913	806	822	1466	0	1326	1514	356	599	0	866
gene-b0434	NC_000913.3	453589	454167	-	579	2873	2092	2155	3678	0	3515	4251	1127	1690	0	2565
gene-b0435	NC_000913.3	454472	454789	+	318	956	1304	1335	1130	0	1224	1346	255	1251	0	831
gene-b0436	NC_000913.3	455133	456431	+	1299	44605	17820	18217	39338	0	31841	45912	9424	17308	0	26200
gene-b0437	NC_000913.3	456677	457300	+	624	7718	2949	2965	5021	0	4660	6057	1505	2866	0	3586
gene-b0438	NC_000913.3	457426	458700	+	1275	11804	5700	5718	10414	0	8362	12291	2432	4815	0	6173
gene-b0439	NC_000913.3	458888	461242	+	2355	13799	6289	6434	12477	0	10687	14012	3148	7335	0	10046
gene-b0440	NC_000913.3	461451	461723	+	273	15767	10110	10041	16301	0	14716	23013	3282	13785	0	15410
gene-b0441	NC_000913.3	461915	463786	+	1872	9473	3795	3811	8340	0	6339	9066	2223	4823	0	6559
gene-b0442	NC_000913.3	463937	464308	+	372	298	70	58	94	0	76	142	28	91	0	70
gene-b0443	NC_000913.3	464402	464800	+	399	120	38	32	45	0	57	76	14	31	0	56
gene-b0444	NC_000913.3	464852	465547	-	696	518	454	556	573	0	552	702	179	357	0	381
gene-b0445	NC_000913.3	465612	467312	-	1701	158	171	138	293	0	202	258	70	276	0	287
gene-b0446	NC_000913.3	467412	468230	+	819	228	337	275	419	0	313	444	53	76	0	71
gene-b0447	NC_000913.3	468383	468841	+	459	189	148	140	192	0	184	200	54	158	0	102
gene-b0448	NC_000913.3	468871	470643	+	1773	305	273	194	340	0	270	340	60	220	0	190
gene-b0449	NC_000913.3	470636	472417	+	1782	225	254	221	383	0	248	379	64	218	0	212
gene-b0450	NC_000913.3	472598	472936	+	339	49	11	8	9	0	10	20	3	21	0	9
gene-b0451	NC_000913.3	472966	474252	+	1287	318	176	137	166	0	180	220	51	157	0	109
gene-b0452	NC_000913.3	474301	475161	-	861	446	250	263	447	0	413	579	108	309	0	405
gene-b0453	NC_000913.3	475379	475951	+	573	206	454	528	472	0	762	547	102	408	0	452
gene-b0454	NC_000913.3	475982	476371	-	390	173	216	171	277	0	274	250	64	171	0	171
gene-b0455	NC_000913.3	476448	476561	+	114	464	84	76	52	0	30	227	14	164	0	506
gene-b0456	NC_000913.3	476672	477025	+	354	26	18	24	30	0	44	28	6	22	0	18
gene-b0457	NC_000913.3	477067	478617	-	1551	267	380	327	362	0	381	329	68	358	0	273
gene-b0458	NC_000913.3	478781	479251	-	471	742	611	550	921	0	863	1015	191	462	0	509
gene-b0459	NC_000913.3	479367	479918	-	552	1006	451	420	772	0	536	858	215	1046	0	759
gene-b0460	NC_000913.3	480090	480308	-	219	1864	853	864	2275	0	1556	1332	442	1024	0	1038
gene-b0461	NC_000913.3	480334	480708	-	375	1101	844	778	1757	0	1047	1062	138	1018	0	702
gene-b0462	NC_000913.3	481254	484403	-	3150	8347	4710	4751	7706	0	7043	7563	1769	4996	0	6534
gene-b0463	NC_000913.3	484426	485619	-	1194	3619	1718	1578	2912	0	3279	2556	944	2204	0	2942
gene-b0464	NC_000913.3	485761	486408	+	648	1041	594	558	1008	0	837	1063	282	843	0	856
gene-b0465	NC_000913.3	486536	489898	+	3363	2123	1602	1549	3145	0	2236	3056	588	1571	0	1727
gene-b0466	NC_000913.3	490110	490271	-	162	121	85	61	140	0	149	150	29	177	0	131
gene-b0467	NC_000913.3	490285	490812	-	528	421	218	202	427	0	360	440	92	205	0	326
gene-b0468	NC_000913.3	490882	491259	+	378	470	358	411	484	0	429	677	126	397	0	333
gene-b0469	NC_000913.3	491412	491963	+	552	3108	2492	2430	5433	0	3568	7140	1456	2526	0	3174
gene-b0470	NC_000913.3	492092	494023	+	1932	2821	1766	1634	3787	0	3088	3952	835	2126	0	2192
gene-b0471	NC_000913.3	494076	494405	+	330	3007	1607	1581	3820	0	3421	3562	748	1646	0	2040
gene-b0472	NC_000913.3	494405	495010	+	606	2478	1782	1705	3668	0	2636	3775	583	1438	0	2139
gene-b0473	NC_000913.3	495120	496994	+	1875	7147	4464	4666	8351	0	8619	9606	2665	4511	0	7088
gene-b0474	NC_000913.3	497175	497819	+	645	9013	3566	3806	5991	0	6272	7424	1921	3854	0	4625
gene-b0475	NC_000913.3	498055	499017	+	963	396	323	267	525	0	470	529	117	362	0	445
gene-b0476	NC_000913.3	499014	499973	-	960	77	82	68	115	0	80	139	32	107	0	124
gene-b0477	NC_000913.3	500125	501429	+	1305	1580	962	936	2051	0	1591	2352	501	997	0	1344
gene-b0478	NC_000913.3	501562	503238	-	1677	1074	959	911	1289	0	1495	1484	337	1029	0	1094
gene-b0479	NC_000913.3	503476	504696	-	1221	219	201	198	335	0	368	495	115	265	0	359
gene-b0480	NC_000913.3	504914	506566	+	1653	1237	851	798	1334	0	1594	1364	435	1013	0	1258
gene-b0481	NC_000913.3	506603	507082	-	480	638	431	408	731	0	652	939	182	647	0	771
gene-b4585	NC_000913.3	507204	507287	+	84	10	27	24	19	0	21	30	0	12	0	8
gene-b0482	NC_000913.3	507286	508080	-	795	319	289	258	397	0	398	448	99	259	0	253
gene-b0483	NC_000913.3	508218	508559	+	342	983	726	717	1032	0	922	1105	205	588	0	404
gene-b0484	NC_000913.3	508875	511379	-	2505	9798	7919	6557	11270	0	9251	11365	2386	3011	0	4132
gene-b0485	NC_000913.3	511641	512573	+	933	25	55	40	31	0	20	30	8	49	0	20
gene-b0486	NC_000913.3	512576	513868	+	1293	94	98	113	109	0	84	134	18	84	0	72
gene-b0487	NC_000913.3	513993	514400	+	408	350	235	203	436	0	380	426	134	259	0	230
gene-b0488	NC_000913.3	514401	514859	-	459	227	111	117	252	0	193	168	31	86	0	126
gene-b0489	NC_000913.3	514856	515773	-	918	587	199	284	526	0	432	363	77	363	0	341
gene-b0490	NC_000913.3	515919	516596	+	678	287	138	134	254	0	281	153	69	153	0	199
gene-b0491	NC_000913.3	516583	517362	+	780	275	157	159	265	0	239	180	38	160	0	171
gene-b0492	NC_000913.3	517425	518279	-	855	3445	1542	1507	3788	0	3364	4112	1088	1602	0	2253
gene-b0493	NC_000913.3	518340	519149	-	810	753	352	325	854	0	785	773	239	354	0	554
gene-b0494	NC_000913.3	519139	519765	-	627	635	386	386	813	0	643	718	196	314	0	375
gene-b0495	NC_000913.3	519733	520419	+	687	185	112	111	197	0	171	173	42	124	0	120
gene-b0496	NC_000913.3	520416	522830	+	2415	373	267	248	344	0	314	388	77	324	0	279
gene-b0497	NC_000913.3	523261	527541	+	4281	326	241	210	354	0	271	370	113	406	0	272
gene-b0498	NC_000913.3	527581	527949	+	369	21	25	33	38	0	33	34	26	1	0	0
gene-b0502	NC_000913.3	529645	530016	-	372	104	57	66	109	0	99	105	14	0	0	0
gene-b0503	NC_000913.3	530132	531226	-	1095	168	130	98	173	0	200	230	50	128	0	83
gene-b0504	NC_000913.3	531295	532221	-	927	20	21	30	19	0	26	30	4	57	0	7
gene-b0505	NC_000913.3	532451	532933	+	483	50	42	44	42	0	58	62	16	28	0	35
gene-b0506	NC_000913.3	533011	533826	+	816	1393	935	801	1371	0	1422	1545	378	744	0	889
gene-b4831	NC_000913.3	533629	533863	+	235	0	0	0	0	0	3	0	0	0	0	0
gene-b0507	NC_000913.3	533916	535697	+	1782	69	42	29	50	0	43	46	15	35	0	24
gene-b0508	NC_000913.3	535710	536486	+	777	27	12	8	12	0	16	21	0	21	0	11
gene-b0509	NC_000913.3	536586	537464	+	879	56	22	12	32	0	28	25	2	30	0	14
gene-b0511	NC_000913.3	537633	539087	+	1455	15	11	13	11	0	15	4	2	23	0	6
gene-b0512	NC_000913.3	539147	540508	+	1362	56	73	53	59	0	48	64	20	108	0	64
gene-b0513	NC_000913.3	540565	541866	+	1302	34	21	18	40	0	20	41	6	50	0	30
gene-b0514	NC_000913.3	541888	543033	+	1146	69	60	35	59	0	57	66	18	57	0	64
gene-b0515	NC_000913.3	543261	544046	-	786	269	140	164	230	0	284	229	40	90	0	73
gene-b0516	NC_000913.3	544057	545292	-	1236	118	100	72	118	0	129	124	36	74	0	62
gene-b0517	NC_000913.3	545314	546363	-	1050	36	14	34	31	0	26	33	6	72	0	24
gene-b0518	NC_000913.3	546680	548347	+	1668	18	17	15	15	0	16	13	6	60	0	21
gene-b4572	NC_000913.3	548357	549616	+	1260	40	7	25	56	0	34	42	8	54	0	25
gene-b0520	NC_000913.3	549627	550442	+	816	34	9	23	26	0	19	10	1	25	0	9
gene-b0521	NC_000913.3	550439	551332	+	894	133	38	55	103	0	100	140	41	94	0	99
gene-b0522	NC_000913.3	551527	552594	-	1068	3617	1955	1953	4030	0	3831	4364	1048	1537	0	2644
gene-b0523	NC_000913.3	552591	553100	-	510	2293	1103	1039	2739	0	2504	2633	565	1057	0	2044
gene-b0524	NC_000913.3	553218	553940	-	723	843	421	402	948	0	726	895	223	291	0	415
gene-b0525	NC_000913.3	553943	554437	-	495	8013	6026	5870	9415	0	10134	10110	2372	4370	0	5815
gene-b0526	NC_000913.3	554611	555996	+	1386	2735	1528	1449	2998	0	2863	3253	759	1514	0	2312
gene-b0527	NC_000913.3	556032	556553	-	522	45	27	27	64	0	52	62	12	41	0	32
gene-b0528	NC_000913.3	556661	556873	-	213	212	139	141	436	0	361	343	49	111	0	154
gene-b0529	NC_000913.3	556875	557741	-	867	3097	1330	1380	3801	0	3416	3889	889	1105	0	1921
gene-b0530	NC_000913.3	558212	558754	+	543	6	12	14	19	0	6	24	2	31	0	12
gene-b0531	NC_000913.3	558974	559666	+	693	11	14	9	12	0	4	14	2	27	0	12
gene-b0532	NC_000913.3	559697	562300	+	2604	95	48	63	98	0	56	68	14	105	0	67
gene-b0533	NC_000913.3	562336	563319	+	984	22	11	8	24	0	2	12	2	19	0	18
gene-b0534	NC_000913.3	563330	563845	+	516	8	12	4	8	0	10	4	0	18	0	17
gene-b0535	NC_000913.3	563848	564480	-	633	13	34	26	15	0	12	23	10	23	0	15
gene-b0536	NC_000913.3	564723	564799	+	77	9	42	24	155	0	170	21	4	39	0	64
gene-b0537	NC_000913.3	564815	565978	-	1164	863	643	620	892	0	859	953	260	0	0	0
gene-b0540	NC_000913.3	566842	567141	+	300	5	6	1	1	0	4	9	0	0	0	0
gene-b0541	NC_000913.3	567138	568004	+	867	65	48	56	21	0	35	33	8	0	0	0
gene-b0543	NC_000913.3	568315	568647	+	333	228	351	346	327	0	213	322	48	0	0	0
gene-b4733	NC_000913.3	568695	568844	+	150	1	1	6	5	0	2	1	1	0	0	0
gene-b0544	NC_000913.3	568902	570428	+	1527	21	34	41	27	0	39	46	21	0	0	0
gene-b0545	NC_000913.3	570893	571444	+	552	64	42	36	48	0	65	41	20	0	0	0
gene-b0546	NC_000913.3	571454	572251	+	798	272	182	193	211	0	183	164	45	0	0	0
gene-b4588	NC_000913.3	572368	572469	+	102	21	15	4	26	0	8	13	0	0	0	0
gene-b0547	NC_000913.3	572466	572921	+	456	15	7	7	14	0	7	15	1	0	0	0
gene-b0548	NC_000913.3	572921	573091	+	171	1	0	0	2	0	0	0	0	0	0	0
gene-b0549	NC_000913.3	573084	573374	+	291	4	1	1	6	0	4	0	2	0	0	0
gene-b0550	NC_000913.3	573371	573733	+	363	6	1	3	7	0	2	2	2	0	0	0
gene-b4509	NC_000913.3	573730	573870	+	141	1	2	3	2	0	5	2	0	0	0	0
gene-b0551	NC_000913.3	573956	574339	+	384	40	32	31	44	0	22	37	6	0	0	0
gene-b0552	NC_000913.3	574737	575717	-	981	4016	885	933	1475	0	1269	1604	630	0	0	0
gene-b0554	NC_000913.3	577398	577613	+	216	146	20	20	63	0	12	59	11	0	0	0
gene-b0555	NC_000913.3	577613	578110	+	498	104	44	44	84	0	67	81	13	0	0	0
gene-b0556	NC_000913.3	578107	578568	+	462	21	7	7	470	0	220	15	8	0	0	0
gene-b4510	NC_000913.3	578327	578509	+	183	0	0	0	0	0	0	0	0	0	0	0
gene-b0557	NC_000913.3	578600	578893	-	294	1153	3260	2780	6338	0	4751	4339	662	0	0	0
gene-b0558	NC_000913.3	579184	579594	-	411	6	10	3	21	0	2	14	2	0	0	0
gene-b0559	NC_000913.3	579880	580086	+	207	114	68	33	104	0	48	131	17	0	0	0
gene-b4589	NC_000913.3	580251	580445	-	195	20	13	16	31	0	34	17	2	0	0	0
gene-b0560	NC_000913.3	580834	581379	+	546	12	10	22	11	0	18	19	2	13	0	7
gene-b0561	NC_000913.3	581534	582097	+	564	47	19	17	38	0	27	34	4	2	0	0
gene-b0563	NC_000913.3	582875	583060	+	186	35	18	22	29	0	34	35	8	0	0	0
gene-b0564	NC_000913.3	583681	584430	+	750	145	219	273	350	0	189	320	93	0	0	0
gene-b0565	NC_000913.3	584680	585633	-	954	46071	35999	33605	34066	0	63261	24736	11621	0	0	0
gene-b0566	NC_000913.3	586147	586908	-	762	82	67	51	90	0	62	103	14	126	0	157
gene-b0567	NC_000913.3	587091	587981	-	891	149	82	74	117	0	125	155	40	108	0	98
gene-b0568	NC_000913.3	587982	590954	-	2973	414	211	255	540	0	366	502	119	323	0	334
gene-b0569	NC_000913.3	590941	593178	-	2238	231	272	197	292	0	190	259	44	186	0	97
gene-b0570	NC_000913.3	593328	594770	-	1443	954	1455	1063	1287	0	1026	968	215	439	0	388
gene-b0571	NC_000913.3	594760	595443	-	684	831	1355	841	1243	0	964	970	188	482	0	451
gene-b0572	NC_000913.3	595600	596973	+	1374	5311	7526	4084	8088	0	5396	4840	1209	317	0	373
gene-b0573	NC_000913.3	597131	597463	+	333	2513	4404	2168	3238	0	3024	1911	733	101	0	139
gene-b0574	NC_000913.3	597479	598702	+	1224	3209	4740	2266	4505	0	3766	2233	617	119	0	179
gene-b0575	NC_000913.3	598714	601857	+	3144	3409	4983	2671	4554	0	3608	2551	612	810	0	958
gene-b0576	NC_000913.3	601959	603335	+	1377	860	991	892	1286	0	1164	1352	162	822	0	1255
gene-b0577	NC_000913.3	603416	604663	-	1248	642	558	536	738	0	693	601	109	693	0	659
gene-b0578	NC_000913.3	604771	605424	-	654	2866	1484	1582	3390	0	2819	3589	599	1289	0	2211
gene-b0579	NC_000913.3	605518	605886	-	369	223	151	135	298	0	269	271	55	138	0	135
gene-b0580	NC_000913.3	605951	606199	-	249	147	105	88	214	0	168	253	45	146	0	134
gene-b0581	NC_000913.3	606265	607383	-	1119	53	124	136	148	0	197	151	23	140	0	122
gene-b4835	NC_000913.3	607733	607792	-	60	66	19	31	62	0	30	89	2	38	0	24
gene-b4415	NC_000913.3	607836	607988	+	153	9	9	11	18	0	21	6	4	16	0	9
gene-b0582	NC_000913.3	608065	609177	+	1113	12	21	27	19	0	14	26	6	74	0	64
gene-b0583	NC_000913.3	609459	610079	-	621	93	85	103	76	0	76	122	32	949	0	119
gene-b0584	NC_000913.3	610254	612494	-	2241	1325	871	1248	888	0	1268	1375	588	16763	0	1421
gene-b0585	NC_000913.3	612737	613939	+	1203	286	230	292	307	0	237	394	95	2231	0	164
gene-b4511	NC_000913.3	613942	614160	+	219	41	29	64	59	0	57	39	16	192	0	25
gene-b0586	NC_000913.3	614157	618038	+	3882	1574	936	1291	1483	0	1601	1940	462	7767	0	1317
gene-b0587	NC_000913.3	618254	619387	+	1134	17	25	21	48	0	30	32	8	232	0	41
gene-b0588	NC_000913.3	619384	620199	-	816	326	230	276	327	0	232	380	68	576	0	239
gene-b0589	NC_000913.3	620196	621188	-	993	178	180	176	324	0	241	379	82	420	0	174
gene-b0590	NC_000913.3	621185	622189	-	1005	317	259	282	442	0	243	421	75	607	0	218
gene-b0591	NC_000913.3	622300	623550	+	1251	492	334	387	564	0	498	708	159	810	0	364
gene-b0592	NC_000913.3	623554	624510	-	957	457	265	314	498	0	480	676	138	1089	0	380
gene-b0593	NC_000913.3	624885	626060	+	1176	1049	556	728	744	0	934	866	283	4292	0	493
gene-b0594	NC_000913.3	626070	627680	+	1611	890	497	578	774	0	967	947	241	3677	0	581
gene-b0595	NC_000913.3	627694	628551	+	858	568	268	360	437	0	584	470	179	1906	0	311
gene-b0596	NC_000913.3	628551	629297	+	747	384	188	280	370	0	395	326	84	1054	0	215
gene-b0597	NC_000913.3	629300	629713	+	414	222	144	206	227	0	226	249	56	914	0	123
gene-b0598	NC_000913.3	629894	631999	+	2106	2730	1605	1672	2786	0	3118	3213	842	4615	0	9271
gene-b4512	NC_000913.3	632182	632379	+	198	176	99	101	217	0	180	197	46	142	0	268
gene-b0599	NC_000913.3	632389	633477	-	1089	1073	591	529	1255	0	1124	1233	289	894	0	1627
gene-b0600	NC_000913.3	633586	634746	+	1161	781	378	463	1121	0	1023	936	253	409	0	816
gene-b0601	NC_000913.3	634747	635376	-	630	103	67	69	141	0	127	109	15	79	0	113
gene-b0602	NC_000913.3	635349	636569	-	1221	45	62	33	63	0	45	48	12	41	0	72
gene-b0603	NC_000913.3	636716	637618	-	903	60	30	40	44	0	62	67	23	99	0	60
gene-b0604	NC_000913.3	637827	638573	-	747	570	296	307	608	0	538	565	220	477	0	598
gene-b0605	NC_000913.3	638945	639508	+	564	34286	19878	20326	36978	0	34669	45473	12523	20439	0	25875
gene-b0606	NC_000913.3	639753	641318	+	1566	9072	2785	2855	7514	0	5046	8256	1841	2375	0	3402
gene-b0607	NC_000913.3	641439	641867	-	429	869	393	402	683	0	630	525	69	424	0	526
gene-b0608	NC_000913.3	642088	643326	+	1239	89	109	80	112	0	116	84	21	137	0	75
gene-b4734	NC_000913.3	643330	643419	-	90	7	13	7	12	0	13	6	4	11	0	12
gene-b0610	NC_000913.3	643557	643967	-	411	4539	455	455	2660	0	697	2800	555	886	0	1145
gene-b0611	NC_000913.3	644197	645003	-	807	1072	622	557	1196	0	968	1541	371	656	0	828
gene-b0612	NC_000913.3	645117	646580	-	1464	61	42	66	49	0	64	59	17	67	0	39
gene-b0613	NC_000913.3	646631	647509	-	879	27	25	24	34	0	26	58	9	46	0	39
gene-b0614	NC_000913.3	647484	648035	-	552	7	15	3	10	0	14	24	1	30	0	5
gene-b0615	NC_000913.3	648039	649571	-	1533	21	16	14	22	0	18	18	6	35	0	3
gene-b0616	NC_000913.3	649582	650490	-	909	32	34	26	39	0	19	48	4	30	0	19
gene-b0617	NC_000913.3	650487	650783	-	297	0	2	0	11	0	4	4	0	3	0	0
gene-b0618	NC_000913.3	650798	651856	-	1059	23	8	20	30	0	13	33	11	34	0	22
gene-b0619	NC_000913.3	652235	653893	+	1659	282	164	164	302	0	263	257	58	173	0	197
gene-b0620	NC_000913.3	653862	654542	+	681	167	90	82	206	0	190	195	39	101	0	129
gene-b0621	NC_000913.3	654583	655968	-	1386	67	68	52	76	0	95	95	13	99	0	61
gene-b0622	NC_000913.3	656557	657117	+	561	68	53	41	53	0	46	83	14	106	0	58
gene-b0623	NC_000913.3	657292	657501	+	210	22186	32964	28638	26124	0	27978	44719	8396	43032	0	25769
gene-b0624	NC_000913.3	657555	657938	-	384	268	184	186	234	0	266	262	70	162	0	155
gene-b0627	NC_000913.3	658947	659150	+	204	925	983	863	1124	0	1012	1377	271	1212	0	1093
gene-b0628	NC_000913.3	659251	660216	-	966	1600	1054	1103	1868	0	1973	1968	434	971	0	1420
gene-b0629	NC_000913.3	660425	661378	-	954	173	151	100	188	0	151	187	54	156	0	154
gene-b0630	NC_000913.3	661637	662278	-	642	1031	690	607	1065	0	1037	1117	313	770	0	796
gene-b0631	NC_000913.3	662379	662642	-	264	2150	977	978	1545	0	1420	1956	390	1088	0	1243
gene-b0632	NC_000913.3	662752	663963	-	1212	4532	2603	2653	4730	0	4202	5315	1349	1969	0	2713
gene-b0633	NC_000913.3	664102	665190	-	1089	2057	1435	1505	2547	0	2679	2667	620	1352	0	1811
gene-b0634	NC_000913.3	665201	666313	-	1113	723	718	753	1066	0	1217	898	183	523	0	651
gene-b0635	NC_000913.3	666316	668217	-	1902	1302	1388	1272	1788	0	1712	1888	345	1131	0	1236
gene-b0636	NC_000913.3	668248	668715	-	468	502	421	471	887	0	893	816	141	314	0	531
gene-b0637	NC_000913.3	668719	669036	-	318	854	772	840	1136	0	1196	1224	243	609	0	849
gene-b0638	NC_000913.3	669296	669907	-	612	185	127	145	215	0	208	158	41	197	0	277
gene-b0639	NC_000913.3	669931	670572	-	642	491	380	311	557	0	670	554	175	323	0	436
gene-b0640	NC_000913.3	670574	671605	-	1032	1157	581	615	1050	0	1245	1047	440	788	0	972
gene-b0641	NC_000913.3	671605	672186	-	582	1750	1264	1231	2278	0	2098	2323	437	1056	0	1410
gene-b0642	NC_000913.3	672201	674783	-	2583	9352	5771	5381	10836	0	11091	11429	3641	5463	0	8080
gene-b0643	NC_000913.3	675018	675500	+	483	377	389	375	441	0	631	465	88	459	0	418
gene-b0644	NC_000913.3	675570	676547	-	978	85	123	79	159	0	131	109	21	102	0	79
gene-b0645	NC_000913.3	676711	677418	+	708	8	15	8	5	0	6	8	0	10	0	4
gene-b0646	NC_000913.3	677415	678842	+	1428	58	45	35	90	0	49	49	9	63	0	74
gene-b0647	NC_000913.3	678852	679406	-	555	8	11	9	19	0	17	12	0	16	0	20
gene-b0648	NC_000913.3	679508	680215	+	708	16	19	22	30	0	14	17	0	25	0	13
gene-b0649	NC_000913.3	680212	681663	+	1452	107	93	75	132	0	92	148	21	118	0	95
gene-b0650	NC_000913.3	681723	683393	-	1671	110	61	67	96	0	104	120	17	128	0	79
gene-b0651	NC_000913.3	683477	684412	-	936	517	302	287	496	0	538	534	136	671	0	1027
gene-b0652	NC_000913.3	684530	685255	-	726	523	280	271	485	0	532	535	117	992	0	1643
gene-b0653	NC_000913.3	685255	685929	-	675	264	185	161	245	0	276	237	72	487	0	941
gene-b0654	NC_000913.3	685929	686669	-	741	366	185	163	313	0	372	332	72	592	0	1121
gene-b4763	NC_000913.3	686681	686843	-	163	161	161	166	262	0	222	265	12	320	0	481
gene-b0655	NC_000913.3	686839	687747	-	909	2297	1776	1815	2348	0	2988	2543	699	6229	0	10282
gene-b0656	NC_000913.3	687997	688977	-	981	66	43	26	18	0	42	41	28	0	0	0
gene-b0657	NC_000913.3	689343	690881	-	1539	1287	946	960	1611	0	1453	1574	346	1008	0	1286
gene-b0658	NC_000913.3	690906	691784	-	879	3175	2528	2582	3859	0	4349	4200	1155	3160	0	3500
gene-b0659	NC_000913.3	691874	692341	-	468	860	592	687	1105	0	1308	1112	342	688	0	890
gene-b0660	NC_000913.3	692338	693378	-	1041	2631	1503	1541	2820	0	3063	3025	926	1705	0	2192
gene-b0661	NC_000913.3	693531	694955	-	1425	3457	1892	2010	3743	0	3468	3989	755	2086	0	2968
gene-b0662	NC_000913.3	695101	696276	+	1176	1163	570	464	1281	0	1021	1369	304	618	0	640
gene-b0664	NC_000913.3	696430	696504	-	75	115	678	624	436	0	448	647	78	145	0	63
gene-b0665	NC_000913.3	696542	696616	-	75	360	1079	1001	1301	0	1089	1503	158	414	0	236
gene-b0666	NC_000913.3	696664	696740	-	77	172	1149	998	1707	0	1335	436	32	20	0	43
gene-b0668	NC_000913.3	696756	696830	-	75	423	2242	1886	1988	0	1675	1820	192	792	0	345
gene-b0670	NC_000913.3	696865	696939	-	75	557	3056	2503	3042	0	2545	1702	139	850	0	400
gene-b0672	NC_000913.3	696963	697047	-	85	237	2452	1915	3818	0	3147	389	30	329	0	183
gene-b0673	NC_000913.3	697057	697133	-	77	251	4120	3440	3014	0	2591	420	34	248	0	395
gene-b0674	NC_000913.3	697513	699177	-	1665	3600	1695	1787	3524	0	3399	4083	1269	1590	0	2309
gene-b0675	NC_000913.3	699574	700326	-	753	1920	1164	1121	2319	0	1733	2472	482	1167	0	1416
gene-b0676	NC_000913.3	700374	701594	-	1221	1261	889	814	1352	0	1504	1355	327	875	0	1065
gene-b0677	NC_000913.3	701603	702751	-	1149	1107	704	638	1273	0	1117	1242	359	768	0	928
gene-b0678	NC_000913.3	702811	703611	-	801	1070	614	610	1185	0	1018	1226	309	714	0	839
gene-b0679	NC_000913.3	703944	705890	+	1947	3550	1143	1214	2299	0	1832	2897	692	717	0	1335
gene-b0680	NC_000913.3	706093	707757	+	1665	7133	4527	4490	8711	0	8009	9269	2229	3928	0	5600
gene-b4808	NC_000913.3	708236	708333	+	98	2	6	0	12	0	7	1	0	11	0	1
gene-b0681	NC_000913.3	708334	709740	+	1407	96	59	47	68	0	50	72	10	78	0	74
gene-b0682	NC_000913.3	709790	710116	+	327	127	41	42	91	0	61	62	23	24	0	14
gene-b0683	NC_000913.3	710200	710646	-	447	3651	2949	2878	4933	0	4561	4719	1125	2972	0	3097
gene-b4637	NC_000913.3	710639	710725	-	87	603	531	563	956	0	866	619	206	560	0	413
gene-b0684	NC_000913.3	710935	711465	-	531	4320	2050	2116	4461	0	3703	5263	1224	1830	0	2550
gene-b0685	NC_000913.3	711605	711898	-	294	410	244	226	506	0	354	604	108	321	0	330
gene-b0686	NC_000913.3	712038	712802	-	765	662	371	379	658	0	645	761	168	337	0	545
gene-b0687	NC_000913.3	712987	713532	+	546	2810	1091	1147	2951	0	2609	3185	1020	1736	0	2249
gene-b0688	NC_000913.3	713558	715198	+	1641	5658	3050	3237	6151	0	5564	6220	1353	3804	0	5112
gene-b0689	NC_000913.3	715412	715906	+	495	294	43	75	116	0	94	157	41	91	0	83
gene-b0692	NC_000913.3	716946	718265	-	1320	88	97	101	113	0	111	130	26	111	0	73
gene-b0693	NC_000913.3	718262	720460	-	2199	52	77	67	86	0	63	70	10	70	0	44
gene-b4803	NC_000913.3	720718	720822	-	105	0	3	2	0	0	5	4	2	0	0	2
gene-b0694	NC_000913.3	721056	721733	-	678	101	82	67	139	0	144	157	27	112	0	169
gene-b0695	NC_000913.3	721730	724414	-	2685	644	567	469	874	0	654	947	164	571	0	661
gene-b0696	NC_000913.3	724407	724979	-	573	61	40	41	60	0	49	65	5	99	0	115
gene-b0697	NC_000913.3	724988	727036	-	2049	62	62	45	88	0	66	84	11	147	0	229
gene-b0698	NC_000913.3	727059	728732	-	1674	28	23	17	24	0	23	35	4	121	0	188
gene-b4513	NC_000913.3	728732	728821	-	90	0	0	0	2	0	1	2	0	0	0	0
gene-b0699	NC_000913.3	729134	729340	+	207	226	243	228	256	0	267	311	16	173	0	113
gene-b0700	NC_000913.3	729583	733776	+	4194	383	155	189	293	0	234	278	59	592	0	356
gene-b0702	NC_000913.3	733776	734102	+	327	20	19	7	14	0	12	20	3	23	0	18
gene-b0704	NC_000913.3	735650	736219	+	570	34	30	30	25	0	32	29	12	46	0	39
gene-b4514	NC_000913.3	736445	736699	+	255	1	7	5	7	0	3	3	2	5	0	7
gene-b0706	NC_000913.3	738092	738853	+	762	6	10	9	16	0	11	14	6	18	0	9
gene-b0707	NC_000913.3	739001	739510	+	510	14	49	76	45	0	102	36	7	110	0	86
gene-b0708	NC_000913.3	739507	740925	+	1419	214	150	151	273	0	236	255	69	174	0	166
gene-b0709	NC_000913.3	741075	742556	-	1482	636	337	323	566	0	419	547	157	382	0	501
gene-b0710	NC_000913.3	742827	743570	+	744	2116	714	762	1686	0	1592	1442	459	740	0	977
gene-b0711	NC_000913.3	743593	744249	+	657	1576	531	551	1484	0	1310	1045	350	568	0	753
gene-b0712	NC_000913.3	744243	745175	+	933	1611	621	527	1487	0	1219	1111	350	630	0	975
gene-b0713	NC_000913.3	745165	745899	+	735	991	354	381	996	0	800	853	180	592	0	669
gene-b0714	NC_000913.3	745935	746726	+	792	359	193	193	387	0	330	356	85	234	0	253
gene-b0715	NC_000913.3	746723	747769	-	1047	161	130	114	224	0	172	201	46	139	0	147
gene-b0716	NC_000913.3	747921	748982	-	1062	151	113	91	109	0	99	95	16	106	0	62
gene-b0717	NC_000913.3	748979	749707	-	729	30	27	28	37	0	20	46	8	25	0	7
gene-b0718	NC_000913.3	749722	752169	-	2448	41	44	46	45	0	49	53	11	68	0	22
gene-b0719	NC_000913.3	752229	752795	-	567	43	13	5	23	0	5	19	10	7	0	7
gene-b0720	NC_000913.3	753185	754468	-	1284	27156	13797	14745	28341	0	23568	31217	9182	23269	0	39632
gene-b4768	NC_000913.3	754658	754690	-	33	911	470	495	486	0	330	846	330	493	0	1212
gene-b4735	NC_000913.3	754674	754781	-	108	35	18	33	173	0	126	26	14	73	0	23
gene-b0721	NC_000913.3	755177	755566	+	390	4601	2196	2516	4674	0	4380	5044	1270	3262	0	6225
gene-b0722	NC_000913.3	755560	755907	+	348	1909	971	1039	2561	0	2228	1780	594	1097	0	2376
gene-b0723	NC_000913.3	755907	757673	+	1767	18020	8690	9065	18538	0	17854	17345	4478	9727	0	20517
gene-b0724	NC_000913.3	757689	758405	+	717	8657	4536	4798	9325	0	8321	9527	2283	6139	0	10123
gene-b0726	NC_000913.3	758706	761507	+	2802	20561	9797	10848	18762	0	23382	19781	6504	16516	0	30311
gene-b0727	NC_000913.3	761522	762739	+	1218	14576	6746	7780	14330	0	17053	14849	4164	11427	0	21364
gene-b0728	NC_000913.3	763014	764180	+	1167	15542	6574	6654	14063	0	15849	14195	5143	11240	0	22537
gene-b0729	NC_000913.3	764180	765049	+	870	10269	5978	6059	11126	0	11752	10452	3193	9210	0	15195
gene-b4764	NC_000913.3	765050	765150	+	101	11	1	0	6	0	10	3	0	3	0	6
gene-b0730	NC_000913.3	765153	765875	-	723	222	154	167	290	0	279	314	87	112	0	128
gene-b0731	NC_000913.3	765984	767960	+	1977	10	13	16	14	0	12	14	7	48	0	13
gene-b0732	NC_000913.3	767978	770611	+	2634	282	226	190	317	0	228	259	67	265	0	167
gene-b0733	NC_000913.3	771458	773026	+	1569	4077	1703	1589	3829	0	3154	3257	887	1994	0	3577
gene-b0734	NC_000913.3	773042	774181	+	1140	2534	1163	1175	2628	0	1915	1955	594	1169	0	1911
gene-b4515	NC_000913.3	774196	774309	+	114	15	74	53	235	0	160	13	3	2	0	11
gene-b0735	NC_000913.3	774309	774602	+	294	389	206	245	535	0	342	319	61	214	0	269
gene-b0736	NC_000913.3	774752	775156	+	405	786	1049	1000	1352	0	1049	1334	237	909	0	835
gene-b0737	NC_000913.3	775153	775845	+	693	1114	1199	1243	1753	0	1727	1740	465	1198	0	1343
gene-b0738	NC_000913.3	775849	776277	+	429	407	653	689	874	0	726	695	178	439	0	476
gene-b0739	NC_000913.3	776342	777607	+	1266	1814	1927	1727	2827	0	2372	3167	792	1956	0	2072
gene-b0740	NC_000913.3	777740	779032	+	1293	10130	7924	8029	13790	0	14446	13751	3133	6606	0	9285
gene-b0741	NC_000913.3	779067	779588	+	522	18011	9137	9547	22874	0	23142	23046	5635	8266	0	13765
gene-b0742	NC_000913.3	779598	780389	+	792	6704	4033	3976	5986	0	7754	7185	1865	3525	0	5187
gene-b0743	NC_000913.3	780554	780629	+	76	14790	17441	14511	16846	0	15731	22283	2859	15061	0	11651
gene-b0744	NC_000913.3	780765	780840	+	76	4005	6733	5657	4866	0	4120	5428	812	1095	0	1574
gene-b0745	NC_000913.3	780843	780918	+	76	2993	3261	2975	3530	0	2582	5723	1104	21	0	12
gene-b0746	NC_000913.3	781068	781143	+	76	1844	1994	1729	2302	0	1550	3681	573	1167	0	1237
gene-b0747	NC_000913.3	781147	781222	+	76	1664	1222	1178	1523	0	1227	3286	679	1456	0	1474
gene-b0748	NC_000913.3	781369	781444	+	76	2811	1977	1841	2050	0	1656	4391	849	2619	0	2091
gene-b0749	NC_000913.3	781577	781652	+	76	260	278	282	344	0	228	552	48	323	0	284
gene-b0750	NC_000913.3	782085	783128	+	1044	2841	1751	1741	2552	0	2738	2940	1024	2085	0	3155
gene-b0751	NC_000913.3	783166	783885	+	720	1159	841	878	1285	0	1341	1295	331	968	0	1449
gene-b0752	NC_000913.3	783882	784823	-	942	390	311	309	474	0	403	438	119	294	0	355
gene-b0753	NC_000913.3	784937	785317	-	381	44	99	88	60	0	142	70	18	129	0	88
gene-b0754	NC_000913.3	785633	786685	+	1053	12463	6612	6688	13396	0	14730	16725	4145	6166	0	8601
gene-b0755	NC_000913.3	786843	787595	-	753	13199	7048	6906	14953	0	13502	17229	3901	7048	0	8108
gene-b0756	NC_000913.3	787797	788837	-	1041	2474	1831	2041	3161	0	3152	3296	671	2078	0	2681
gene-b0757	NC_000913.3	788831	789979	-	1149	1065	1205	1120	1039	0	2082	794	200	1152	0	1045
gene-b0758	NC_000913.3	789983	791029	-	1047	675	253	201	595	0	657	504	196	424	0	648
gene-b0759	NC_000913.3	791039	792055	-	1017	1222	446	431	1136	0	949	1068	328	477	0	816
gene-b0760	NC_000913.3	792316	793788	-	1473	2389	1820	1967	3096	0	3169	3399	784	1665	0	2123
gene-b0761	NC_000913.3	793856	794644	-	789	401	344	308	454	0	595	502	147	450	0	495
gene-b0762	NC_000913.3	794773	794922	+	150	792	1212	1027	825	0	865	1212	68	1253	0	616
gene-b0763	NC_000913.3	795089	795862	+	774	887	919	1123	682	0	1966	672	219	284	0	375
gene-b0764	NC_000913.3	795862	796551	+	690	248	420	472	221	0	780	193	65	144	0	136
gene-b0765	NC_000913.3	796554	797612	+	1059	254	542	576	267	0	1084	304	55	158	0	201
gene-b0766	NC_000913.3	797613	798431	-	819	709	415	333	763	0	782	867	231	455	0	584
gene-b0767	NC_000913.3	798586	799581	+	996	1463	944	1101	1733	0	1949	1802	473	1142	0	1506
gene-b0768	NC_000913.3	799622	800575	-	954	51	36	23	55	0	41	55	5	46	0	37
gene-b0769	NC_000913.3	800759	801811	+	1053	18	7	14	6	0	2	10	0	17	0	2
gene-b0770	NC_000913.3	801887	803320	+	1434	60	31	36	48	0	20	24	10	55	0	30
gene-b0771	NC_000913.3	803503	805764	+	2262	268	129	133	288	0	172	243	87	164	0	154
gene-b0772	NC_000913.3	805998	807281	-	1284	5446	2895	2998	5401	0	5340	6308	1586	1994	0	3605
gene-b0773	NC_000913.3	807433	807909	-	477	558	504	523	658	0	649	827	174	531	0	526
gene-b0774	NC_000913.3	807968	809257	-	1290	1018	406	450	985	0	737	1043	219	476	0	576
gene-b0775	NC_000913.3	809344	810384	+	1041	2499	688	809	2105	0	1873	1935	674	976	0	1640
gene-b0776	NC_000913.3	810381	811535	+	1155	1512	514	512	1583	0	1246	1340	335	538	0	1001
gene-b0777	NC_000913.3	811522	812277	+	756	658	192	233	757	0	554	635	147	264	0	468
gene-b0778	NC_000913.3	812270	812947	+	678	899	306	275	726	0	639	824	193	416	0	647
gene-b0779	NC_000913.3	813526	815547	+	2022	1157	851	827	1552	0	1292	1578	371	1001	0	958
gene-b0780	NC_000913.3	815739	816647	-	909	684	674	601	660	0	784	848	165	648	0	593
gene-b0781	NC_000913.3	817044	818033	+	990	2807	1260	1213	2799	0	1906	3067	667	1621	0	1606
gene-b0782	NC_000913.3	818055	818567	+	513	1457	672	660	1630	0	1648	1217	363	614	0	674
gene-b0783	NC_000913.3	818570	819055	+	486	919	474	485	1257	0	1151	1070	262	450	0	481
gene-b0784	NC_000913.3	819048	819293	+	246	142	126	128	377	0	277	170	51	61	0	107
gene-b0785	NC_000913.3	819295	819747	+	453	847	545	491	907	0	792	897	228	428	0	482
gene-b0786	NC_000913.3	819884	820588	+	705	1291	900	884	1566	0	1290	1939	325	831	0	944
gene-b0787	NC_000913.3	820793	821506	+	714	86	49	52	72	0	54	68	12	82	0	45
gene-b0788	NC_000913.3	821542	822498	-	957	26	55	57	71	0	49	43	13	58	0	28
gene-b0789	NC_000913.3	822498	823739	-	1242	37	71	107	108	0	139	114	21	96	0	61
gene-b0790	NC_000913.3	823736	824497	-	762	23	83	100	105	0	156	94	31	114	0	86
gene-b0791	NC_000913.3	824630	825040	+	411	245	145	164	251	0	212	274	44	290	0	350
gene-b0792	NC_000913.3	825002	826108	-	1107	102	87	121	123	0	161	128	32	148	0	132
gene-b0793	NC_000913.3	826119	827252	-	1134	102	104	95	133	0	158	117	30	145	0	139
gene-b0794	NC_000913.3	827245	828981	-	1737	459	303	283	437	0	528	479	94	352	0	391
gene-b0795	NC_000913.3	828974	829972	-	999	292	190	222	363	0	418	366	82	222	0	275
gene-b0796	NC_000913.3	829972	830643	-	672	250	148	147	282	0	275	317	74	241	0	180
gene-b0797	NC_000913.3	830872	832236	+	1365	653	387	369	913	0	818	1026	242	412	0	492
gene-b0798	NC_000913.3	832468	832950	-	483	58	78	67	106	0	67	94	18	114	0	72
gene-b0799	NC_000913.3	833070	835220	+	2151	355	242	225	439	0	424	409	96	315	0	294
gene-b0800	NC_000913.3	835248	836210	+	963	968	584	620	1098	0	1222	1131	306	653	0	851
gene-b0801	NC_000913.3	836351	837436	+	1086	4911	2318	2428	4799	0	4834	5741	1582	2367	0	3230
gene-b4814	NC_000913.3	837435	837531	-	97	0	0	0	0	0	0	0	0	0	0	0
gene-b4769	NC_000913.3	837503	837562	+	60	0	13	16	27	0	26	2	0	2	0	2
gene-b0802	NC_000913.3	837665	837925	-	261	274	189	197	341	0	303	352	86	172	0	185
gene-b0803	NC_000913.3	838190	838456	-	267	41	54	41	71	0	62	72	22	182	0	63
gene-b0804	NC_000913.3	838530	839207	-	678	238	150	158	257	0	246	268	64	662	0	151
gene-b0805	NC_000913.3	839249	841531	-	2283	1102	815	1227	911	0	1545	1322	512	10060	0	1625
gene-b0806	NC_000913.3	841796	842056	-	261	38	71	59	66	0	83	61	10	49	0	46
gene-b0807	NC_000913.3	842332	843258	+	927	488	329	387	681	0	557	626	141	322	0	325
gene-b0808	NC_000913.3	843255	845480	-	2226	152	169	166	170	0	197	206	30	210	0	160
gene-b0809	NC_000913.3	845741	846463	-	723	1920	1112	1023	2461	0	2358	2647	496	1181	0	1884
gene-b0810	NC_000913.3	846460	847119	-	660	1519	841	755	1583	0	1816	1569	446	863	0	1700
gene-b0811	NC_000913.3	847258	848004	-	747	7535	3479	3421	6702	0	6270	6731	2102	4782	0	6462
gene-b0812	NC_000913.3	848408	848911	-	504	957	1868	2411	1847	0	3429	1063	208	635	0	676
gene-b0813	NC_000913.3	849210	850097	-	888	136	85	90	145	0	123	152	34	156	0	140
gene-b4736	NC_000913.3	850332	850397	+	66	2901	986	891	1231	0	1513	1599	462	648	0	565
gene-b0814	NC_000913.3	850450	850965	+	516	27309	8347	8868	17999	0	14770	15846	3012	3610	0	4178
gene-b0815	NC_000913.3	851014	852597	-	1584	568	376	291	526	0	407	497	96	280	0	256
gene-b4416	NC_000913.3	852725	853064	-	340	41	77	53	186	0	111	83	17	57	0	40
gene-b4705	NC_000913.3	852869	852997	-	129	0	0	0	0	0	0	0	0	0	0	0
gene-b0817	NC_000913.3	853183	853650	+	468	607	378	370	553	0	611	574	164	413	0	438
gene-b0818	NC_000913.3	853647	854765	+	1119	330	192	175	305	0	318	311	59	230	0	275
gene-b0819	NC_000913.3	854824	855744	-	921	4110	2013	1910	4696	0	3319	4779	1177	1663	0	2207
gene-b0820	NC_000913.3	855963	857555	+	1593	2891	1535	1545	3359	0	2704	3558	891	1657	0	2524
gene-b0821	NC_000913.3	857796	859061	-	1266	667	188	241	774	0	503	789	245	0	0	0
gene-b0822	NC_000913.3	859213	860028	-	816	788	437	498	912	0	702	1087	242	545	0	703
gene-b0823	NC_000913.3	860174	862606	-	2433	182	157	95	219	0	166	217	38	190	0	89
gene-b0824	NC_000913.3	862612	863511	-	900	36	28	20	39	0	28	35	10	34	0	18
gene-b0825	NC_000913.3	863642	864304	+	663	116	79	71	122	0	98	144	36	91	0	88
gene-b0826	NC_000913.3	864380	865129	-	750	357	185	163	476	0	360	447	106	209	0	353
gene-b0827	NC_000913.3	865129	866364	-	1236	837	418	359	737	0	745	747	266	590	0	821
gene-b0828	NC_000913.3	866568	867533	+	966	2945	2445	2289	4240	0	3637	4838	1343	2091	0	2253
gene-b0829	NC_000913.3	867520	869391	+	1872	2282	1808	1847	3511	0	3266	3772	1075	1496	0	1895
gene-b0830	NC_000913.3	869411	870949	+	1539	1408	1395	1318	1998	0	2111	2059	684	1091	0	1328
gene-b0831	NC_000913.3	870967	871887	+	921	401	489	506	590	0	667	614	166	473	0	408
gene-b0832	NC_000913.3	871890	872801	+	912	244	325	302	259	0	303	403	124	294	0	208
gene-b0833	NC_000913.3	872979	875327	+	2349	2072	1440	1404	1899	0	1497	2406	513	1575	0	1069
gene-b0834	NC_000913.3	875335	876663	+	1329	807	520	441	634	0	728	837	175	519	0	437
gene-b0835	NC_000913.3	876710	878035	-	1326	1437	867	873	1742	0	1867	1615	500	925	0	1495
gene-b0836	NC_000913.3	878248	878631	+	384	51	109	51	89	0	89	75	25	32	0	26
gene-b0837	NC_000913.3	878742	879857	+	1116	87	89	115	110	0	148	97	12	98	0	65
gene-b0838	NC_000913.3	879854	880480	-	627	765	651	615	895	0	859	774	207	463	0	602
gene-b0839	NC_000913.3	880727	881929	+	1203	1077	1021	970	1416	0	1440	1277	285	815	0	1086
gene-b0840	NC_000913.3	881976	882734	-	759	858	583	626	985	0	811	916	201	754	0	761
gene-b0841	NC_000913.3	882792	883388	-	597	647	664	550	701	0	629	560	109	633	0	655
gene-b0842	NC_000913.3	883673	884905	+	1233	596	315	314	504	0	428	280	58	292	0	310
gene-b0843	NC_000913.3	884946	885230	-	285	128	110	101	193	0	148	163	23	78	0	89
gene-b0844	NC_000913.3	885316	886131	-	816	410	352	332	466	0	539	497	140	253	0	326
gene-b0845	NC_000913.3	886131	887339	-	1209	354	207	249	363	0	319	427	100	189	0	233
gene-b0846	NC_000913.3	887423	887959	+	537	111	86	66	156	0	119	153	27	104	0	133
gene-b4417	NC_000913.3	887979	888057	-	79	43	30	18	30	0	33	5	0	33	0	12
gene-b0847	NC_000913.3	888134	889819	-	1686	1127	728	770	1192	0	911	755	143	628	0	678
gene-b0848	NC_000913.3	890089	890466	+	378	136	100	80	139	0	68	90	22	133	0	74
gene-b0849	NC_000913.3	890496	890753	-	258	222	169	191	259	0	234	317	37	149	0	137
gene-b0850	NC_000913.3	890913	891200	+	288	122	98	85	140	0	176	136	27	44	0	95
gene-b0851	NC_000913.3	891184	891906	+	723	523	366	336	555	0	728	432	137	327	0	376
gene-b0852	NC_000913.3	891967	892869	+	903	609	421	408	631	0	695	609	151	352	0	489
gene-b0853	NC_000913.3	892957	893433	+	477	921	621	582	1105	0	888	1275	220	662	0	763
gene-b0854	NC_000913.3	893784	894896	+	1113	1491	1271	1289	2059	0	2155	2144	656	2450	0	2859
gene-b0855	NC_000913.3	894991	896124	+	1134	450	442	444	810	0	777	711	184	619	0	1061
gene-b0856	NC_000913.3	896134	897087	+	954	128	205	212	179	0	316	155	68	237	0	348
gene-b0857	NC_000913.3	897084	897929	+	846	205	294	250	307	0	292	335	40	368	0	427
gene-b0858	NC_000913.3	897989	898477	+	489	211	116	116	198	0	153	188	30	214	0	259
gene-b0859	NC_000913.3	898518	899645	+	1128	594	353	346	638	0	524	688	164	334	0	377
gene-b0860	NC_000913.3	899844	900575	-	732	8043	5064	5204	10064	0	8289	11356	3600	2526	0	5098
gene-b0861	NC_000913.3	900866	901534	-	669	549	545	504	602	0	663	721	157	477	0	597
gene-b0862	NC_000913.3	901534	902250	-	717	512	367	371	533	0	645	538	142	366	0	585
gene-b0863	NC_000913.3	902257	902988	-	732	1154	1114	918	1463	0	1697	1510	437	925	0	1547
gene-b0864	NC_000913.3	903006	903734	-	729	1060	592	689	1229	0	1240	1407	358	658	0	1285
gene-b0865	NC_000913.3	903952	904467	-	516	478	508	643	828	0	913	795	266	617	0	667
gene-b0866	NC_000913.3	904593	904916	+	324	364	279	301	505	0	523	529	113	331	0	324
gene-b0867	NC_000913.3	904913	905743	+	831	520	282	340	608	0	630	599	140	354	0	422
gene-b0868	NC_000913.3	905740	906753	-	1014	761	477	546	926	0	993	947	206	702	0	940
gene-b0869	NC_000913.3	906852	908282	-	1431	663	537	505	846	0	794	718	249	573	0	684
gene-b0870	NC_000913.3	908293	909294	-	1002	1240	710	730	1623	0	1443	1565	416	1062	0	1325
gene-b0871	NC_000913.3	909331	911049	-	1719	73	294	402	375	0	672	368	119	457	0	438
gene-b0872	NC_000913.3	911182	912150	-	969	30	25	25	36	0	15	34	10	36	0	15
gene-b0873	NC_000913.3	912162	913814	-	1653	36	29	24	30	0	27	37	5	72	0	24
gene-b0874	NC_000913.3	913958	914857	-	900	1067	656	635	1027	0	968	878	217	484	0	934
gene-b0875	NC_000913.3	915352	916047	-	696	135	127	77	138	0	123	74	23	138	0	110
gene-b0876	NC_000913.3	916473	918131	+	1659	699	450	464	770	0	902	590	124	513	0	671
gene-b0877	NC_000913.3	918128	919120	-	993	2340	1362	1197	2262	0	2165	2876	710	2131	0	2742
gene-b0878	NC_000913.3	919235	920350	+	1116	660	316	269	630	0	580	666	192	348	0	502
gene-b0879	NC_000913.3	920347	922293	+	1947	742	417	373	703	0	650	656	171	491	0	536
gene-b0880	NC_000913.3	922366	922590	-	225	2856	3744	3387	3386	0	3281	3958	442	4181	0	3137
gene-b4770	NC_000913.3	922740	922814	+	75	137	98	100	95	0	111	110	45	84	0	86
gene-b0881	NC_000913.3	922913	923233	+	321	1047	646	692	870	0	1048	706	275	785	0	509
gene-b0882	NC_000913.3	923264	925540	+	2277	7582	5241	5160	7996	0	8744	8452	1870	677	0	558
gene-b0883	NC_000913.3	925884	925971	-	88	277	348	225	143	0	176	339	36	485	0	189
gene-b0884	NC_000913.3	926225	926443	-	219	4669	6412	6300	6290	0	5984	7932	1159	7895	0	5809
gene-b0885	NC_000913.3	926728	927432	-	705	508	456	416	688	0	666	728	141	335	0	384
gene-b0886	NC_000913.3	927474	929195	-	1722	996	951	784	1428	0	1415	1496	343	797	0	1093
gene-b0887	NC_000913.3	929196	930962	-	1767	784	696	551	949	0	958	1049	241	564	0	722
gene-b0888	NC_000913.3	931085	932050	-	966	7855	4106	4471	9693	0	7464	10005	2131	5807	0	7417
gene-b0889	NC_000913.3	932595	933089	+	495	10240	5993	5894	10694	0	9153	13239	2781	7170	0	9306
gene-b0890	NC_000913.3	933224	937213	+	3990	6532	4423	4430	6844	0	6806	8170	1875	5018	0	5899
gene-b0891	NC_000913.3	937372	937983	+	612	1164	632	628	1172	0	1077	1253	428	768	0	1015
gene-b0892	NC_000913.3	937994	939337	+	1344	1218	572	568	1100	0	939	1132	296	625	0	849
gene-b0893	NC_000913.3	939428	940720	+	1293	7450	3665	3778	8353	0	7286	9178	1869	3831	0	5314
gene-b0894	NC_000913.3	940959	943403	+	2445	251	71	72	167	0	126	156	48	94	0	92
gene-b0895	NC_000913.3	943414	944031	+	618	81	23	19	65	0	49	53	16	17	0	34
gene-b0896	NC_000913.3	944033	944896	+	864	108	65	54	115	0	97	137	26	104	0	85
gene-b0897	NC_000913.3	944931	945557	-	627	37	331	366	231	0	562	203	33	593	0	488
gene-b0898	NC_000913.3	945871	947019	+	1149	803	759	794	1086	0	774	1205	206	441	0	421
gene-b0899	NC_000913.3	947229	948659	+	1431	90	74	52	108	0	50	68	14	84	0	85
gene-b0900	NC_000913.3	948660	949568	-	909	190	124	139	209	0	132	100	29	194	0	147
gene-b0901	NC_000913.3	949668	950258	+	591	50	31	39	52	0	28	26	16	65	0	40
gene-b0902	NC_000913.3	950340	951080	-	741	1192	517	496	940	0	786	1054	209	437	0	594
gene-b0903	NC_000913.3	951272	953554	-	2283	19734	9800	10673	23361	0	21537	23156	7321	10354	0	15840
gene-b0904	NC_000913.3	953609	954466	-	858	922	750	741	1367	0	1368	986	319	877	0	1106
gene-b0905	NC_000913.3	954872	956632	-	1761	2355	1468	1550	3571	0	2889	4166	1193	1886	0	3057
gene-b0906	NC_000913.3	956762	957454	+	693	72	119	108	109	0	135	123	51	128	0	99
gene-b0907	NC_000913.3	957653	958741	+	1089	20061	12753	13086	23809	0	25912	26065	5950	11787	0	16768
gene-b0908	NC_000913.3	958812	960095	+	1284	13581	4117	4052	8828	0	8820	9226	3290	5216	0	7119
gene-b0909	NC_000913.3	960264	961028	+	765	795	154	93	247	0	161	327	81	156	0	142
gene-b0910	NC_000913.3	961201	961884	+	684	5305	3669	3527	5265	0	5776	5970	1544	3666	0	4464
gene-b0911	NC_000913.3	961995	963668	+	1674	93006	55672	56382	91044	0	103476	104552	26979	53359	0	88292
gene-b0912	NC_000913.3	963828	964112	+	285	5300	3030	3192	5306	0	4942	6198	1516	2582	0	2937
gene-b0913	NC_000913.3	964320	966584	+	2265	246	182	144	226	0	211	253	35	185	0	176
gene-b0914	NC_000913.3	966621	968369	+	1749	2488	1757	1827	3481	0	2807	3760	787	1692	0	2425
gene-b0915	NC_000913.3	968366	969352	+	987	632	489	529	883	0	733	975	166	475	0	610
gene-b0916	NC_000913.3	969389	970621	+	1233	147	109	112	199	0	186	195	39	164	0	156
gene-b0917	NC_000913.3	970673	970855	+	183	636	250	216	537	0	534	500	69	277	0	412
gene-b0918	NC_000913.3	970852	971598	+	747	2090	1151	1138	2009	0	1744	2159	387	765	0	1258
gene-b0919	NC_000913.3	971752	972645	+	894	173	101	91	174	0	158	162	32	87	0	80
gene-b0920	NC_000913.3	972622	973401	-	780	175	117	117	269	0	196	246	66	117	0	163
gene-b0921	NC_000913.3	973537	974322	+	786	955	775	675	1183	0	1224	1330	282	660	0	753
gene-b0922	NC_000913.3	974319	975641	+	1323	874	537	601	1165	0	984	1189	350	572	0	755
gene-b0923	NC_000913.3	975622	976326	+	705	903	591	582	1075	0	1117	997	295	858	0	1162
gene-b0924	NC_000913.3	976326	980786	+	4461	6873	3619	3569	8219	0	7189	8530	1878	5582	0	7871
gene-b0925	NC_000913.3	981047	982894	+	1848	1150	724	740	1197	0	1039	1253	223	982	0	850
gene-b0926	NC_000913.3	983075	983623	+	549	2285	1538	1603	2827	0	2631	2850	762	1423	0	1445
gene-b0927	NC_000913.3	983650	984297	+	648	2025	1376	1376	2384	0	2153	2557	519	1256	0	1406
gene-b0928	NC_000913.3	984519	985709	-	1191	12992	6501	6294	11708	0	11405	13790	4155	7521	0	12690
gene-b0929	NC_000913.3	985894	986982	-	1089	159755	129261	131600	163031	0	253931	220833	78899	321908	0	439475
gene-b0930	NC_000913.3	987585	988985	-	1401	14936	9453	9392	16642	0	17568	18242	3987	8079	0	12169
gene-b0931	NC_000913.3	989154	990356	-	1203	4480	3236	3232	5187	0	4841	5701	1341	2944	0	3352
gene-b0932	NC_000913.3	990622	993234	+	2613	3288	1752	1680	2635	0	2940	2831	1270	1896	0	2581
gene-b0933	NC_000913.3	993277	994044	-	768	65	45	29	80	0	65	70	31	75	0	63
gene-b0934	NC_000913.3	994041	994832	-	792	11	17	7	15	0	14	11	6	11	0	25
gene-b0935	NC_000913.3	994843	995988	-	1146	25	35	27	41	0	49	41	15	60	0	125
gene-b0936	NC_000913.3	995985	996944	-	960	13	14	7	19	0	34	22	2	59	0	76
gene-b0937	NC_000913.3	996937	997512	-	576	20	27	32	36	0	21	47	9	66	0	102
gene-b0938	NC_000913.3	997868	998407	+	540	44	25	29	50	0	24	52	10	89	0	59
gene-b0939	NC_000913.3	998490	999191	+	702	25	33	13	26	0	17	17	8	25	0	19
gene-b0940	NC_000913.3	999216	1001816	+	2601	110	120	107	117	0	105	103	26	116	0	67
gene-b0941	NC_000913.3	1001807	1002877	+	1071	130	143	111	143	0	79	96	23	121	0	72
gene-b0942	NC_000913.3	1002889	1003431	+	543	35	30	23	41	0	21	25	14	13	0	16
gene-b0943	NC_000913.3	1003439	1003954	+	516	24	24	31	49	0	32	32	3	21	0	4
gene-b0944	NC_000913.3	1003947	1004657	+	711	131	114	100	140	0	120	147	25	93	0	71
gene-b0945	NC_000913.3	1004768	1005778	+	1011	1733	1339	1330	2119	0	2422	2313	495	1126	0	1861
gene-b0946	NC_000913.3	1005952	1006494	+	543	796	715	682	725	0	611	477	87	669	0	553
gene-b0947	NC_000913.3	1006491	1007600	-	1110	1074	576	596	1185	0	992	1138	341	661	0	728
gene-b0948	NC_000913.3	1007844	1009952	+	2109	2536	1025	1130	2614	0	2290	2705	703	1132	0	1743
gene-b0949	NC_000913.3	1009964	1011871	+	1908	2559	1322	1307	2620	0	2343	2732	672	1408	0	1742
gene-b0950	NC_000913.3	1012001	1013254	+	1254	418	355	345	493	0	395	489	98	305	0	399
gene-b0951	NC_000913.3	1013259	1014899	+	1641	666	554	531	800	0	756	979	194	524	0	686
gene-b0952	NC_000913.3	1014896	1015459	+	564	258	266	237	322	0	336	320	103	240	0	249
gene-b0953	NC_000913.3	1015715	1015882	+	168	1765	10026	7028	2840	0	4874	3029	459	4967	0	1254
gene-b0954	NC_000913.3	1015952	1016470	-	519	6699	6118	6027	9771	0	7353	11521	1825	3714	0	5003
gene-b0955	NC_000913.3	1016539	1018299	-	1761	2161	1150	1229	2712	0	2599	3131	666	1271	0	1744
gene-b0956	NC_000913.3	1018485	1018937	+	453	634	487	504	750	0	615	871	158	578	0	464
gene-b0957	NC_000913.3	1019013	1020053	-	1041	188709	80225	86525	153673	0	159705	167595	41255	50981	0	73579
gene-b0958	NC_000913.3	1020410	1020919	-	510	346	324	319	359	0	377	392	83	453	0	289
gene-b0959	NC_000913.3	1021138	1021767	+	630	152	152	131	190	0	135	191	50	219	0	172
gene-b0960	NC_000913.3	1021730	1023883	-	2154	850	711	678	1123	0	1103	1059	282	541	0	601
gene-b0961	NC_000913.3	1023902	1024348	-	447	280	258	239	384	0	394	387	80	141	0	226
gene-b0962	NC_000913.3	1024471	1026525	+	2055	1521	865	806	1692	0	1414	1596	458	710	0	1011
gene-b0963	NC_000913.3	1026557	1027015	-	459	2171	1320	1303	2408	0	2003	2657	485	931	0	1211
gene-b0964	NC_000913.3	1027111	1027773	-	663	53	67	47	52	0	73	50	13	61	0	84
gene-b0965	NC_000913.3	1027946	1028359	+	414	510	396	318	606	0	616	611	145	512	0	621
gene-b0966	NC_000913.3	1028404	1028721	-	318	1340	1107	1074	1677	0	1661	1739	340	1636	0	1380
gene-b0967	NC_000913.3	1028779	1029969	-	1191	1913	1117	971	1970	0	1915	2076	459	940	0	1586
gene-b0968	NC_000913.3	1030064	1030342	+	279	93	95	97	154	0	150	123	55	82	0	99
gene-b0969	NC_000913.3	1030339	1030668	-	330	778	423	390	601	0	523	672	127	404	0	343
gene-b0970	NC_000913.3	1030759	1031418	-	660	6469	4602	4296	7837	0	6655	8417	1675	1595	0	2545
gene-b0971	NC_000913.3	1031625	1031712	-	88	75	38	25	32	0	36	107	6	91	0	54
gene-b0972	NC_000913.3	1032139	1033257	+	1119	10	19	16	13	0	23	26	4	20	0	12
gene-b0973	NC_000913.3	1033254	1035047	+	1794	21	26	23	23	0	40	39	12	115	0	45
gene-b0974	NC_000913.3	1035066	1035773	+	708	19	19	16	16	0	16	23	5	30	0	8
gene-b0975	NC_000913.3	1035770	1036357	+	588	30	17	11	60	0	39	52	7	34	0	10
gene-b0976	NC_000913.3	1036354	1036752	+	399	6	12	6	5	0	17	5	3	6	0	6
gene-b0977	NC_000913.3	1036749	1037606	+	858	36	20	21	36	0	30	46	11	35	0	21
gene-b0978	NC_000913.3	1037740	1039284	+	1545	99	78	69	98	0	96	118	9	98	0	58
gene-b0979	NC_000913.3	1039296	1040432	+	1137	65	69	81	59	0	82	76	17	58	0	43
gene-b4592	NC_000913.3	1040445	1040537	+	93	6	16	25	33	0	26	6	0	13	0	3
gene-b0980	NC_000913.3	1040617	1041915	+	1299	136	170	132	201	0	179	199	45	128	0	117
gene-b0981	NC_000913.3	1042030	1044210	-	2181	560	393	320	677	0	428	665	104	497	0	470
gene-b0982	NC_000913.3	1044230	1044676	-	447	48	35	21	62	0	51	51	13	54	0	53
gene-b0983	NC_000913.3	1044664	1045803	-	1140	126	86	62	127	0	145	102	29	116	0	151
gene-b0984	NC_000913.3	1045849	1047945	-	2097	175	110	98	153	0	124	171	44	179	0	119
gene-b0985	NC_000913.3	1047945	1048691	-	747	55	26	31	54	0	37	33	14	60	0	40
gene-b0986	NC_000913.3	1048688	1049332	-	645	53	28	19	46	0	29	30	2	36	0	35
gene-b0987	NC_000913.3	1049439	1049744	-	306	73	49	50	57	0	30	36	15	533	0	465
gene-b4516	NC_000913.3	1049833	1050108	+	276	43	9	16	24	0	23	18	9	14	0	9
gene-b0988	NC_000913.3	1050027	1050530	+	504	1703	1214	1130	1265	0	1552	1850	470	0	0	1
gene-b0989	NC_000913.3	1050963	1051175	-	213	28	26	20	16	0	29	18	11	120	0	84
gene-b0990	NC_000913.3	1051461	1051673	+	213	96	34	54	66	0	42	29	2	116	0	24
gene-b4723	NC_000913.3	1051684	1051872	+	189	12	10	10	18	0	6	7	0	8	0	1
gene-b0991	NC_000913.3	1051847	1052077	+	231	7	5	11	11	0	10	3	1	4	0	0
gene-b4517	NC_000913.3	1052067	1052240	+	174	98	246	240	324	0	248	94	7	139	0	110
gene-b0992	NC_000913.3	1052289	1053362	-	1074	69	60	58	72	0	85	44	13	82	0	55
gene-b0993	NC_000913.3	1053434	1056178	-	2745	214	172	136	275	0	192	327	43	189	0	120
gene-b0994	NC_000913.3	1056261	1057289	+	1029	52	44	35	50	0	69	67	16	60	0	29
gene-b0995	NC_000913.3	1057262	1057954	-	693	244	154	152	236	0	260	293	62	137	0	209
gene-b0996	NC_000913.3	1058084	1059256	+	1173	38	34	28	44	0	28	54	6	62	0	33
gene-b0997	NC_000913.3	1059256	1061802	+	2547	98	82	49	136	0	92	126	23	113	0	76
gene-b0998	NC_000913.3	1061799	1062398	+	600	58	45	26	79	0	42	96	17	46	0	28
gene-b0999	NC_000913.3	1062550	1062855	-	306	191	129	119	254	0	208	250	26	112	0	148
gene-b1000	NC_000913.3	1062855	1063775	-	921	713	470	503	869	0	916	700	195	406	0	514
gene-b1001	NC_000913.3	1064036	1065292	+	1257	49	33	32	30	0	27	61	13	75	0	53
gene-b1002	NC_000913.3	1065585	1066826	+	1242	161	219	254	378	0	419	339	85	583	0	606
gene-b1003	NC_000913.3	1066864	1067091	-	228	125	327	375	361	0	653	219	32	355	0	338
gene-b1004	NC_000913.3	1067112	1067708	-	597	262	617	739	646	0	1349	446	139	547	0	596
gene-b4518	NC_000913.3	1068081	1068254	+	174	143	129	106	111	0	94	120	16	200	0	92
gene-b1006	NC_000913.3	1068511	1069839	-	1329	96	71	64	101	0	82	128	10	70	0	38
gene-b1007	NC_000913.3	1069860	1070354	-	495	13	20	19	30	0	28	29	7	23	0	9
gene-b1008	NC_000913.3	1070365	1070955	-	591	27	13	25	23	0	9	32	1	56	0	36
gene-b1009	NC_000913.3	1070965	1071765	-	801	35	12	7	26	0	17	20	14	40	0	42
gene-b1010	NC_000913.3	1071773	1072159	-	387	8	5	7	12	0	7	11	2	20	0	9
gene-b1011	NC_000913.3	1072171	1072863	-	693	14	12	4	30	0	15	12	2	29	0	8
gene-b1012	NC_000913.3	1072863	1074011	-	1149	16	16	2	8	0	14	35	2	57	0	32
gene-b1013	NC_000913.3	1074242	1074880	+	639	228	154	163	250	0	229	253	45	202	0	212
gene-b1014	NC_000913.3	1074920	1078882	-	3963	1338	468	482	1213	0	1233	1188	379	704	0	1193
gene-b4737	NC_000913.3	1079120	1079146	+	27	18	13	9	9	0	5	17	5	19	0	3
gene-b1015	NC_000913.3	1079305	1080813	+	1509	2356	1337	1315	1888	0	2237	1888	607	2009	0	2844
gene-b1018	NC_000913.3	1082243	1083370	+	1128	2083	1097	1320	2039	0	2067	2517	650	7467	0	4796
gene-b1019	NC_000913.3	1083376	1084647	+	1272	1181	590	678	1178	0	1267	1346	292	4006	0	2697
gene-b1020	NC_000913.3	1084992	1086056	+	1065	825	693	798	786	0	1100	721	117	1319	0	834
gene-b1021	NC_000913.3	1086106	1086519	-	414	74	38	55	88	0	61	34	5	125	0	91
gene-b1022	NC_000913.3	1086521	1087846	-	1326	78	35	31	63	0	25	19	8	61	0	50
gene-b1023	NC_000913.3	1087839	1089857	-	2019	102	39	45	78	0	42	41	8	74	0	44
gene-b1024	NC_000913.3	1089866	1092289	-	2424	272	126	98	156	0	98	117	21	177	0	114
gene-b1025	NC_000913.3	1092876	1094234	+	1359	224	160	147	209	0	123	201	46	251	0	165
gene-b1026	NC_000913.3	1094275	1095141	-	867	5	8	8	9	0	11	3	0	5	0	14
gene-b1027	NC_000913.3	1095138	1095437	-	300	1	2	0	4	0	1	2	0	5	0	0
gene-b1029	NC_000913.3	1095843	1096829	+	987	40	35	17	16	0	15	32	1	37	0	20
gene-b1032	NC_000913.3	1097565	1097652	-	88	126	109	85	10	0	20	151	20	216	0	111
gene-b1033	NC_000913.3	1097886	1098824	+	939	1612	806	818	1584	0	1582	1464	478	765	0	1112
gene-b1034	NC_000913.3	1098879	1099616	+	738	1479	786	792	1602	0	1545	1354	390	716	0	1191
gene-b1035	NC_000913.3	1099640	1100194	+	555	1371	653	725	1465	0	1342	1431	344	760	0	1042
gene-b1036	NC_000913.3	1100296	1100787	+	492	477	270	289	618	0	464	526	124	329	0	336
gene-b1037	NC_000913.3	1100851	1101684	-	834	124	148	163	152	0	124	144	13	144	0	103
gene-b1038	NC_000913.3	1101711	1102127	-	417	23	15	21	22	0	49	26	8	24	0	26
gene-b1039	NC_000913.3	1102152	1102541	-	390	17	18	39	48	0	46	21	5	27	0	25
gene-b1040	NC_000913.3	1102546	1103196	-	651	179	142	153	198	0	124	202	44	177	0	103
gene-b1041	NC_000913.3	1103951	1104406	+	456	2	14	4	7	0	5	18	6	32	0	9
gene-b1042	NC_000913.3	1104447	1104902	+	456	75	50	50	72	0	61	55	5	97	0	62
gene-b1043	NC_000913.3	1104961	1105293	+	333	35	382	418	24	0	394	12	2	144	0	178
gene-b1044	NC_000913.3	1105414	1105725	+	312	63	685	606	44	0	990	32	8	211	0	329
gene-b1045	NC_000913.3	1105820	1106353	+	534	171	399	402	145	0	547	82	33	164	0	228
gene-b1046	NC_000913.3	1106355	1107776	+	1422	164	239	251	214	0	374	197	46	214	0	230
gene-b1047	NC_000913.3	1107784	1108941	-	1158	398	266	265	463	0	409	400	105	203	0	219
gene-b1048	NC_000913.3	1109335	1110870	+	1536	5123	2429	2422	4386	0	5007	3589	1338	2131	0	3295
gene-b1049	NC_000913.3	1110863	1113406	+	2544	5030	2817	2928	4884	0	4693	4497	1023	2379	0	3216
gene-b1050	NC_000913.3	1113579	1113806	+	228	86	194	182	185	0	274	165	51	303	0	207
gene-b1051	NC_000913.3	1113807	1114181	-	375	103	381	340	360	0	733	261	130	643	0	511
gene-b1053	NC_000913.3	1114264	1115490	-	1227	70	62	67	101	0	60	131	34	56	0	49
gene-b1054	NC_000913.3	1115662	1116582	-	921	631	552	505	797	0	675	910	145	461	0	652
gene-b1055	NC_000913.3	1116807	1117859	+	1053	2416	1204	1340	2466	0	2426	2322	611	1261	0	1714
gene-b1056	NC_000913.3	1117901	1118476	-	576	1107	476	465	1218	0	945	560	182	634	0	775
gene-b1057	NC_000913.3	1118480	1119046	-	567	143	79	67	169	0	108	75	21	134	0	146
gene-b1058	NC_000913.3	1119307	1119447	-	141	13	1	2	21	0	6	8	2	17	0	5
gene-b1059	NC_000913.3	1119468	1120586	-	1119	2233	1218	1193	2288	0	2649	1870	459	1616	0	2305
gene-b1060	NC_000913.3	1120701	1120955	-	255	440	430	408	423	0	319	357	68	398	0	247
gene-b1061	NC_000913.3	1121242	1121487	-	246	959	638	618	1246	0	1009	959	210	614	0	478
gene-b1062	NC_000913.3	1121561	1122607	-	1047	5921	3051	3058	5835	0	6746	5293	1463	1806	0	2765
gene-b1063	NC_000913.3	1122713	1123273	-	561	374	290	291	465	0	361	451	107	456	0	407
gene-b1064	NC_000913.3	1123407	1124054	-	648	1284	998	1141	1489	0	1703	1539	411	791	0	768
gene-b1065	NC_000913.3	1124118	1125326	-	1209	111	85	65	119	0	130	122	16	126	0	108
gene-b1066	NC_000913.3	1125562	1126146	+	585	1022	513	504	1083	0	906	703	246	505	0	627
gene-b1067	NC_000913.3	1126157	1126804	+	648	711	444	443	865	0	701	548	165	356	0	380
gene-b1068	NC_000913.3	1126806	1127729	+	924	474	320	271	513	0	558	399	138	393	0	456
gene-b1069	NC_000913.3	1127839	1129374	+	1536	617	579	524	888	0	800	930	213	416	0	510
gene-b1070	NC_000913.3	1129414	1129830	-	417	44	1717	1947	110	0	4582	95	21	206	0	383
gene-b1071	NC_000913.3	1129835	1130128	-	294	56	1906	2025	95	0	4793	105	25	187	0	314
gene-b1072	NC_000913.3	1130204	1130863	-	660	45	2262	2255	66	0	3349	61	13	563	0	935
gene-b1073	NC_000913.3	1131018	1131434	+	417	6	3191	3200	26	0	7313	81	20	696	0	1530
gene-b1074	NC_000913.3	1131438	1131842	+	405	3	2406	2433	24	0	5911	58	13	464	0	997
gene-b1075	NC_000913.3	1131854	1132549	+	696	13	4631	5224	69	0	11474	139	44	1021	0	2315
gene-b1076	NC_000913.3	1132574	1133782	+	1209	50	8051	8629	138	0	19410	198	56	2011	0	4714
gene-b1077	NC_000913.3	1133802	1134557	+	756	31	2779	3177	35	0	7499	96	19	666	0	1851
gene-b1078	NC_000913.3	1134729	1135511	+	783	39	3457	3687	67	0	8314	101	24	1123	0	2278
gene-b1079	NC_000913.3	1135564	1136262	+	699	29	1005	1088	24	0	2683	48	14	384	0	725
gene-b1080	NC_000913.3	1136274	1137371	+	1098	20	1262	1358	27	0	2702	57	8	533	0	895
gene-b1081	NC_000913.3	1137371	1138312	+	942	20	972	986	32	0	1924	37	12	407	0	640
gene-b1082	NC_000913.3	1138378	1140021	+	1644	98	5679	6110	112	0	14942	134	32	683	0	1239
gene-b1083	NC_000913.3	1140033	1140986	+	954	132	4509	4536	161	0	12415	149	40	534	0	805
gene-b4826	NC_000913.3	1140986	1141063	+	78	5	61	67	8	0	126	0	0	5	0	2
gene-b1084	NC_000913.3	1141182	1144367	-	3186	10178	5122	5248	10116	0	10532	9463	2526	5657	0	8587
gene-b1085	NC_000913.3	1144502	1144822	+	321	2058	1639	1375	1826	0	1865	2230	416	2677	0	1750
gene-b1086	NC_000913.3	1144940	1145899	+	960	1712	1146	1093	1624	0	1735	1678	369	1116	0	1235
gene-b1087	NC_000913.3	1146011	1146595	-	585	809	633	558	1247	0	1045	1066	236	665	0	581
gene-b4418	NC_000913.3	1146589	1146757	+	169	686	1816	1697	2255	0	2088	546	106	1092	0	552
gene-b1088	NC_000913.3	1146794	1147315	+	522	16551	17252	17237	24165	0	24530	21451	3791	15667	0	18081
gene-b1089	NC_000913.3	1147367	1147540	+	174	7873	9190	9023	14741	0	14178	13088	1769	6594	0	7927
gene-b1090	NC_000913.3	1147621	1148691	+	1071	3128	2880	2605	4975	0	4979	3337	673	2397	0	2733
gene-b1091	NC_000913.3	1148759	1149712	+	954	4553	2989	2830	4531	0	5486	4126	1211	1911	0	3166
gene-b1092	NC_000913.3	1149728	1150657	+	930	5733	3377	3584	5968	0	7299	5744	1861	2836	0	4294
gene-b1093	NC_000913.3	1150670	1151404	+	735	13434	12049	12033	16414	0	15978	19981	3742	8293	0	10804
gene-b1094	NC_000913.3	1151615	1151851	+	237	44113	63740	58242	53058	0	49349	76756	10131	38283	0	31430
gene-b1095	NC_000913.3	1151939	1153180	+	1242	14102	5745	5844	14109	0	9327	16531	3523	5735	0	7869
gene-b1096	NC_000913.3	1153300	1154109	+	810	826	234	248	461	0	272	480	118	230	0	239
gene-b1097	NC_000913.3	1154112	1155134	+	1023	814	315	379	821	0	528	782	162	412	0	398
gene-b1098	NC_000913.3	1155124	1155765	+	642	687	261	285	674	0	373	626	146	292	0	330
gene-b1099	NC_000913.3	1155762	1156766	+	1005	801	322	294	734	0	610	731	176	410	0	532
gene-b1100	NC_000913.3	1156777	1157574	+	798	1681	877	843	1368	0	1260	1408	406	930	0	1006
gene-b1101	NC_000913.3	1157869	1159302	+	1434	14490	15277	15256	24624	0	28467	28873	6923	12524	0	18596
gene-b1102	NC_000913.3	1159362	1161551	-	2190	442	303	358	387	0	422	477	121	1831	0	335
gene-b1103	NC_000913.3	1161885	1162244	+	360	1491	780	851	1622	0	1682	1483	319	1302	0	1702
gene-b1104	NC_000913.3	1162247	1162624	+	378	859	559	536	1012	0	1021	883	238	967	0	971
gene-b1105	NC_000913.3	1162638	1163279	+	642	1279	667	743	1450	0	1476	1287	322	1158	0	1444
gene-b1106	NC_000913.3	1163260	1164084	+	825	334	272	252	412	0	446	351	106	341	0	275
gene-b1107	NC_000913.3	1164095	1165120	+	1026	879	568	545	918	0	1045	924	296	631	0	757
gene-b1108	NC_000913.3	1165143	1165685	+	543	977	613	606	949	0	1054	1061	305	679	0	776
gene-b1109	NC_000913.3	1166085	1167389	+	1305	2532	1146	1217	2048	0	2453	2490	752	695	0	1137
gene-b1110	NC_000913.3	1167599	1168138	+	540	108	89	76	115	0	148	110	28	134	0	71
gene-b1111	NC_000913.3	1168200	1168832	-	633	364	523	612	447	0	1012	482	115	343	0	388
gene-b1112	NC_000913.3	1169073	1169330	+	258	179	71	54	181	0	87	167	41	65	0	47
gene-b4832	NC_000913.3	1169303	1169402	+	100	0	0	0	0	0	0	0	0	0	0	0
gene-b1113	NC_000913.3	1169412	1170374	-	963	609	472	437	606	0	528	639	193	241	0	300
gene-b1114	NC_000913.3	1170518	1173964	-	3447	3546	1962	1791	4104	0	4258	4477	1087	1934	0	2679
gene-b1115	NC_000913.3	1174092	1175165	-	1074	64	52	69	60	0	60	102	32	44	0	37
gene-b1116	NC_000913.3	1175427	1176626	+	1200	891	852	940	1311	0	1405	1651	380	1015	0	994
gene-b1117	NC_000913.3	1176619	1177320	+	702	438	369	358	634	0	634	640	151	385	0	474
gene-b1118	NC_000913.3	1177320	1178564	+	1245	869	948	976	1270	0	1182	1396	338	891	0	920
gene-b1119	NC_000913.3	1178593	1179504	+	912	738	634	541	810	0	867	846	193	587	0	703
gene-b1120	NC_000913.3	1179520	1180359	+	840	958	621	582	1052	0	1246	1007	277	823	0	1007
gene-b1121	NC_000913.3	1180479	1181267	-	789	117	49	70	122	0	104	82	24	0	0	0
gene-b1122	NC_000913.3	1181264	1181725	-	462	54	22	33	39	0	66	32	12	90	0	82
gene-b1123	NC_000913.3	1181783	1182829	-	1047	3676	3576	3490	4244	0	6602	3529	960	3352	0	4993
gene-b1124	NC_000913.3	1182826	1183620	-	795	467	465	487	632	0	928	562	185	438	0	576
gene-b1125	NC_000913.3	1183617	1184444	-	828	278	355	276	349	0	539	297	135	253	0	417
gene-b1126	NC_000913.3	1184458	1185594	-	1137	1328	1144	995	1587	0	2258	1606	447	920	0	1523
gene-b1127	NC_000913.3	1185844	1187070	+	1227	664	588	670	758	0	818	851	203	522	0	466
gene-b1128	NC_000913.3	1187119	1188240	-	1122	2347	1557	1411	2578	0	2371	2780	551	1375	0	1726
gene-b1129	NC_000913.3	1188316	1189776	-	1461	1284	832	842	1242	0	1434	1068	272	1196	0	1245
gene-b1130	NC_000913.3	1189776	1190447	-	672	1790	1093	1154	1773	0	2027	1510	405	1321	0	1665
gene-b1131	NC_000913.3	1190616	1191986	-	1371	7081	3621	3622	5766	0	7786	6417	1587	2856	0	4847
gene-b1132	NC_000913.3	1191990	1192631	-	642	1302	804	731	1333	0	1498	1249	380	735	0	1023
gene-b1133	NC_000913.3	1192667	1193773	-	1107	3146	1808	1850	3062	0	3396	3067	717	1480	0	2397
gene-b1134	NC_000913.3	1193827	1194288	-	462	139	151	119	192	0	226	174	36	114	0	143
gene-b1135	NC_000913.3	1194298	1194951	-	654	202	178	166	250	0	326	261	60	186	0	229
gene-b1136	NC_000913.3	1195123	1196373	+	1251	69239	33854	37097	54652	0	67530	57175	16136	29324	0	42823
gene-b4806	NC_000913.3	1196711	1196782	+	72	197	22	13	57	0	35	79	36	0	0	0
gene-b1137	NC_000913.3	1196867	1197532	-	666	216	89	108	246	0	114	222	65	0	0	0
gene-b1138	NC_000913.3	1197533	1198237	-	705	118	54	60	77	0	75	113	49	6	0	0
gene-b1139	NC_000913.3	1198695	1199588	+	894	333	97	116	230	0	211	260	90	0	0	0
gene-b1140	NC_000913.3	1199679	1200806	-	1128	106	95	94	124	0	99	104	24	0	0	0
gene-b1141	NC_000913.3	1200787	1201032	-	246	16	21	8	20	0	22	13	1	0	0	0
gene-b1142	NC_000913.3	1201069	1201380	-	312	46	26	15	32	0	35	37	2	0	0	0
gene-b1143	NC_000913.3	1201497	1201838	+	342	443	234	179	636	0	494	549	203	0	0	0
gene-b1144	NC_000913.3	1201776	1202084	-	309	53	35	39	117	0	82	46	2	0	0	0
gene-b1145	NC_000913.3	1202259	1202933	-	675	1045	1055	999	1273	0	1184	1395	267	0	0	0
gene-b1146	NC_000913.3	1203024	1203224	+	201	29	24	39	53	0	28	45	2	0	0	0
gene-b1147	NC_000913.3	1203268	1203825	+	558	147	14	31	110	0	43	103	14	0	0	0
gene-b1148	NC_000913.3	1203822	1204160	+	339	10	4	1	8	0	19	4	0	0	0	0
gene-b1149	NC_000913.3	1204170	1205537	+	1368	37	27	16	25	0	33	37	7	0	0	0
gene-b1150	NC_000913.3	1205549	1205731	+	183	2	1	0	2	0	1	0	0	0	0	0
gene-b1151	NC_000913.3	1205731	1206204	+	474	10	13	4	9	0	6	16	0	0	0	0
gene-b1153	NC_000913.3	1206913	1207497	+	585	13	7	6	7	0	13	10	4	0	0	0
gene-b1154	NC_000913.3	1207501	1208130	+	630	15	9	17	9	0	14	13	2	0	0	0
gene-b1155	NC_000913.3	1208132	1208545	+	414	13	19	10	11	0	22	21	0	0	0	0
gene-b1156	NC_000913.3	1208517	1209119	-	603	25	25	37	38	0	10	34	0	67	0	40
gene-b1158	NC_000913.3	1209685	1210239	+	555	14	13	6	9	0	8	18	4	87	0	30
gene-b1159	NC_000913.3	1210346	1211179	+	834	154	108	77	136	0	135	157	30	0	0	0
gene-b1160	NC_000913.3	1211680	1212003	-	324	36	23	16	23	0	25	50	8	670	0	607
gene-b4738	NC_000913.3	1212260	1212304	-	45	1	5	4	6	0	1	11	5	93	0	57
gene-b4739	NC_000913.3	1212540	1212650	-	111	7	7	4	11	0	8	27	5	36	0	22
gene-b1161	NC_000913.3	1212703	1213107	-	405	138	101	101	176	0	105	201	33	83	0	127
gene-b1162	NC_000913.3	1213328	1214059	-	732	946	733	792	841	0	1138	671	175	827	0	741
gene-b1163	NC_000913.3	1214264	1215475	-	1212	167	232	226	252	0	328	116	49	420	0	490
gene-b1164	NC_000913.3	1215789	1216025	+	237	91	59	62	109	0	62	114	27	53	0	35
gene-b1165	NC_000913.3	1216068	1216340	+	273	32	34	14	50	0	51	66	14	14	0	11
gene-b1166	NC_000913.3	1216369	1216635	+	267	21	26	15	32	0	22	45	9	12	0	11
gene-b1167	NC_000913.3	1216748	1216996	+	249	21	13	11	28	0	15	63	17	22	0	7
gene-b1168	NC_000913.3	1217328	1218851	+	1524	72	68	74	98	0	67	77	19	162	0	107
gene-b4520	NC_000913.3	1218983	1219201	+	219	4	19	7	15	0	13	9	7	19	0	11
gene-b1171	NC_000913.3	1222305	1222634	-	330	179	84	90	164	0	112	86	12	84	0	55
gene-b1172	NC_000913.3	1222644	1222988	-	345	145	77	54	119	0	80	34	13	23	0	17
gene-b4593	NC_000913.3	1222990	1223163	-	174	0	7	6	35	0	19	7	4	17	0	0
gene-b4594	NC_000913.3	1223264	1223449	+	186	42	2	19	20	0	17	12	0	32	0	24
gene-b1174	NC_000913.3	1224279	1224545	-	267	1764	805	811	1946	0	1738	1244	215	958	0	1256
gene-b1175	NC_000913.3	1224549	1225361	-	813	4429	2475	2487	4676	0	4237	3379	792	2513	0	3288
gene-b1176	NC_000913.3	1225385	1226080	-	696	2528	1402	1420	2694	0	2653	1764	562	1517	0	2075
gene-b1177	NC_000913.3	1226600	1226968	+	369	365	284	217	267	0	306	219	50	340	0	254
gene-b1178	NC_000913.3	1227071	1227472	-	402	299	288	214	310	0	362	232	54	587	0	546
gene-b4816	NC_000913.3	1227368	1227427	+	60	0	0	0	0	0	0	0	0	0	0	0
gene-b1179	NC_000913.3	1227681	1228007	+	327	880	700	800	1122	0	943	1273	316	919	0	727
gene-b1180	NC_000913.3	1228079	1228738	+	660	698	577	553	1026	0	825	951	187	784	0	805
gene-b1181	NC_000913.3	1228815	1229276	+	462	352	334	260	451	0	450	478	118	465	0	489
gene-b1182	NC_000913.3	1229483	1230394	-	912	42	23	27	33	0	38	30	7	39	0	13
gene-b1183	NC_000913.3	1230767	1231186	+	420	44	47	45	54	0	21	40	6	49	0	25
gene-b1184	NC_000913.3	1231186	1232454	+	1269	125	92	59	110	0	115	100	27	119	0	103
gene-b1185	NC_000913.3	1232500	1233030	-	531	733	622	694	942	0	1106	1107	130	521	0	736
gene-b1186	NC_000913.3	1233176	1234717	-	1542	1797	1217	1285	2170	0	2139	2526	637	1405	0	2265
gene-b1187	NC_000913.3	1234938	1235657	+	720	1100	775	764	1227	0	1021	1530	342	812	0	800
gene-b1188	NC_000913.3	1235709	1237241	-	1533	76	341	445	270	0	480	256	56	374	0	255
gene-b1189	NC_000913.3	1237571	1238869	+	1299	739	375	406	688	0	770	707	208	353	0	402
gene-b1190	NC_000913.3	1238879	1239949	+	1071	512	280	280	400	0	425	544	105	210	0	278
gene-b4740	NC_000913.3	1240260	1240463	+	204	18	44	39	31	0	54	25	10	20	0	18
gene-b1191	NC_000913.3	1240335	1242071	-	1737	376	702	756	475	0	1061	512	120	415	0	456
gene-b1192	NC_000913.3	1242166	1243080	-	915	606	320	365	779	0	584	720	199	385	0	492
gene-b1193	NC_000913.3	1243180	1243791	+	612	965	1001	882	1272	0	1702	1487	330	654	0	674
gene-b1194	NC_000913.3	1243793	1244527	-	735	57	3504	3661	108	0	7668	107	17	83	0	118
gene-b1195	NC_000913.3	1244728	1244982	+	255	8	55	77	23	0	81	31	2	19	0	8
gene-b1196	NC_000913.3	1245160	1245600	+	441	22	15	22	20	0	24	12	0	26	0	18
gene-b1197	NC_000913.3	1245679	1247376	-	1698	84	165	158	194	0	272	126	43	224	0	209
gene-b1198	NC_000913.3	1247696	1249114	-	1419	1621	975	1049	1507	0	1845	1590	466	950	0	1294
gene-b1199	NC_000913.3	1249125	1249757	-	633	489	296	380	660	0	659	663	141	260	0	434
gene-b1200	NC_000913.3	1249768	1250838	-	1071	1199	691	795	1336	0	1462	1374	365	829	0	1228
gene-b1201	NC_000913.3	1251066	1252985	+	1920	437	226	184	461	0	423	458	112	323	0	264
gene-b1202	NC_000913.3	1253085	1255952	-	2868	334	239	222	320	0	244	293	40	279	0	191
gene-b1203	NC_000913.3	1256721	1257812	-	1092	5464	2158	2278	5406	0	4757	5684	1647	2384	0	3763
gene-b1204	NC_000913.3	1257929	1258513	-	585	938	540	508	944	0	825	1060	256	542	0	752
gene-b1205	NC_000913.3	1258791	1259069	+	279	248	326	330	320	0	375	415	84	526	0	480
gene-b1206	NC_000913.3	1259124	1260803	-	1680	1177	273	295	579	0	360	688	159	362	0	418
gene-b1207	NC_000913.3	1260928	1261875	-	948	11511	6079	6341	11578	0	11458	13357	2896	7692	0	11403
gene-b1208	NC_000913.3	1262026	1262877	-	852	4176	2332	2157	3278	0	3433	4511	1173	2745	0	4026
gene-b1209	NC_000913.3	1262877	1263500	-	624	1014	618	587	1125	0	1165	1217	391	595	0	794
gene-b1210	NC_000913.3	1263714	1264970	+	1257	1333	907	851	1813	0	1275	2009	384	925	0	1152
gene-b1211	NC_000913.3	1265012	1266094	+	1083	943	486	444	1279	0	943	1302	408	498	0	732
gene-b1212	NC_000913.3	1266094	1266927	+	834	341	174	163	495	0	309	443	94	172	0	256
gene-b1213	NC_000913.3	1266924	1267316	+	393	157	83	135	292	0	232	119	35	93	0	130
gene-b1214	NC_000913.3	1267320	1268129	+	810	1465	721	773	1649	0	1605	1399	289	654	0	837
gene-b1215	NC_000913.3	1268165	1269019	+	855	4013	2243	2280	4082	0	3859	4068	981	1703	0	2457
gene-b4419	NC_000913.3	1269168	1269275	-	108	316	192	187	308	0	174	502	102	96	0	187
gene-b4420	NC_000913.3	1269323	1269389	+	67	103	86	79	112	0	78	76	15	29	0	41
gene-b4421	NC_000913.3	1269703	1269810	-	108	40	16	22	13	0	13	26	4	33	0	16
gene-b4422	NC_000913.3	1269858	1269923	+	66	42	26	17	16	0	14	16	4	89	0	38
gene-b4423	NC_000913.3	1270238	1270345	-	108	14	18	13	10	0	10	13	1	15	0	6
gene-b4424	NC_000913.3	1270393	1270460	+	68	53	44	27	25	0	19	54	4	14	0	2
gene-b1216	NC_000913.3	1270749	1271849	-	1101	1561	1228	1241	2042	0	1619	1328	330	918	0	1140
gene-b1217	NC_000913.3	1272119	1272349	+	231	89	94	99	105	0	128	46	14	227	0	125
gene-b1218	NC_000913.3	1272507	1273202	+	696	315	360	355	483	0	364	350	65	392	0	338
gene-b1219	NC_000913.3	1273246	1273599	-	354	942	520	564	913	0	962	960	228	734	0	727
gene-b1220	NC_000913.3	1273784	1275178	+	1395	222	177	214	280	0	263	279	67	125	0	77
gene-b1221	NC_000913.3	1275179	1275829	-	651	582	271	331	736	0	699	589	159	384	0	494
gene-b1222	NC_000913.3	1275822	1277618	-	1797	758	485	510	922	0	713	954	190	584	0	648
gene-b1223	NC_000913.3	1277957	1279348	+	1392	18	47	33	39	0	24	34	2	53	0	20
gene-b4813	NC_000913.3	1279337	1279520	+	184	14	28	20	27	0	21	16	1	5	0	7
gene-b1224	NC_000913.3	1279864	1283607	+	3744	168	132	101	151	0	116	133	19	148	0	96
gene-b1225	NC_000913.3	1283604	1285142	+	1539	77	82	52	115	0	99	130	22	99	0	62
gene-b1226	NC_000913.3	1285139	1285849	+	711	68	29	48	72	0	58	45	4	53	0	49
gene-b1227	NC_000913.3	1285849	1286526	+	678	50	43	37	48	0	59	61	5	39	0	39
gene-b1228	NC_000913.3	1286709	1286984	+	276	17	13	18	7	0	13	15	4	77	0	69
gene-b4425	NC_000913.3	1287066	1287236	-	171	2	0	1	14	0	4	10	0	18	0	6
gene-b1229	NC_000913.3	1287087	1287176	-	90	0	0	0	0	0	0	0	0	0	0	0
gene-b1230	NC_000913.3	1287244	1287328	-	85	555	947	926	681	0	671	1263	198	1675	0	964
gene-b1231	NC_000913.3	1287538	1287622	-	85	1255	2089	1854	1564	0	1319	3117	280	1320	0	1410
gene-b1232	NC_000913.3	1287782	1288624	-	843	3683	2349	2455	3792	0	4265	3297	986	2282	0	3390
gene-b1233	NC_000913.3	1288674	1289132	-	459	971	716	805	1156	0	1137	887	273	602	0	604
gene-b1234	NC_000913.3	1289245	1290150	+	906	786	446	458	879	0	861	711	198	451	0	576
gene-b1235	NC_000913.3	1290242	1291255	+	1014	480	484	469	622	0	591	579	142	423	0	470
gene-b1236	NC_000913.3	1291457	1292365	+	909	4010	2712	2938	4224	0	4053	4121	715	2446	0	3286
gene-b1237	NC_000913.3	1292509	1292922	-	414	14727	12091	12610	18690	0	16720	36832	7477	18743	0	18562
gene-b1238	NC_000913.3	1293527	1294144	+	618	1037	586	542	1037	0	854	952	297	643	0	746
gene-b1241	NC_000913.3	1295446	1298121	-	2676	6159	10830	9541	19443	0	18697	19167	5899	7053	0	12496
gene-b4771	NC_000913.3	1298514	1298567	+	54	28	20	24	35	0	29	25	6	14	0	14
gene-b1242	NC_000913.3	1298598	1299245	+	648	100	116	120	166	0	133	143	30	143	0	90
gene-b4711	NC_000913.3	1299567	1300547	+	981	0	0	0	0	0	0	0	0	0	0	0
gene-b1243	NC_000913.3	1301182	1302813	+	1632	12398	7019	7799	10685	0	15280	9955	3909	5220	0	8464
gene-b1244	NC_000913.3	1302899	1303819	+	921	1218	699	667	1320	0	1696	1065	448	429	0	987
gene-b1245	NC_000913.3	1303834	1304742	+	909	898	508	559	987	0	1321	717	290	357	0	750
gene-b1246	NC_000913.3	1304754	1305767	+	1014	1332	613	672	1360	0	1756	1145	397	528	0	1007
gene-b1247	NC_000913.3	1305764	1306768	+	1005	1683	963	1012	1522	0	2163	1326	400	882	0	1258
gene-b1248	NC_000913.3	1306821	1307150	-	330	869	1114	883	916	0	914	1005	179	870	0	792
gene-b1249	NC_000913.3	1307185	1308645	-	1461	1875	1312	1303	1864	0	1988	1901	348	996	0	1173
gene-b4595	NC_000913.3	1308788	1308961	+	174	898	1109	842	973	0	882	1136	94	990	0	435
gene-b1250	NC_000913.3	1309016	1310269	-	1254	316	402	422	373	0	435	279	61	782	0	586
gene-b1251	NC_000913.3	1310569	1310865	-	297	1616	1116	1097	1614	0	1355	1808	292	1290	0	1118
gene-b1252	NC_000913.3	1311089	1311808	+	720	2005	1923	1857	1944	0	1828	2094	422	2800	0	1442
gene-b1253	NC_000913.3	1311848	1312246	-	399	605	443	504	698	0	723	776	170	428	0	437
gene-b1254	NC_000913.3	1312351	1312890	-	540	749	545	524	961	0	766	925	206	565	0	716
gene-b1255	NC_000913.3	1312920	1313663	-	744	882	535	553	1056	0	867	1047	223	499	0	749
gene-b1256	NC_000913.3	1314020	1314658	+	639	80	73	50	98	0	101	58	25	49	0	67
gene-b1257	NC_000913.3	1314718	1315224	-	507	68	62	35	78	0	98	83	11	158	0	104
gene-b1258	NC_000913.3	1315270	1315770	-	501	31	27	19	33	0	79	35	2	67	0	38
gene-b1259	NC_000913.3	1315856	1316035	-	180	7	62	48	23	0	58	31	4	60	0	40
gene-b1260	NC_000913.3	1316416	1317222	-	807	4196	2015	1876	3555	0	4121	3299	1112	3933	0	4765
gene-b1261	NC_000913.3	1317222	1318415	-	1194	5365	2217	2182	4236	0	5993	3926	1618	4089	0	5586
gene-b1262	NC_000913.3	1318427	1319788	-	1362	3561	1827	1611	3167	0	3752	2826	1243	3091	0	4104
gene-b1263	NC_000913.3	1319789	1321384	-	1596	4316	1859	1920	4031	0	4425	3800	1215	3836	0	4744
gene-b1264	NC_000913.3	1321384	1322946	-	1563	5222	2396	2094	5055	0	5396	4699	1669	5002	0	6172
gene-b1265	NC_000913.3	1323038	1323082	-	45	178	219	171	268	0	291	138	29	201	0	159
gene-b1266	NC_000913.3	1323220	1324101	+	882	653	466	477	765	0	785	838	184	501	0	523
gene-b1267	NC_000913.3	1324098	1324718	+	621	452	442	439	815	0	693	664	152	364	0	451
gene-b1268	NC_000913.3	1324746	1326641	+	1896	245	210	160	304	0	283	172	32	229	0	183
gene-b1269	NC_000913.3	1326852	1327727	+	876	1593	1493	1413	1652	0	2161	1804	370	981	0	1393
gene-b1270	NC_000913.3	1327767	1328357	-	591	242	341	278	409	0	412	457	103	324	0	366
gene-b1271	NC_000913.3	1328354	1329112	-	759	495	320	382	608	0	734	656	161	522	0	762
gene-b1272	NC_000913.3	1329332	1330381	+	1050	1670	1124	986	1578	0	1459	1661	466	903	0	875
gene-b1273	NC_000913.3	1330417	1330668	-	252	480	575	546	508	0	484	631	79	752	0	362
gene-b1274	NC_000913.3	1331048	1333645	+	2598	6885	4236	4302	8670	0	7170	9463	2259	4764	0	5936
gene-b1275	NC_000913.3	1333855	1334829	+	975	2106	1056	1065	2181	0	2190	2136	730	1412	0	1571
gene-b4522	NC_000913.3	1335148	1335288	+	141	448	389	373	554	0	389	277	49	364	0	411
gene-b4523	NC_000913.3	1335291	1335458	+	168	526	281	307	589	0	444	285	93	549	0	462
gene-b4741	NC_000913.3	1335572	1335667	+	96	188	123	121	159	0	95	118	19	115	0	217
gene-b1276	NC_000913.3	1335831	1338506	+	2676	2749	1426	1679	2715	0	3209	2288	764	1698	0	2608
gene-b1277	NC_000913.3	1338570	1339160	-	591	1289	733	745	1480	0	1306	1652	315	760	0	974
gene-b1278	NC_000913.3	1339330	1340094	+	765	391	344	313	384	0	383	491	84	386	0	358
gene-b1279	NC_000913.3	1340243	1340551	+	309	768	700	682	847	0	769	852	151	940	0	703
gene-b1280	NC_000913.3	1340558	1341727	+	1170	992	854	829	1335	0	1038	1342	229	863	0	842
gene-b1281	NC_000913.3	1341921	1342658	+	738	1690	938	847	1513	0	1453	1660	333	591	0	928
gene-b1282	NC_000913.3	1342658	1342984	+	327	546	331	295	428	0	501	435	117	272	0	316
gene-b1283	NC_000913.3	1343110	1343328	-	219	385	298	318	415	0	316	317	66	358	0	232
gene-b1284	NC_000913.3	1343597	1344346	-	750	841	713	648	957	0	1115	1003	214	1012	0	1240
gene-b4596	NC_000913.3	1344436	1344609	-	174	311	299	297	358	0	438	360	79	353	0	409
gene-b4772	NC_000913.3	1344647	1344775	+	129	6	5	2	8	0	16	0	0	4	0	6
gene-b1285	NC_000913.3	1344757	1346742	-	1986	404	402	513	633	0	674	565	149	400	0	345
gene-b4672	NC_000913.3	1346796	1346900	+	105	8	10	9	40	0	16	10	5	5	0	5
gene-b1286	NC_000913.3	1346978	1348912	-	1935	9629	5346	5935	11217	0	12278	12068	3196	4946	0	7842
gene-b1287	NC_000913.3	1348980	1350107	-	1128	1229	1007	948	1590	0	1808	1943	623	982	0	1366
gene-b1288	NC_000913.3	1350251	1351039	-	789	11234	6288	6703	12247	0	12330	13265	2924	5775	0	9989
gene-b1289	NC_000913.3	1351407	1351760	-	354	66	47	31	66	0	46	100	18	71	0	41
gene-b1290	NC_000913.3	1351828	1352634	-	807	387	269	276	458	0	419	455	77	269	0	322
gene-b1291	NC_000913.3	1352636	1353628	-	993	552	333	353	728	0	750	727	197	478	0	540
gene-b1292	NC_000913.3	1353628	1354518	-	891	209	177	145	305	0	263	319	56	150	0	216
gene-b1293	NC_000913.3	1354505	1355470	-	966	365	235	267	450	0	410	473	94	219	0	296
gene-b1294	NC_000913.3	1355467	1357110	-	1644	1050	702	595	1125	0	1117	1292	344	611	0	899
gene-b1295	NC_000913.3	1357423	1357668	-	246	262	136	195	298	0	289	349	80	253	0	261
gene-b1296	NC_000913.3	1357802	1359187	-	1386	296	112	160	191	0	129	212	28	148	0	101
gene-b4742	NC_000913.3	1359177	1359341	-	165	197	26	45	98	0	54	57	12	15	0	24
gene-b1297	NC_000913.3	1359490	1360908	-	1419	2707	478	506	1429	0	637	988	242	288	0	232
gene-b1298	NC_000913.3	1361120	1361884	+	765	883	275	233	444	0	273	375	92	137	0	102
gene-b1299	NC_000913.3	1361911	1362468	+	558	630	236	252	444	0	280	390	85	240	0	275
gene-b1300	NC_000913.3	1362743	1364230	+	1488	1405	111	110	399	0	136	292	100	59	0	38
gene-b1301	NC_000913.3	1364232	1365512	+	1281	729	48	48	261	0	84	134	59	48	0	32
gene-b1302	NC_000913.3	1365550	1366815	+	1266	672	76	70	220	0	98	156	57	64	0	56
gene-b1303	NC_000913.3	1366935	1367912	-	978	308	136	127	330	0	266	361	101	235	0	247
gene-b1304	NC_000913.3	1368079	1368747	+	669	866	579	533	836	0	966	904	253	596	0	682
gene-b1305	NC_000913.3	1368801	1369025	+	225	40	46	43	100	0	81	53	23	29	0	33
gene-b1306	NC_000913.3	1369025	1369384	+	360	86	35	48	120	0	80	85	19	41	0	68
gene-b1307	NC_000913.3	1369393	1369614	+	222	38	33	28	77	0	50	34	15	22	0	36
gene-b1308	NC_000913.3	1369689	1370003	+	315	424	452	418	534	0	453	799	126	646	0	675
gene-b1309	NC_000913.3	1370216	1371895	+	1680	26	19	5	14	0	16	20	10	28	0	9
gene-b1310	NC_000913.3	1371909	1373201	+	1293	14	10	10	18	0	16	10	6	15	0	0
gene-b1311	NC_000913.3	1373222	1374103	+	882	9	12	12	13	0	24	10	3	24	0	11
gene-b1312	NC_000913.3	1374090	1374932	+	843	22	16	14	20	0	18	4	4	15	0	8
gene-b1313	NC_000913.3	1374963	1376015	+	1053	25	26	14	24	0	41	37	16	38	0	32
gene-b1314	NC_000913.3	1376034	1376822	+	789	24	21	29	30	0	33	34	13	23	0	24
gene-b1315	NC_000913.3	1376832	1377887	+	1056	35	30	37	39	0	54	33	16	46	0	15
gene-b1316	NC_000913.3	1377884	1380151	+	2268	55	53	36	76	0	66	72	26	90	0	42
gene-b1317	NC_000913.3	1380148	1380807	+	660	14	28	19	20	0	21	35	6	37	0	20
gene-b1319	NC_000913.3	1381947	1382852	+	906	29	11	7	23	0	5	15	0	25	0	16
gene-b1320	NC_000913.3	1382963	1383961	-	999	501	184	229	491	0	449	420	129	457	0	547
gene-b1321	NC_000913.3	1384117	1385514	+	1398	602	355	314	711	0	735	670	211	366	0	561
gene-b1322	NC_000913.3	1385511	1386572	+	1062	351	218	235	385	0	421	384	117	325	0	297
gene-b1323	NC_000913.3	1386720	1388261	+	1542	1470	910	956	1799	0	1582	1867	426	827	0	1083
gene-b1324	NC_000913.3	1388305	1388811	-	507	16107	9166	9685	14852	0	18006	16126	3060	13663	0	18843
gene-b1325	NC_000913.3	1388930	1389895	+	966	409	233	201	436	0	417	404	114	226	0	313
gene-b1326	NC_000913.3	1389870	1390598	-	729	423	277	275	599	0	607	549	94	244	0	270
gene-b4525	NC_000913.3	1390680	1390862	-	183	19	19	18	16	0	20	12	5	22	0	16
gene-b4673	NC_000913.3	1390868	1390933	-	66	0	0	0	0	0	0	0	0	0	0	0
gene-b1327	NC_000913.3	1390933	1391853	-	921	95	44	65	76	0	95	54	14	62	0	76
gene-b1328	NC_000913.3	1391991	1392890	+	900	308	244	219	326	0	277	351	70	308	0	239
gene-b1329	NC_000913.3	1393227	1394840	+	1614	1215	527	647	1128	0	927	674	188	1099	0	1296
gene-b1330	NC_000913.3	1394891	1395922	-	1032	598	334	395	608	0	487	482	88	461	0	430
gene-b1331	NC_000913.3	1396112	1397092	+	981	5	4	9	6	0	8	8	2	0	0	0
gene-b1332	NC_000913.3	1397365	1397622	+	258	2632	3464	2853	3108	0	2558	3661	423	1495	0	937
gene-b1333	NC_000913.3	1397672	1398622	-	951	1878	1203	1401	2057	0	2215	1963	435	1414	0	1393
gene-b1334	NC_000913.3	1398774	1399526	-	753	6179	3204	3291	6197	0	6343	6674	1216	3166	0	4416
gene-b1335	NC_000913.3	1399721	1400236	-	516	259	171	180	318	0	251	274	56	202	0	254
gene-b1336	NC_000913.3	1400247	1401773	-	1527	62	50	45	61	0	74	59	10	91	0	82
gene-b1337	NC_000913.3	1401810	1403255	-	1446	71	61	54	72	0	62	72	8	82	0	67
gene-b1338	NC_000913.3	1403255	1404565	-	1311	13	8	19	21	0	26	15	9	50	0	41
gene-b1339	NC_000913.3	1404741	1405649	+	909	191	98	106	170	0	131	161	35	213	0	249
gene-b4426	NC_000913.3	1405658	1405751	-	94	100	29	20	35	0	45	20	3	93	0	77
gene-b1340	NC_000913.3	1405979	1406542	+	564	461	211	161	454	0	338	361	80	292	0	275
gene-b1341	NC_000913.3	1406563	1407795	-	1233	171	259	227	335	0	320	252	49	326	0	345
gene-b4773	NC_000913.3	1407989	1408036	+	48	6	8	10	4	0	3	4	1	4	0	10
gene-b1342	NC_000913.3	1408050	1409033	+	984	458	289	263	532	0	513	417	107	354	0	424
gene-b4699	NC_000913.3	1409129	1409250	+	122	62	50	34	47	0	29	48	13	58	0	42
gene-b4743	NC_000913.3	1409308	1409481	+	174	7	24	21	18	0	38	14	7	30	0	23
gene-b1343	NC_000913.3	1409511	1410884	+	1374	329	216	234	344	0	387	312	112	319	0	406
gene-b1344	NC_000913.3	1411013	1411948	-	936	882	821	867	1214	0	1678	1169	320	1112	0	1570
gene-b1345	NC_000913.3	1412000	1413235	-	1236	120	192	186	209	0	392	149	46	0	0	0
gene-b1346	NC_000913.3	1413237	1413452	-	216	7	5	6	10	0	5	10	0	0	0	0
gene-b1347	NC_000913.3	1413531	1413740	-	210	0	0	0	2	0	0	0	0	0	0	0
gene-b4714	NC_000913.3	1413556	1413734	+	179	0	0	0	0	0	0	0	0	0	0	0
gene-b1348	NC_000913.3	1413733	1413927	-	195	5	1	3	2	0	4	5	3	0	0	0
gene-b1349	NC_000913.3	1413984	1414793	-	810	98	40	64	79	0	70	89	25	0	0	0
gene-b1350	NC_000913.3	1414786	1417386	-	2601	193	89	85	125	0	163	193	50	43	0	24
gene-b1351	NC_000913.3	1417488	1417763	-	276	39	5	9	32	0	27	36	5	0	0	0
gene-b4526	NC_000913.3	1417838	1418008	-	171	4	0	5	4	0	1	2	0	0	0	0
gene-b1352	NC_000913.3	1418008	1418229	-	222	7	4	1	7	0	8	6	0	0	0	0
gene-b4833	NC_000913.3	1418405	1418502	-	98	2	1	0	0	0	0	0	0	0	0	0
gene-b1353	NC_000913.3	1418671	1419159	+	489	61	47	26	52	0	40	57	17	0	0	0
gene-b4527	NC_000913.3	1419156	1419311	-	156	3	0	0	12	0	5	1	1	0	0	0
gene-b1355	NC_000913.3	1419322	1419456	-	135	16	3	0	12	0	4	22	4	0	0	0
gene-b1356	NC_000913.3	1419765	1420241	-	477	1189	1343	1148	1239	0	1263	1468	263	0	0	0
gene-b1357	NC_000913.3	1420365	1420661	+	297	41	24	11	40	0	23	40	16	0	0	0
gene-b1358	NC_000913.3	1420684	1421106	+	423	31	13	13	25	0	24	32	9	0	0	0
gene-b1359	NC_000913.3	1421119	1421976	+	858	63	21	25	55	0	34	55	23	0	0	0
gene-b1360	NC_000913.3	1421983	1422729	+	747	12	17	9	17	0	23	16	4	0	0	0
gene-b1361	NC_000913.3	1422752	1423312	+	561	33	41	22	49	0	29	36	14	0	0	0
gene-b4528	NC_000913.3	1423400	1423585	+	186	17	15	21	19	0	21	25	4	0	0	0
gene-b1363	NC_000913.3	1423782	1425239	+	1458	325	337	394	346	0	344	452	126	0	0	0
gene-b1365	NC_000913.3	1425377	1425640	+	264	28	15	11	9	0	21	15	11	0	0	0
gene-b1366	NC_000913.3	1425621	1425980	+	360	18	6	15	17	0	14	14	7	0	0	0
gene-b1368	NC_000913.3	1426454	1427482	+	1029	148	58	65	100	0	94	76	34	15	0	5
gene-b1370	NC_000913.3	1427746	1428726	-	981	115	37	50	102	0	121	99	30	126	0	111
gene-b1372	NC_000913.3	1429049	1432411	+	3363	151	122	101	146	0	140	140	22	103	0	11
gene-b1373	NC_000913.3	1432411	1432986	+	576	20	17	7	11	0	10	15	2	0	0	0
gene-b1374	NC_000913.3	1433084	1433674	-	591	46	14	25	30	0	26	28	6	23	0	12
gene-b1375	NC_000913.3	1433991	1434224	-	234	8	5	8	8	0	0	10	6	0	0	0
gene-b4744	NC_000913.3	1434293	1434406	-	114	26	16	10	17	0	8	17	8	0	0	0
gene-b1376	NC_000913.3	1435185	1435619	-	435	916	472	462	825	0	770	519	109	1431	0	1823
gene-b1377	NC_000913.3	1435760	1436893	-	1134	56	39	28	38	0	53	35	8	77	0	48
gene-b4427	NC_000913.3	1437121	1437231	+	111	4	2	7	3	0	2	0	2	0	0	0
gene-b1378	NC_000913.3	1437260	1440784	-	3525	1817	1693	1601	2211	0	3013	2491	773	1100	0	1657
gene-b4529	NC_000913.3	1441058	1441324	+	267	283	179	202	291	0	361	267	55	246	0	267
gene-b1379	NC_000913.3	1441321	1441743	-	423	290	243	220	311	0	325	351	66	305	0	242
gene-b1380	NC_000913.3	1441854	1442843	-	990	321	290	144	190	0	242	276	150	259	0	259
gene-b1381	NC_000913.3	1443051	1445690	+	2640	810	711	707	1002	0	969	1134	276	793	0	828
gene-b1382	NC_000913.3	1445687	1445872	+	186	12	22	28	47	0	45	6	2	12	0	10
gene-b1383	NC_000913.3	1445880	1446206	+	327	128	110	110	125	0	129	84	35	193	0	179
gene-b1384	NC_000913.3	1446378	1447283	-	906	273	146	173	157	0	194	235	33	341	0	400
gene-b1385	NC_000913.3	1447519	1449018	+	1500	273	160	163	215	0	194	234	62	213	0	192
gene-b1386	NC_000913.3	1449076	1451349	-	2274	145	131	127	132	0	146	148	41	158	0	115
gene-b1387	NC_000913.3	1451597	1453642	-	2046	33	22	12	33	0	26	45	13	96	0	51
gene-b1388	NC_000913.3	1453927	1454856	+	930	33	9	17	26	0	26	30	2	56	0	38
gene-b1389	NC_000913.3	1454868	1455155	+	288	10	6	6	11	0	7	5	0	11	0	7
gene-b1390	NC_000913.3	1455164	1455910	+	747	32	16	5	14	0	2	11	4	26	0	23
gene-b1391	NC_000913.3	1455925	1456422	+	498	23	17	18	19	0	26	14	3	23	0	22
gene-b1392	NC_000913.3	1456430	1457500	+	1071	47	22	15	32	0	30	39	7	66	0	42
gene-b1393	NC_000913.3	1457497	1458264	+	768	14	7	16	12	0	21	25	2	19	0	26
gene-b1394	NC_000913.3	1458264	1459052	+	789	18	10	8	10	0	21	6	2	27	0	46
gene-b1395	NC_000913.3	1459054	1460481	+	1428	59	29	25	57	0	35	49	15	96	0	41
gene-b1396	NC_000913.3	1460471	1460893	+	423	14	16	13	33	0	6	21	2	29	0	9
gene-b1397	NC_000913.3	1460893	1462098	+	1206	257	119	120	239	0	169	179	54	198	0	170
gene-b1398	NC_000913.3	1462125	1463438	+	1314	253	120	96	233	0	161	229	50	196	0	180
gene-b1399	NC_000913.3	1463539	1464489	+	951	319	182	158	339	0	310	338	106	213	0	287
gene-b1400	NC_000913.3	1464471	1465061	+	591	214	177	166	275	0	307	329	82	200	0	207
gene-b4674	NC_000913.3	1465165	1465230	-	66	3	0	0	0	0	0	2	0	1	0	0
gene-b1402	NC_000913.3	1467921	1468826	-	906	35	26	21	14	0	25	36	4	0	0	0
gene-b1403	NC_000913.3	1468784	1469149	-	366	0	1	3	0	0	5	4	0	0	0	0
gene-b1404	NC_000913.3	1469358	1470509	+	1152	14	23	17	22	0	15	16	8	83	0	71
gene-b1406	NC_000913.3	1474221	1475081	+	861	145	78	66	123	0	168	109	22	107	0	153
gene-b1407	NC_000913.3	1475144	1477450	+	2307	102	51	52	76	0	56	56	4	188	0	169
gene-b1408	NC_000913.3	1477621	1478226	+	606	13	8	3	7	0	2	8	0	24	0	8
gene-b1409	NC_000913.3	1478226	1479122	+	897	2	4	2	4	0	2	2	4	11	0	2
gene-b1410	NC_000913.3	1479138	1480895	+	1758	128	69	52	130	0	102	99	38	133	0	83
gene-b1411	NC_000913.3	1480909	1482201	+	1293	95	75	75	86	0	83	127	19	114	0	66
gene-b1412	NC_000913.3	1482255	1482860	-	606	799	503	507	914	0	846	942	237	382	0	538
gene-b1413	NC_000913.3	1483061	1486963	+	3903	3437	1442	1475	3306	0	2770	3690	1147	1210	0	1885
gene-b1414	NC_000913.3	1487235	1488035	+	801	1068	449	470	1013	0	946	922	208	341	0	386
gene-b1415	NC_000913.3	1488232	1489671	+	1440	10962	2808	2739	4246	0	4925	3810	1636	1071	0	1221
gene-b1418	NC_000913.3	1490902	1491432	+	531	1336	995	965	1584	0	1413	1117	245	953	0	1176
gene-b4597	NC_000913.3	1491442	1491506	-	65	83	61	49	85	0	119	82	22	58	0	76
gene-b1419	NC_000913.3	1491677	1491850	+	174	146	130	122	212	0	210	132	41	120	0	105
gene-b4774	NC_000913.3	1491876	1491944	+	69	1	0	0	1	0	0	0	0	0	0	1
gene-b4428	NC_000913.3	1491922	1492071	-	150	0	0	0	0	0	0	0	0	0	0	0
gene-b1420	NC_000913.3	1491962	1492129	-	168	0	0	0	0	0	0	0	0	0	0	0
gene-b4429	NC_000913.3	1492119	1492175	+	57	15	7	6	21	0	7	9	0	15	0	2
gene-b1421	NC_000913.3	1492470	1494110	+	1641	196	1013	1098	265	0	2067	151	30	184	0	146
gene-b1422	NC_000913.3	1494148	1495071	-	924	1864	809	932	1741	0	1346	1274	352	1356	0	1434
gene-b1423	NC_000913.3	1495288	1496631	+	1344	122	111	121	168	0	160	138	30	184	0	152
gene-b1424	NC_000913.3	1496856	1498511	+	1656	2164	1291	1273	2389	0	2347	1970	456	1754	0	2306
gene-b1426	NC_000913.3	1498651	1498875	+	225	146	122	121	309	0	126	263	49	678	0	328
gene-b1427	NC_000913.3	1498938	1499477	+	540	266	152	203	254	0	257	227	71	190	0	139
gene-b1428	NC_000913.3	1499469	1500449	-	981	88	128	136	82	0	154	84	27	201	0	116
gene-b1429	NC_000913.3	1500573	1501565	+	993	261	194	183	292	0	275	242	53	176	0	160
gene-b1430	NC_000913.3	1501562	1502155	+	594	688	403	448	560	0	811	527	88	303	0	359
gene-b1431	NC_000913.3	1502457	1503125	+	669	1240	860	941	1401	0	1338	873	237	1194	0	1321
gene-b1432	NC_000913.3	1503657	1504865	+	1209	519	555	626	665	0	722	673	113	791	0	840
gene-b1433	NC_000913.3	1504905	1506080	-	1176	261	109	115	166	0	167	248	42	147	0	184
gene-b1434	NC_000913.3	1506172	1506708	+	537	185	91	109	197	0	173	216	61	122	0	142
gene-b1435	NC_000913.3	1506781	1508742	+	1962	2414	1202	1212	2081	0	2208	2118	574	1158	0	1662
gene-b1436	NC_000913.3	1508834	1509064	-	231	42	49	30	70	0	36	38	8	29	0	24
gene-b4532	NC_000913.3	1509286	1509462	+	177	75	52	49	59	0	75	71	21	51	0	53
gene-b1438	NC_000913.3	1509508	1509924	+	417	182	124	92	193	0	192	188	33	115	0	128
gene-b1439	NC_000913.3	1510003	1511409	+	1407	627	374	348	719	0	673	705	155	357	0	458
gene-b1440	NC_000913.3	1511654	1512799	+	1146	110	90	89	181	0	138	116	29	136	0	106
gene-b1441	NC_000913.3	1512817	1513830	+	1014	31	32	16	55	0	54	35	13	51	0	49
gene-b1442	NC_000913.3	1513831	1514772	+	942	37	58	43	75	0	60	65	14	65	0	29
gene-b1443	NC_000913.3	1514762	1515556	+	795	20	25	55	29	0	22	19	9	41	0	34
gene-b1444	NC_000913.3	1515578	1517002	+	1425	141	166	189	157	0	197	166	54	244	0	172
gene-b4598	NC_000913.3	1517099	1517194	-	96	198	366	307	307	0	290	328	31	589	0	294
gene-b1445	NC_000913.3	1517389	1517562	+	174	234	143	135	224	0	241	237	63	175	0	151
gene-b1446	NC_000913.3	1517648	1517881	+	234	1107	754	714	1083	0	980	1128	155	530	0	502
gene-b1447	NC_000913.3	1517882	1518331	-	450	212	185	182	290	0	310	224	42	133	0	165
gene-b1448	NC_000913.3	1518328	1518846	-	519	556	396	420	566	0	514	527	134	362	0	315
gene-b1449	NC_000913.3	1519027	1520064	+	1038	114	166	166	140	0	234	198	63	236	0	209
gene-b1450	NC_000913.3	1520262	1520927	+	666	87	87	97	143	0	95	78	16	244	0	158
gene-b1451	NC_000913.3	1520963	1523065	-	2103	438	393	397	576	0	611	613	166	445	0	538
gene-b1452	NC_000913.3	1523307	1524368	+	1062	4626	2522	3103	4643	0	3809	5050	1159	7382	0	2622
gene-b1453	NC_000913.3	1524481	1525980	-	1500	382	194	200	267	0	326	370	71	411	0	642
gene-b1454	NC_000913.3	1526247	1526864	+	618	24	36	56	35	0	51	48	14	108	0	65
gene-b1455	NC_000913.3	1526940	1527152	+	213	0	1	2	0	0	0	2	1	7	0	1
gene-b1457	NC_000913.3	1529922	1530404	+	483	23	25	13	23	0	10	31	24	0	0	0
gene-b4745	NC_000913.3	1530319	1530504	-	186	8	3	3	5	0	1	10	6	0	0	0
gene-b1460	NC_000913.3	1531816	1532952	+	1137	26	22	9	28	0	21	25	6	33	0	17
gene-b1461	NC_000913.3	1533052	1533285	+	234	241	155	112	277	0	219	161	19	55	0	51
gene-b1462	NC_000913.3	1533282	1533851	-	570	48	41	35	103	0	95	32	10	58	0	42
gene-b1463	NC_000913.3	1534024	1534869	+	846	109	81	69	99	0	142	98	39	80	0	76
gene-b1464	NC_000913.3	1534965	1535858	-	894	503	365	356	561	0	521	557	127	259	0	278
gene-b1465	NC_000913.3	1535937	1536617	-	681	30	40	35	29	0	35	22	2	49	0	17
gene-b1466	NC_000913.3	1536614	1537309	-	696	25	16	9	11	0	40	6	7	30	0	27
gene-b1467	NC_000913.3	1537309	1538853	-	1545	50	66	29	44	0	72	43	16	76	0	54
gene-b1468	NC_000913.3	1538850	1542590	-	3741	184	90	104	154	0	166	174	52	190	0	113
gene-b1469	NC_000913.3	1542672	1544060	-	1389	48	57	33	28	0	47	50	11	68	0	49
gene-b1471	NC_000913.3	1544758	1545714	-	957	0	8	5	0	0	0	2	2	5	0	6
gene-b1472	NC_000913.3	1545738	1546028	-	291	1	0	0	0	0	2	1	0	4	0	0
gene-b1473	NC_000913.3	1546288	1547169	-	882	356	207	221	388	0	322	355	110	277	0	336
gene-b1474	NC_000913.3	1547401	1550448	+	3048	95	38	60	104	0	73	59	12	79	0	42
gene-b1475	NC_000913.3	1550461	1551345	+	885	48	44	22	40	0	14	50	4	39	0	22
gene-b1476	NC_000913.3	1551338	1551991	+	654	109	78	58	100	0	63	115	26	60	0	45
gene-b1477	NC_000913.3	1552398	1552682	-	285	227	170	157	196	0	182	317	57	229	0	172
gene-b1478	NC_000913.3	1552828	1553838	-	1011	147	204	295	269	0	414	261	66	335	0	322
gene-b1479	NC_000913.3	1553972	1555669	-	1698	4240	2104	2214	3331	0	4583	2356	692	2448	0	4719
gene-b1480	NC_000913.3	1555826	1555963	-	138	418	1343	1530	630	0	1775	419	66	1375	0	516
gene-b1481	NC_000913.3	1556065	1556280	-	216	8	49	35	18	0	41	11	2	20	0	15
gene-b1482	NC_000913.3	1556625	1557056	+	432	798	755	875	745	0	1364	439	62	482	0	395
gene-b1483	NC_000913.3	1557112	1558038	-	927	97	79	51	93	0	104	51	7	41	0	40
gene-b1484	NC_000913.3	1558031	1559017	-	987	41	31	24	34	0	34	38	8	36	0	42
gene-b1485	NC_000913.3	1559014	1559910	-	897	50	46	39	56	0	31	46	19	57	0	44
gene-b1486	NC_000913.3	1559907	1560929	-	1023	45	19	28	42	0	34	19	10	48	0	42
gene-b1487	NC_000913.3	1560931	1562481	-	1551	135	55	56	97	0	96	82	21	161	0	124
gene-b1488	NC_000913.3	1562495	1563076	-	582	38	31	40	27	0	24	35	10	51	0	45
gene-b1489	NC_000913.3	1563334	1565733	-	2400	194	162	260	157	0	359	119	12	449	0	533
gene-b1490	NC_000913.3	1565758	1567140	-	1383	286	283	352	231	0	600	114	34	622	0	708
gene-b4746	NC_000913.3	1567178	1567219	-	42	11	32	23	39	0	48	6	0	20	0	10
gene-b1491	NC_000913.3	1567504	1568823	-	1320	1054	565	528	974	0	904	850	180	502	0	442
gene-b1492	NC_000913.3	1568954	1570489	-	1536	132	269	285	145	0	180	120	31	165	0	146
gene-b1493	NC_000913.3	1570645	1572045	-	1401	66	215	235	65	0	72	51	11	68	0	67
gene-b1494	NC_000913.3	1572407	1575202	-	2796	532	416	412	534	0	753	876	273	908	0	960
gene-b1495	NC_000913.3	1575247	1577619	-	2373	307	300	324	392	0	523	763	289	810	0	702
gene-b1496	NC_000913.3	1577657	1579342	-	1686	70	167	160	167	0	213	432	106	550	0	229
gene-b4747	NC_000913.3	1579545	1579667	+	123	8	3	7	4	0	3	13	0	27	0	9
gene-b1497	NC_000913.3	1579633	1580790	-	1158	26	15	13	20	0	11	19	0	58	0	61
gene-b1498	NC_000913.3	1580842	1582524	-	1683	222	150	122	261	0	221	205	60	491	0	876
gene-b1499	NC_000913.3	1582926	1583687	-	762	21	14	19	25	0	16	36	16	20	0	19
gene-b1500	NC_000913.3	1583762	1583959	-	198	5	4	4	4	0	3	4	1	8	0	4
gene-b1501	NC_000913.3	1584207	1586486	-	2280	182	100	82	181	0	151	144	36	179	0	125
gene-b1502	NC_000913.3	1586820	1587734	-	915	33	17	13	19	0	23	6	5	24	0	6
gene-b1503	NC_000913.3	1587793	1588296	-	504	16	7	22	17	0	13	4	0	15	0	20
gene-b1504	NC_000913.3	1588309	1588839	-	531	10	12	8	8	0	3	2	2	33	0	8
gene-b1505	NC_000913.3	1588853	1590001	-	1149	32	29	27	47	0	33	39	19	171	0	108
gene-b1507	NC_000913.3	1590854	1592176	-	1323	434	210	212	406	0	400	369	100	275	0	287
gene-b1508	NC_000913.3	1592176	1592442	-	267	168	103	82	112	0	151	131	47	131	0	99
gene-b1511	NC_000913.3	1598617	1600209	-	1593	138	107	114	161	0	146	177	56	127	0	88
gene-b1512	NC_000913.3	1600288	1601241	-	954	192	91	109	144	0	159	147	48	205	0	228
gene-b1513	NC_000913.3	1601490	1603025	+	1536	41	50	29	40	0	42	87	9	64	0	37
gene-b1514	NC_000913.3	1603019	1604047	+	1029	31	23	20	35	0	13	52	2	30	0	25
gene-b1515	NC_000913.3	1604047	1605039	+	993	30	30	22	47	0	39	39	14	41	0	15
gene-b1516	NC_000913.3	1605051	1606073	+	1023	27	33	42	41	0	69	31	10	37	0	56
gene-b1517	NC_000913.3	1606100	1606975	+	876	68	65	43	73	0	91	54	6	68	0	68
gene-b1518	NC_000913.3	1606999	1607289	+	291	28	31	27	53	0	49	20	6	33	0	15
gene-b1519	NC_000913.3	1607346	1608104	+	759	95	121	148	172	0	265	150	51	163	0	157
gene-b1520	NC_000913.3	1608108	1609022	-	915	327	249	201	287	0	361	325	71	238	0	188
gene-b1521	NC_000913.3	1609229	1610680	-	1452	74	85	59	86	0	61	94	26	97	0	62
gene-b1522	NC_000913.3	1610907	1611854	-	948	138	100	66	118	0	111	142	22	154	0	115
gene-b1523	NC_000913.3	1611966	1612325	-	360	274	221	166	276	0	225	318	82	207	0	186
gene-b1524	NC_000913.3	1612325	1613251	-	927	684	312	358	625	0	611	668	153	379	0	424
gene-b1525	NC_000913.3	1613315	1614703	-	1389	497	276	247	447	0	457	456	163	297	0	379
gene-b1526	NC_000913.3	1614804	1615685	+	882	260	152	152	287	0	263	312	65	112	0	132
gene-b1527	NC_000913.3	1615763	1616878	+	1116	46	26	29	32	0	34	32	6	68	0	25
gene-b1528	NC_000913.3	1617028	1618218	+	1191	256	223	188	291	0	268	253	74	120	0	132
gene-b1529	NC_000913.3	1618243	1618908	-	666	274	280	249	309	0	265	350	54	251	0	166
gene-b1530	NC_000913.3	1619120	1619554	+	435	95	107	108	111	0	147	100	27	66	0	62
gene-b1531	NC_000913.3	1619574	1619957	+	384	178	185	213	276	0	387	242	84	129	0	163
gene-b1532	NC_000913.3	1619989	1620207	+	219	39	72	48	143	0	136	112	18	32	0	49
gene-b1533	NC_000913.3	1620238	1621137	-	900	401	311	367	357	0	429	398	106	428	0	331
gene-b1534	NC_000913.3	1621332	1622519	+	1188	123	111	140	146	0	137	131	37	148	0	119
gene-b4599	NC_000913.3	1622646	1622741	+	96	234	188	151	278	0	356	55	8	102	0	44
gene-b4775	NC_000913.3	1622741	1622845	+	105	0	0	0	1	0	1	0	0	0	0	0
gene-b4698	NC_000913.3	1622817	1622914	-	98	56	4	3	8	0	9	35	4	170	0	201
gene-b1535	NC_000913.3	1622960	1623850	-	891	221	85	84	108	0	117	94	11	186	0	135
gene-b1536	NC_000913.3	1624105	1624497	-	393	16	39	29	27	0	21	30	11	50	0	24
gene-b1537	NC_000913.3	1624773	1625291	+	519	60	38	49	80	0	89	63	13	53	0	60
gene-b1538	NC_000913.3	1625335	1627380	-	2046	2930	1387	1219	2122	0	2712	2240	848	1501	0	2119
gene-b1539	NC_000913.3	1627517	1628263	+	747	5549	2509	2425	5019	0	4410	5617	1077	2690	0	3251
gene-b1540	NC_000913.3	1628352	1629038	+	687	640	460	434	674	0	758	661	188	409	0	470
gene-b1541	NC_000913.3	1629215	1629418	+	204	75	125	101	95	0	72	75	18	58	0	27
gene-b1542	NC_000913.3	1629453	1630913	-	1461	170	95	64	97	0	79	76	14	96	0	83
gene-b1543	NC_000913.3	1631002	1632285	-	1284	76	56	39	85	0	27	46	9	53	0	29
gene-b4748	NC_000913.3	1632890	1633003	+	114	16	8	4	15	0	6	16	7	40	0	17
gene-b1544	NC_000913.3	1633072	1633305	+	234	8	2	7	7	0	7	10	1	11	0	7
gene-b1545	NC_000913.3	1633622	1634212	+	591	46	16	13	29	0	27	23	4	41	0	28
gene-b1546	NC_000913.3	1634310	1634885	-	576	7	8	11	5	0	5	8	2	21	0	15
gene-b1547	NC_000913.3	1634885	1635847	-	963	49	20	24	27	0	20	36	4	17	0	12
gene-b1548	NC_000913.3	1635798	1636367	-	570	22	0	8	8	0	13	17	1	23	0	1
gene-b4533	NC_000913.3	1636756	1636989	+	234	2	2	4	2	0	4	0	2	11	0	4
gene-b1549	NC_000913.3	1637047	1637457	+	411	33	12	18	18	0	21	37	2	54	0	37
gene-b1550	NC_000913.3	1637609	1637782	-	174	2116	2538	2276	2628	0	1856	2722	594	8879	0	2596
gene-b1551	NC_000913.3	1637954	1638109	-	156	6	3	3	11	0	2	0	0	13	0	4
gene-b4749	NC_000913.3	1638188	1638253	-	66	2	1	1	2	0	3	2	0	2	0	0
gene-b4724	NC_000913.3	1638256	1638444	-	189	4	1	3	4	0	5	6	0	7	0	1
gene-b1552	NC_000913.3	1638455	1638667	-	213	4	14	18	9	0	4	9	0	40	0	3
gene-b1553	NC_000913.3	1639030	1639527	-	498	2	0	0	1	0	3	0	0	3	0	1
gene-b4689	NC_000913.3	1639080	1639334	-	255	0	0	0	0	0	0	0	0	0	0	0
gene-b1554	NC_000913.3	1639524	1640057	-	534	4	11	6	16	0	7	9	2	10	0	8
gene-b1555	NC_000913.3	1640054	1640365	-	312	7	4	4	7	0	9	8	4	13	0	6
gene-b1556	NC_000913.3	1640370	1640585	-	216	0	4	6	1	0	5	5	0	12	0	4
gene-b4776	NC_000913.3	1640805	1640975	+	171	30	15	33	42	0	30	33	5	83	0	50
gene-b1557	NC_000913.3	1641339	1641554	-	216	59	56	59	57	0	30	101	12	152	0	20
gene-b1558	NC_000913.3	1641855	1642067	+	213	117	44	56	102	0	73	89	29	91	0	53
gene-b4750	NC_000913.3	1642122	1642211	+	90	200	112	103	126	0	105	183	34	230	0	108
gene-b1559	NC_000913.3	1642489	1643241	-	753	84	62	58	71	0	74	65	22	84	0	30
gene-b1560	NC_000913.3	1643255	1644304	-	1050	28	20	22	13	0	15	25	9	23	0	20
gene-b1561	NC_000913.3	1644651	1644902	-	252	43	17	26	33	0	23	56	3	34	0	25
gene-b1562	NC_000913.3	1645119	1645274	-	156	523	400	286	522	0	442	508	66	301	0	241
gene-b1563	NC_000913.3	1645346	1645633	-	288	454	311	331	573	0	524	376	97	232	0	223
gene-b1564	NC_000913.3	1645633	1645872	-	240	337	278	248	438	0	408	394	63	170	0	202
gene-b1565	NC_000913.3	1645897	1646202	+	306	107	72	74	103	0	119	69	16	91	0	64
gene-b1566	NC_000913.3	1646405	1646737	+	333	70	1439	1437	47	0	1985	45	11	75	0	72
gene-b1567	NC_000913.3	1647174	1647323	-	150	8	15	23	7	0	23	6	0	53	0	28
gene-b1568	NC_000913.3	1647346	1647636	-	291	12	10	8	15	0	6	2	4	14	0	11
gene-b1569	NC_000913.3	1647620	1647850	-	231	10	9	8	5	0	3	5	3	3	0	0
gene-b1570	NC_000913.3	1647934	1648341	+	408	894	840	860	845	0	876	917	226	1001	0	754
gene-b1571	NC_000913.3	1648508	1648663	+	156	10	9	10	17	0	13	21	3	20	0	2
gene-b1572	NC_000913.3	1648665	1648793	+	129	7	6	7	18	0	15	7	0	6	0	7
gene-b1573	NC_000913.3	1648823	1649041	+	219	66	29	26	55	0	52	69	12	36	0	30
gene-b1574	NC_000913.3	1649382	1649434	+	53	39	18	17	10	0	3	62	3	46	0	23
gene-b1575	NC_000913.3	1649609	1649797	+	189	6	2	8	8	0	1	11	2	5	0	2
gene-b1576	NC_000913.3	1649794	1649985	+	192	10	5	2	1	0	4	5	0	8	0	0
gene-b4534	NC_000913.3	1652728	1652838	-	111	3	1	0	6	0	0	0	0	7	0	8
gene-b1580	NC_000913.3	1652896	1653915	-	1020	183	80	60	123	0	65	69	8	159	0	118
gene-b1581	NC_000913.3	1653927	1655141	-	1215	211	64	57	102	0	65	97	24	113	0	121
gene-b1582	NC_000913.3	1655347	1655673	-	327	116	113	81	87	0	100	90	15	130	0	112
gene-b1583	NC_000913.3	1655808	1656149	+	342	1294	667	644	1230	0	1387	972	282	920	0	1098
gene-b1584	NC_000913.3	1656184	1656744	+	561	1757	829	836	1668	0	1679	1270	333	1171	0	1438
gene-b1585	NC_000913.3	1656747	1657457	-	711	499	424	386	547	0	629	418	126	538	0	423
gene-b1586	NC_000913.3	1657565	1657870	+	306	245	160	128	389	0	243	339	47	177	0	176
gene-b1587	NC_000913.3	1658069	1660495	+	2427	185	141	111	230	0	142	218	37	187	0	131
gene-b1588	NC_000913.3	1660556	1662979	+	2424	257	138	131	188	0	240	172	45	106	0	133
gene-b1589	NC_000913.3	1662990	1663607	+	618	54	25	24	21	0	50	39	9	43	0	35
gene-b1590	NC_000913.3	1663609	1664463	+	855	216	138	146	244	0	199	234	53	165	0	130
gene-b1591	NC_000913.3	1664506	1665120	+	615	406	204	214	378	0	345	459	115	205	0	294
gene-b1592	NC_000913.3	1665315	1666571	+	1257	120	78	86	120	0	71	130	30	93	0	71
gene-b1593	NC_000913.3	1666524	1667219	-	696	237	132	109	186	0	154	225	36	178	0	186
gene-b1594	NC_000913.3	1667344	1668564	-	1221	1365	750	666	988	0	1002	1094	317	1319	0	1373
gene-b1595	NC_000913.3	1668699	1669592	-	894	133	57	79	137	0	116	138	26	100	0	94
gene-b1596	NC_000913.3	1669699	1670952	+	1254	473	257	247	369	0	281	345	84	314	0	293
gene-b1597	NC_000913.3	1671376	1671684	+	309	65	60	30	60	0	61	35	14	55	0	46
gene-b4601	NC_000913.3	1671777	1671860	+	84	15	10	6	12	0	9	11	0	24	0	8
gene-b1598	NC_000913.3	1671960	1672781	+	822	507	481	492	620	0	481	517	83	569	0	380
gene-b1599	NC_000913.3	1672820	1673149	-	330	62	23	35	72	0	40	45	8	27	0	31
gene-b1600	NC_000913.3	1673136	1673501	-	366	295	61	74	229	0	113	97	30	116	0	90
gene-b4777	NC_000913.3	1673608	1673709	-	102	564	194	191	448	0	397	271	28	462	0	311
gene-b1601	NC_000913.3	1673913	1674947	+	1035	295	147	107	302	0	218	181	62	157	0	169
gene-b1602	NC_000913.3	1674972	1676360	-	1389	29619	11506	11051	20504	0	24065	19976	5769	13805	0	22224
gene-b1603	NC_000913.3	1676371	1677903	-	1533	46976	17953	17577	33451	0	36875	33554	10756	21219	0	32513
gene-b1604	NC_000913.3	1678427	1679371	+	945	4780	2244	2152	3173	0	3525	2974	906	2309	0	3268
gene-b1605	NC_000913.3	1679557	1680939	+	1383	294	143	160	261	0	189	245	43	172	0	209
gene-b1606	NC_000913.3	1680976	1681698	+	723	442	202	221	442	0	367	391	83	319	0	276
gene-b1607	NC_000913.3	1681695	1682030	-	336	282	217	251	310	0	293	275	56	333	0	249
gene-b1608	NC_000913.3	1682159	1682878	+	720	815	738	703	965	0	1000	1079	302	1017	0	1026
gene-b1609	NC_000913.3	1682882	1684183	+	1302	578	757	729	781	0	869	837	139	945	0	855
gene-b1610	NC_000913.3	1684259	1685188	+	930	441	232	240	386	0	400	359	108	241	0	280
gene-b1611	NC_000913.3	1685185	1686588	-	1404	1132	322	353	632	0	653	640	325	319	0	482
gene-b1612	NC_000913.3	1686731	1688377	-	1647	4999	2412	2501	5695	0	5617	5235	1780	4032	0	7698
gene-b1613	NC_000913.3	1688576	1689751	+	1176	1475	735	803	1711	0	1579	1810	459	764	0	1051
gene-b1614	NC_000913.3	1689852	1691360	+	1509	4417	1787	2004	3804	0	3974	4390	1244	2300	0	2910
gene-b1615	NC_000913.3	1691586	1692851	-	1266	43	27	33	29	0	20	15	2	44	0	35
gene-b1616	NC_000913.3	1692890	1694263	-	1374	42	29	26	26	0	19	26	2	34	0	14
gene-b1617	NC_000913.3	1694260	1696071	-	1812	45	30	35	52	0	44	53	28	69	0	69
gene-b1618	NC_000913.3	1696462	1697052	-	591	530	233	247	446	0	443	413	106	373	0	331
gene-b1619	NC_000913.3	1697273	1698040	-	768	1846	771	790	1544	0	1389	798	172	1632	0	1574
gene-b1620	NC_000913.3	1698152	1699180	-	1029	186	85	107	147	0	165	184	41	111	0	159
gene-b1621	NC_000913.3	1699355	1700947	+	1593	210	189	167	328	0	268	273	54	214	0	154
gene-b1622	NC_000913.3	1700957	1702129	+	1173	588	402	326	762	0	622	687	145	372	0	393
gene-b1623	NC_000913.3	1702233	1703234	+	1002	425	227	188	457	0	372	445	102	229	0	303
gene-b1624	NC_000913.3	1703268	1704308	-	1041	1435	804	860	1220	0	1311	1145	220	1043	0	1323
gene-b4409	NC_000913.3	1704551	1704676	+	126	371	395	355	318	0	325	259	22	525	0	379
gene-b1625	NC_000913.3	1704949	1705164	+	216	254	147	145	215	0	204	119	35	305	0	244
gene-b1626	NC_000913.3	1705250	1705690	+	441	640	566	497	618	0	610	518	68	630	0	535
gene-b1627	NC_000913.3	1705767	1706348	+	582	885	512	586	654	0	503	646	109	667	0	548
gene-b1628	NC_000913.3	1706348	1706926	+	579	696	405	386	578	0	473	494	93	385	0	430
gene-b1629	NC_000913.3	1706919	1709141	+	2223	2561	1058	1044	1864	0	1972	1720	424	1242	0	1462
gene-b1630	NC_000913.3	1709142	1710200	+	1059	779	538	520	579	0	699	587	132	473	0	584
gene-b1631	NC_000913.3	1710204	1710824	+	621	469	309	288	409	0	370	315	51	236	0	336
gene-b1632	NC_000913.3	1710828	1711523	+	696	472	247	273	419	0	406	310	58	301	0	365
gene-b1633	NC_000913.3	1711523	1712158	+	636	501	251	274	392	0	434	394	51	258	0	410
gene-b1634	NC_000913.3	1712769	1714271	+	1503	433	185	194	304	0	242	311	50	290	0	269
gene-b1635	NC_000913.3	1714377	1714982	+	606	1156	605	640	1107	0	1199	1101	298	794	0	933
gene-b1636	NC_000913.3	1715026	1715889	-	864	2245	583	446	1234	0	958	1263	372	498	0	618
gene-b1637	NC_000913.3	1715948	1717222	-	1275	6848	3461	3545	5621	0	6532	6437	1746	4005	0	6366
gene-b1638	NC_000913.3	1717351	1718007	-	657	1781	781	774	1641	0	1475	1692	487	792	0	1027
gene-b1639	NC_000913.3	1718066	1718395	-	330	89	71	40	110	0	89	104	20	82	0	81
gene-b1640	NC_000913.3	1718493	1719602	-	1110	627	397	336	587	0	543	567	152	391	0	480
gene-b1641	NC_000913.3	1719876	1720343	+	468	6446	5028	4788	5642	0	5853	6632	1515	4253	0	4662
gene-b1642	NC_000913.3	1720390	1720824	-	435	2751	1305	1375	2118	0	2015	1897	481	1515	0	1444
gene-b1643	NC_000913.3	1721025	1721261	+	237	111	68	61	102	0	83	138	39	87	0	120
gene-b1644	NC_000913.3	1721264	1722121	+	858	162	114	115	149	0	142	186	27	125	0	130
gene-b1645	NC_000913.3	1722121	1724133	+	2013	260	162	163	206	0	250	267	45	309	0	190
gene-b1646	NC_000913.3	1724134	1724655	-	522	123	176	196	174	0	301	170	61	112	0	88
gene-b1647	NC_000913.3	1724736	1725632	-	897	589	369	397	733	0	688	725	172	364	0	429
gene-b1648	NC_000913.3	1725681	1725920	-	240	58	61	41	57	0	60	45	21	100	0	25
gene-b1649	NC_000913.3	1726023	1726622	+	600	137	68	70	166	0	147	143	35	103	0	93
gene-b1650	NC_000913.3	1726659	1727756	+	1098	420	184	261	387	0	410	370	103	249	0	363
gene-b1651	NC_000913.3	1727837	1728244	+	408	2460	1057	964	2385	0	1508	2708	894	1234	0	1280
gene-b1652	NC_000913.3	1728347	1728994	+	648	603	292	285	659	0	711	727	166	435	0	597
gene-b1653	NC_000913.3	1729087	1733703	+	4617	551	375	403	525	0	688	487	104	700	0	629
gene-b1654	NC_000913.3	1733754	1734101	-	348	3870	2705	2622	4436	0	3904	4265	736	2193	0	2943
gene-b1655	NC_000913.3	1734435	1735250	+	816	911	530	515	769	0	843	627	149	955	0	1040
gene-b1656	NC_000913.3	1735378	1735959	+	582	8107	3236	2760	6648	0	7601	6883	1957	1594	0	5498
gene-b1657	NC_000913.3	1736121	1737290	-	1170	222	182	207	223	0	261	272	64	178	0	415
gene-b4602	NC_000913.3	1737456	1737545	-	90	397	247	206	409	0	416	509	50	289	0	216
gene-b1658	NC_000913.3	1737844	1738869	+	1026	4923	2599	2549	5484	0	4564	6172	1238	3114	0	3623
gene-b1659	NC_000913.3	1738866	1739798	-	933	289	186	137	350	0	248	297	62	151	0	177
gene-b1660	NC_000913.3	1739911	1741122	+	1212	200	146	154	288	0	255	265	72	157	0	225
gene-b1661	NC_000913.3	1741413	1742561	+	1149	2068	1954	1986	2053	0	2585	1955	496	1970	0	2326
gene-b1662	NC_000913.3	1742601	1743242	-	642	1775	1072	1017	1727	0	1504	1713	422	1028	0	978
gene-b1663	NC_000913.3	1743457	1744830	+	1374	873	408	430	802	0	636	602	180	359	0	381
gene-b1664	NC_000913.3	1744871	1746127	-	1257	963	637	582	856	0	1010	756	288	602	0	533
gene-b1665	NC_000913.3	1746435	1746511	+	77	19	14	15	100	0	73	114	4	91	0	15
gene-b1666	NC_000913.3	1746516	1746592	+	77	47	146	121	169	0	170	134	6	103	0	28
gene-b1667	NC_000913.3	1746700	1747005	+	306	1801	1014	1018	1495	0	1605	1471	298	1324	0	1298
gene-b1668	NC_000913.3	1747131	1748735	+	1605	155	168	211	259	0	235	158	41	218	0	164
gene-b1669	NC_000913.3	1748747	1749559	-	813	24	27	34	39	0	57	27	9	36	0	32
gene-b1670	NC_000913.3	1749563	1750348	-	786	51	53	42	70	0	49	43	12	70	0	64
gene-b1671	NC_000913.3	1750345	1751013	-	669	29	27	46	27	0	41	38	11	41	0	37
gene-b1672	NC_000913.3	1751077	1751724	-	648	38	41	33	34	0	41	52	15	37	0	17
gene-b1673	NC_000913.3	1751728	1753830	-	2103	59	41	38	50	0	31	58	12	61	0	63
gene-b1674	NC_000913.3	1753851	1754477	-	627	12	6	2	19	0	5	16	2	20	0	12
gene-b1675	NC_000913.3	1754932	1755141	-	210	450	184	180	424	0	244	412	46	377	0	294
gene-b4817	NC_000913.3	1755496	1755690	+	195	316	199	162	351	0	384	221	45	187	0	222
gene-b1676	NC_000913.3	1755698	1757110	+	1413	10698	6216	6003	10465	0	12484	9458	2629	3324	0	6257
gene-b1677	NC_000913.3	1757421	1757657	+	237	102294	121560	107519	129253	0	96899	163215	14540	119361	0	68706
gene-b1678	NC_000913.3	1757721	1758725	-	1005	407	315	403	505	0	577	525	125	449	0	322
gene-b1679	NC_000913.3	1758874	1759290	-	417	180	111	140	198	0	254	187	57	351	0	146
gene-b1680	NC_000913.3	1759303	1760523	-	1221	809	386	454	621	0	950	672	236	1367	0	680
gene-b1681	NC_000913.3	1760520	1761791	-	1272	933	383	477	913	0	1096	826	314	1366	0	793
gene-b1682	NC_000913.3	1761766	1762512	-	747	446	226	317	495	0	554	448	157	650	0	402
gene-b1683	NC_000913.3	1762522	1764009	-	1488	1108	575	653	986	0	1190	1050	374	1770	0	975
gene-b1684	NC_000913.3	1764018	1764386	-	369	325	167	209	328	0	366	296	111	731	0	330
gene-b4430	NC_000913.3	1764713	1764780	-	68	66	49	40	75	0	50	84	16	29	0	28
gene-b1685	NC_000913.3	1764934	1765122	-	189	572	312	308	579	0	545	576	106	201	0	201
gene-b1686	NC_000913.3	1765222	1765632	-	411	1341	502	510	1085	0	1375	1121	300	495	0	737
gene-b1687	NC_000913.3	1765629	1768685	-	3057	9200	3662	3636	7311	0	8613	7501	2686	2962	0	5386
gene-b1688	NC_000913.3	1769074	1770186	+	1113	752	535	515	764	0	781	853	126	556	0	826
gene-b4431	NC_000913.3	1770372	1770477	+	106	23	9	5	9	0	6	11	4	16	0	8
gene-b1689	NC_000913.3	1770615	1770971	+	357	7	4	2	10	0	6	6	0	19	0	10
gene-b1690	NC_000913.3	1771071	1772285	+	1215	16	26	26	24	0	24	16	0	32	0	9
gene-b1691	NC_000913.3	1772512	1773777	+	1266	8	7	9	15	0	8	5	4	8	0	10
gene-b1692	NC_000913.3	1773789	1774655	+	867	91	34	27	157	0	148	59	4	54	0	33
gene-b1693	NC_000913.3	1774686	1775444	+	759	904	393	415	881	0	703	794	158	390	0	536
gene-b1694	NC_000913.3	1775587	1777182	+	1596	153	21	21	49	0	36	76	32	41	0	40
gene-b1695	NC_000913.3	1777196	1778347	+	1152	135	22	30	61	0	53	87	32	68	0	47
gene-b1696	NC_000913.3	1778390	1779301	-	912	169	95	75	132	0	132	81	20	144	0	102
gene-b1697	NC_000913.3	1779617	1780381	+	765	27	21	25	11	0	13	32	4	24	0	16
gene-b1698	NC_000913.3	1780401	1781339	+	939	49	28	19	77	0	43	56	16	32	0	21
gene-b1699	NC_000913.3	1781395	1782684	+	1290	52	39	38	37	0	32	55	15	61	0	18
gene-b1700	NC_000913.3	1782681	1782974	+	294	1	0	4	9	0	5	2	0	1	0	2
gene-b1701	NC_000913.3	1782977	1784677	+	1701	100	55	76	140	0	109	99	31	164	0	118
gene-b1702	NC_000913.3	1784734	1787112	-	2379	15147	4561	5539	10964	0	10729	8029	1972	11450	0	12443
gene-b1703	NC_000913.3	1787445	1788278	+	834	781	398	423	598	0	915	348	123	480	0	523
gene-b1704	NC_000913.3	1788435	1789481	+	1047	2237	1333	1395	2619	0	2399	2620	569	1504	0	1568
gene-b1705	NC_000913.3	1789613	1789804	+	192	141	118	166	161	0	189	211	41	529	0	211
gene-b1706	NC_000913.3	1789808	1791244	-	1437	1082	671	727	902	0	1098	1055	263	1090	0	1259
gene-b1707	NC_000913.3	1791307	1792020	-	714	619	194	249	409	0	288	392	76	725	0	639
gene-b1708	NC_000913.3	1792267	1792731	-	465	1342	1211	1049	1418	0	1186	1604	206	1783	0	1296
gene-b1709	NC_000913.3	1792809	1793558	-	750	409	311	351	537	0	619	504	129	348	0	359
gene-b1710	NC_000913.3	1793558	1794109	-	552	382	402	447	682	0	649	555	148	381	0	465
gene-b1711	NC_000913.3	1794172	1795152	-	981	451	298	302	483	0	485	462	98	344	0	372
gene-b1712	NC_000913.3	1795253	1795552	-	300	4276	3525	3606	5412	0	4925	5367	805	3484	0	3107
gene-b1713	NC_000913.3	1795557	1797944	-	2388	14255	6645	7135	12947	0	13726	12161	3634	6455	0	10036
gene-b1714	NC_000913.3	1797959	1798942	-	984	6508	2432	2421	4828	0	5621	5332	1970	2828	0	4276
gene-b1715	NC_000913.3	1799226	1799270	-	45	188	109	89	142	0	119	187	28	110	0	121
gene-b1716	NC_000913.3	1799393	1799749	-	357	26466	23510	22790	41518	0	30195	43997	5587	18669	0	17096
gene-b1717	NC_000913.3	1799802	1799999	-	198	24903	22147	21731	38086	0	30160	34723	7592	17303	0	17069
gene-b1718	NC_000913.3	1800096	1800638	-	543	47469	36304	34359	53658	0	49722	58380	11753	34803	0	32694
gene-b1719	NC_000913.3	1800642	1802570	-	1929	21726	12215	12340	21295	0	23989	20929	6301	16340	0	21225
gene-b4535	NC_000913.3	1805165	1805272	+	108	36	12	15	21	0	31	15	3	9	0	14
gene-b1722	NC_000913.3	1805325	1806083	-	759	1616	806	793	929	0	1121	848	191	596	0	428
gene-b1723	NC_000913.3	1806370	1807299	+	930	1706	426	463	1740	0	598	1561	351	747	0	1023
gene-b1724	NC_000913.3	1807400	1807690	+	291	181	161	218	211	0	191	159	71	275	0	159
gene-b1725	NC_000913.3	1807796	1808656	+	861	409	328	324	576	0	466	469	102	358	0	328
gene-b1726	NC_000913.3	1808697	1809233	-	537	792	543	512	723	0	600	717	161	558	0	458
gene-b1727	NC_000913.3	1809380	1810048	+	669	1420	498	538	1116	0	922	1075	283	747	0	974
gene-b1728	NC_000913.3	1810211	1810801	+	591	95	44	43	57	0	55	69	17	72	0	40
gene-b1729	NC_000913.3	1810934	1812325	+	1392	16877	8176	7747	17708	0	13639	21382	4138	4826	0	6944
gene-b1730	NC_000913.3	1812329	1813132	-	804	565	219	214	662	0	382	669	171	187	0	161
gene-b1731	NC_000913.3	1813421	1813663	-	243	133	107	110	185	0	107	142	22	119	0	80
gene-b1732	NC_000913.3	1813867	1816128	+	2262	163	530	678	645	0	1342	522	172	742	0	937
gene-b1733	NC_000913.3	1816386	1817135	-	750	208	138	114	244	0	187	181	32	127	0	127
gene-b1734	NC_000913.3	1817148	1818500	-	1353	159	80	65	152	0	152	132	44	119	0	89
gene-b1735	NC_000913.3	1818605	1819447	-	843	129	81	81	130	0	95	127	27	123	0	80
gene-b1736	NC_000913.3	1819455	1819805	-	351	54	29	16	66	0	68	44	15	24	0	29
gene-b1737	NC_000913.3	1819856	1821214	-	1359	118	148	89	160	0	79	167	23	147	0	64
gene-b1738	NC_000913.3	1821299	1821619	-	321	233	111	108	151	0	131	229	47	207	0	158
gene-b1739	NC_000913.3	1821918	1822256	-	339	783	962	1129	1144	0	1673	936	152	1274	0	1413
gene-b1740	NC_000913.3	1822458	1823285	+	828	3126	1267	1449	2628	0	2527	2398	873	1091	0	1476
gene-b1741	NC_000913.3	1823515	1824402	+	888	247	193	221	214	0	357	243	81	254	0	189
gene-b1742	NC_000913.3	1824362	1824937	-	576	39	826	772	28	0	1500	38	4	158	0	82
gene-b1743	NC_000913.3	1825140	1825625	-	486	269	144	140	231	0	203	151	32	170	0	173
gene-b1744	NC_000913.3	1825955	1826923	-	969	23	14	22	25	0	27	31	5	36	0	36
gene-b1745	NC_000913.3	1826916	1828259	-	1344	64	31	53	59	0	81	56	14	120	0	84
gene-b1746	NC_000913.3	1828256	1829734	-	1479	60	51	58	54	0	54	73	17	105	0	63
gene-b1747	NC_000913.3	1829731	1830765	-	1035	18	33	34	28	0	43	39	10	52	0	57
gene-b1748	NC_000913.3	1830762	1831982	-	1221	62	36	61	40	0	57	64	20	78	0	79
gene-b1749	NC_000913.3	1832428	1833234	+	807	1578	824	768	1527	0	1466	1570	371	845	0	1098
gene-b1750	NC_000913.3	1833401	1834111	+	711	114	47	82	88	0	101	60	20	91	0	108
gene-b1751	NC_000913.3	1834116	1834793	+	678	49	33	39	46	0	72	48	12	43	0	54
gene-b1752	NC_000913.3	1834808	1835515	+	708	78	49	48	95	0	69	88	18	87	0	52
gene-b1753	NC_000913.3	1835515	1836063	+	549	93	80	71	130	0	98	109	17	89	0	113
gene-b1754	NC_000913.3	1836073	1837239	+	1167	253	136	122	272	0	266	260	53	220	0	244
gene-b1755	NC_000913.3	1837212	1838747	+	1536	98	92	70	146	0	162	119	12	142	0	121
gene-b1756	NC_000913.3	1838747	1839400	+	654	101	97	83	128	0	151	127	17	134	0	126
gene-b1757	NC_000913.3	1839467	1840774	+	1308	219	149	181	283	0	284	284	69	225	0	361
gene-b1758	NC_000913.3	1840783	1841403	-	621	129	91	133	116	0	138	161	32	83	0	95
gene-b1759	NC_000913.3	1841490	1841897	+	408	172	244	206	229	0	466	226	63	129	0	125
gene-b1760	NC_000913.3	1841863	1842135	-	273	47	327	295	58	0	689	56	18	57	0	55
gene-b1761	NC_000913.3	1842371	1843714	+	1344	7622	13379	15031	12293	0	25079	18256	4691	7254	0	16001
gene-b1762	NC_000913.3	1843831	1844871	-	1041	231	260	302	281	0	501	343	108	215	0	329
gene-b1763	NC_000913.3	1844999	1846960	-	1962	2051	873	931	1931	0	1927	1947	413	788	0	1147
gene-b1764	NC_000913.3	1846965	1848008	-	1044	2831	1353	1313	2357	0	2651	2419	603	1005	0	1388
gene-b1765	NC_000913.3	1848125	1848676	-	552	1872	657	633	1434	0	1558	1542	351	834	0	970
gene-b1766	NC_000913.3	1848837	1850693	+	1857	1694	1194	1224	1714	0	1657	2003	423	1166	0	1274
gene-b1767	NC_000913.3	1850860	1851876	+	1017	1581	857	804	1574	0	1622	1546	488	828	0	1156
gene-b1768	NC_000913.3	1851887	1852528	+	642	730	420	384	824	0	880	905	192	457	0	633
gene-b1769	NC_000913.3	1852621	1853979	-	1359	83	52	65	110	0	87	62	21	141	0	100
gene-b1770	NC_000913.3	1854096	1854854	-	759	405	210	226	390	0	373	404	81	382	0	349
gene-b1771	NC_000913.3	1854991	1855971	-	981	95	57	74	104	0	72	91	21	77	0	78
gene-b1772	NC_000913.3	1855981	1856928	-	948	43	11	18	24	0	37	14	18	36	0	48
gene-b1773	NC_000913.3	1856933	1857769	-	837	35	18	14	27	0	37	19	12	49	0	56
gene-b1774	NC_000913.3	1857790	1858833	-	1044	37	12	12	24	0	18	11	4	42	0	49
gene-b1775	NC_000913.3	1858850	1860229	-	1380	26	7	23	25	0	29	17	10	44	0	31
gene-b1776	NC_000913.3	1860256	1861332	-	1077	51	28	13	43	0	44	46	12	42	0	49
gene-b1777	NC_000913.3	1861702	1861974	-	273	1855	1016	1082	1550	0	1667	1370	302	866	0	1229
gene-b1778	NC_000913.3	1862016	1862429	-	414	2353	1361	1429	1843	0	1928	1870	627	1361	0	1828
gene-b1779	NC_000913.3	1862771	1863766	+	996	73604	53649	51675	94464	0	91574	103569	26815	41671	0	65206
gene-b1780	NC_000913.3	1863850	1864734	+	885	3195	678	627	1546	0	1446	1484	617	659	0	1267
gene-b1781	NC_000913.3	1864782	1865636	-	855	464	133	168	339	0	339	351	71	162	0	298
gene-b1782	NC_000913.3	1865726	1866472	-	747	6675	3823	4050	6758	0	6686	5249	1288	3523	0	5297
gene-b1783	NC_000913.3	1866908	1868842	+	1935	310	651	860	521	0	1245	472	125	730	0	742
gene-b1784	NC_000913.3	1868955	1870238	+	1284	94	153	207	161	0	324	136	43	246	0	208
gene-b1785	NC_000913.3	1870385	1871860	+	1476	25	12	18	13	0	17	15	4	30	0	21
gene-b1786	NC_000913.3	1872041	1873531	+	1491	301	222	259	285	0	267	198	33	237	0	200
gene-b1787	NC_000913.3	1873574	1874077	+	504	547	376	305	584	0	533	421	105	448	0	444
gene-b1788	NC_000913.3	1874078	1874182	-	105	45	39	25	50	0	44	25	12	35	0	39
gene-b1789	NC_000913.3	1874352	1874798	+	447	151	80	106	189	0	139	164	50	132	0	126
gene-b1790	NC_000913.3	1874755	1875576	-	822	157	111	115	145	0	165	158	55	88	0	69
gene-b1791	NC_000913.3	1875673	1876854	+	1182	150	187	132	296	0	154	153	48	149	0	125
gene-b1792	NC_000913.3	1876909	1877256	+	348	238	214	182	312	0	280	328	54	205	0	148
gene-b1793	NC_000913.3	1877278	1877532	-	255	188	142	113	200	0	164	145	37	159	0	139
gene-b1794	NC_000913.3	1877715	1878740	+	1026	1269	901	824	1743	0	1525	1397	385	1043	0	1136
gene-b4676	NC_000913.3	1878773	1878871	+	99	12	39	34	107	0	100	14	1	23	0	11
gene-b4675	NC_000913.3	1878874	1878948	+	75	0	11	12	21	0	21	2	0	0	0	2
gene-b1795	NC_000913.3	1879007	1879255	-	249	298	856	1045	662	0	1242	496	102	961	0	584
gene-b1796	NC_000913.3	1879403	1879585	-	183	7	6	8	3	0	8	10	3	12	0	13
gene-b1797	NC_000913.3	1879589	1879948	-	360	5	13	9	5	0	10	13	2	16	0	4
gene-b1798	NC_000913.3	1880121	1880759	-	639	128	62	65	111	0	63	110	21	104	0	75
gene-b1799	NC_000913.3	1880886	1881809	-	924	447	219	200	380	0	396	355	91	184	0	180
gene-b1800	NC_000913.3	1881912	1882997	+	1086	210	84	80	165	0	175	144	26	78	0	83
gene-b1801	NC_000913.3	1883188	1884633	+	1446	56	38	33	42	0	34	26	4	67	0	59
gene-b1802	NC_000913.3	1884665	1885789	+	1125	37	24	18	34	0	19	30	6	27	0	18
gene-b1803	NC_000913.3	1885845	1886810	+	966	130	46	44	103	0	78	70	13	87	0	71
gene-b1804	NC_000913.3	1886864	1887991	-	1128	1090	407	420	925	0	702	1057	201	528	0	538
gene-b1805	NC_000913.3	1888061	1889746	-	1686	2561	497	531	1246	0	731	1316	269	910	0	1187
gene-b1806	NC_000913.3	1889951	1890532	-	582	978	440	424	685	0	698	737	132	422	0	594
gene-b1807	NC_000913.3	1890572	1891267	-	696	1442	558	518	1057	0	1064	1007	223	535	0	874
gene-b1808	NC_000913.3	1891325	1893235	-	1911	624	317	343	572	0	569	702	149	472	0	580
gene-b1809	NC_000913.3	1893367	1893711	+	345	2216	1334	1440	2014	0	2082	2092	453	1281	0	1425
gene-b1810	NC_000913.3	1894133	1894432	+	300	274	228	220	276	0	283	233	70	340	0	218
gene-b1811	NC_000913.3	1894552	1894731	-	180	326	209	200	327	0	287	394	45	289	0	249
gene-b1812	NC_000913.3	1894805	1896166	+	1362	790	414	388	788	0	882	735	216	513	0	596
gene-b1813	NC_000913.3	1896170	1896748	+	579	214	192	168	328	0	352	254	73	143	0	177
gene-b1814	NC_000913.3	1896932	1898296	+	1365	542	343	292	539	0	474	625	147	330	0	323
gene-b1815	NC_000913.3	1898427	1900025	+	1599	125	73	75	113	0	102	129	22	127	0	93
gene-b1816	NC_000913.3	1900029	1901585	-	1557	998	647	653	1018	0	947	1036	199	560	0	711
gene-b4751	NC_000913.3	1901573	1901731	-	159	153	74	85	146	0	136	103	11	94	0	117
gene-b1817	NC_000913.3	1902048	1903019	+	972	4989	4075	4338	9294	0	8021	9448	3102	3835	0	3774
gene-b1818	NC_000913.3	1903082	1903882	+	801	3380	2848	2892	7486	0	5996	6815	2014	248	0	338
gene-b1819	NC_000913.3	1903895	1904746	+	852	3551	3721	3773	7917	0	6036	7232	1863	301	0	332
gene-b1820	NC_000913.3	1904801	1905259	+	459	342	182	161	417	0	267	423	120	96	0	82
gene-b1821	NC_000913.3	1905688	1906254	+	567	78	43	27	84	0	56	60	7	64	0	81
gene-b1822	NC_000913.3	1906251	1907060	-	810	562	328	287	588	0	555	564	150	302	0	399
gene-b1823	NC_000913.3	1907226	1907435	-	210	8414	8810	8812	11270	0	7082	8982	1167	7903	0	7301
gene-b1824	NC_000913.3	1907448	1907591	-	144	5896	10886	10570	10562	0	7303	6170	741	9032	0	5644
gene-b1825	NC_000913.3	1908261	1908548	-	288	832	623	635	848	0	637	882	182	579	0	336
gene-b1826	NC_000913.3	1908623	1908766	-	144	246	291	250	358	0	311	390	80	215	0	183
gene-b4536	NC_000913.3	1908925	1909164	+	240	448	518	482	425	0	377	520	75	471	0	292
gene-b1827	NC_000913.3	1909308	1910099	-	792	1829	908	804	1554	0	1732	1736	462	1013	0	1322
gene-b1828	NC_000913.3	1910276	1911649	+	1374	124	48	42	50	0	86	50	14	78	0	56
gene-b1829	NC_000913.3	1911695	1912576	-	882	6316	3917	3488	6572	0	4513	7122	1086	3459	0	3535
gene-b1830	NC_000913.3	1912768	1914816	-	2049	6207	5056	4804	7284	0	7055	7530	1600	4624	0	4997
gene-b1831	NC_000913.3	1914836	1915534	-	699	7136	3932	3947	8409	0	8174	8814	2085	4281	0	6210
gene-b1832	NC_000913.3	1915631	1916128	-	498	3826	2090	2067	3617	0	3898	3688	906	2441	0	2290
gene-b1833	NC_000913.3	1916258	1917541	+	1284	305	251	275	398	0	300	379	73	411	0	397
gene-b1834	NC_000913.3	1917510	1920143	+	2634	685	729	782	968	0	963	906	182	922	0	927
gene-b1835	NC_000913.3	1920223	1921662	+	1440	645	327	404	589	0	571	639	112	453	0	624
gene-b1836	NC_000913.3	1921780	1922016	+	237	74	313	294	149	0	359	150	20	307	0	197
gene-b1837	NC_000913.3	1922121	1922312	+	192	137	145	165	154	0	129	133	17	121	0	107
gene-b1838	NC_000913.3	1922313	1922969	-	657	109	82	78	103	0	101	102	38	78	0	68
gene-b4432	NC_000913.3	1923066	1923337	+	272	110	71	52	401	0	258	42	0	40	0	54
gene-b4433	NC_000913.3	1923104	1923207	-	104	0	0	0	0	0	0	0	0	0	0	0
gene-b1839	NC_000913.3	1923365	1923706	-	342	870	621	584	794	0	923	790	205	586	0	528
gene-b1840	NC_000913.3	1923719	1924591	-	873	1012	494	504	836	0	904	789	180	388	0	496
gene-b1841	NC_000913.3	1924595	1924969	-	375	1092	474	481	885	0	861	980	235	514	0	580
gene-b1842	NC_000913.3	1925108	1925338	+	231	741	555	521	675	0	744	642	169	698	0	576
gene-b1843	NC_000913.3	1925440	1926096	+	657	485	292	296	507	0	470	356	123	323	0	366
gene-b1844	NC_000913.3	1926120	1926782	+	663	606	342	347	749	0	619	822	142	406	0	440
gene-b1845	NC_000913.3	1926779	1928839	-	2061	374	287	298	480	0	589	516	141	336	0	386
gene-b1846	NC_000913.3	1929048	1929707	-	660	272	166	158	260	0	224	209	53	205	0	189
gene-b1847	NC_000913.3	1930034	1930390	-	357	413	642	774	807	0	1063	857	150	572	0	561
gene-b1848	NC_000913.3	1930457	1930747	-	291	574	270	233	485	0	399	511	130	310	0	311
gene-b1849	NC_000913.3	1930881	1932059	+	1179	4001	1242	1276	2452	0	2646	2676	742	1675	0	2703
gene-b1850	NC_000913.3	1932115	1932756	-	642	2591	1331	1113	2461	0	2300	2996	424	763	0	1106
gene-b1851	NC_000913.3	1932793	1934604	-	1812	1493	783	692	1367	0	1492	1327	421	705	0	552
gene-b1852	NC_000913.3	1934839	1936314	-	1476	6558	3245	3416	5910	0	6711	6155	1946	3057	0	4068
gene-b1853	NC_000913.3	1936652	1937521	+	870	859	531	547	786	0	716	949	249	797	0	877
gene-b1854	NC_000913.3	1937649	1939091	+	1443	3994	2513	2893	3991	0	5098	4353	1036	3777	0	4632
gene-b1855	NC_000913.3	1939222	1940193	-	972	1310	613	703	1199	0	1042	1281	285	881	0	1022
gene-b1856	NC_000913.3	1940313	1941635	-	1323	1174	629	555	1116	0	932	1283	280	816	0	904
gene-b1857	NC_000913.3	1941651	1942583	-	933	1073	905	774	1603	0	1344	1840	553	735	0	674
gene-b1858	NC_000913.3	1942662	1943417	+	756	560	378	311	594	0	472	590	163	343	0	384
gene-b1859	NC_000913.3	1943414	1944199	+	786	273	207	200	326	0	259	338	52	166	0	211
gene-b1860	NC_000913.3	1944346	1945356	-	1011	850	414	457	1002	0	781	954	174	553	0	644
gene-b1861	NC_000913.3	1945365	1945976	-	612	657	287	308	497	0	521	564	148	553	0	556
gene-b4677	NC_000913.3	1946115	1946180	-	66	3	2	3	4	0	2	3	0	1	0	0
gene-b1862	NC_000913.3	1946251	1946853	+	603	39	22	24	46	0	36	40	4	39	0	26
gene-b1863	NC_000913.3	1946855	1947376	-	522	1930	809	820	1472	0	1503	1482	385	836	0	990
gene-b1864	NC_000913.3	1947411	1948151	-	741	4818	1764	1721	3580	0	4068	3584	1055	1942	0	3152
gene-b1865	NC_000913.3	1948180	1948632	-	453	2293	714	665	1634	0	1833	1423	561	889	0	1375
gene-b1866	NC_000913.3	1948750	1950522	-	1773	9276	3155	3159	6308	0	7154	6567	1962	3129	0	5942
gene-b1867	NC_000913.3	1950832	1951398	+	567	603	231	267	613	0	428	539	125	258	0	364
gene-b1868	NC_000913.3	1951395	1952213	+	819	339	165	150	267	0	245	358	78	244	0	175
gene-b1869	NC_000913.3	1952266	1952661	+	396	843	406	372	997	0	729	885	176	442	0	611
gene-b1870	NC_000913.3	1952702	1953445	+	744	1027	378	381	1094	0	829	1016	299	472	0	577
gene-b1871	NC_000913.3	1953442	1954413	+	972	1034	452	422	967	0	794	1065	206	513	0	695
gene-b1872	NC_000913.3	1954578	1957007	-	2430	257	106	138	193	0	195	257	76	220	0	145
gene-b1873	NC_000913.3	1957032	1958132	-	1101	30	16	9	23	0	27	18	7	30	0	13
gene-b4717	NC_000913.3	1958441	1958520	-	80	0	0	0	1	0	0	1	0	3	0	0
gene-b1874	NC_000913.3	1958520	1959266	-	747	540	421	351	788	0	585	760	143	673	0	651
gene-b1875	NC_000913.3	1959280	1959846	-	567	555	310	342	679	0	577	657	123	383	0	505
gene-b1876	NC_000913.3	1960062	1961795	+	1734	5993	1948	2125	4887	0	4016	4908	1241	2272	0	3508
gene-b4778	NC_000913.3	1961837	1961881	-	45	11	7	5	24	0	18	4	1	5	0	3
gene-b1877	NC_000913.3	1961972	1962460	+	489	194	242	210	70	0	218	65	16	133	0	153
gene-b1878	NC_000913.3	1962580	1962972	-	393	37	342	274	23	0	365	31	3	123	0	136
gene-b1879	NC_000913.3	1962972	1965050	-	2079	147	1528	1457	146	0	2076	128	22	619	0	998
gene-b1880	NC_000913.3	1965043	1966191	-	1149	13	1160	1091	29	0	1428	24	20	280	0	328
gene-b1881	NC_000913.3	1966393	1967037	-	645	80	1735	1799	74	0	4433	62	19	78	0	85
gene-b1882	NC_000913.3	1967048	1967437	-	390	24	1008	934	26	0	3831	47	13	35	0	42
gene-b1883	NC_000913.3	1967452	1968501	-	1050	15	939	987	17	0	2967	14	2	38	0	37
gene-b1884	NC_000913.3	1968504	1969364	-	861	15	872	847	28	0	2761	20	6	41	0	34
gene-b1885	NC_000913.3	1969383	1970984	-	1602	25	3477	3745	29	0	9886	29	5	87	0	122
gene-b1886	NC_000913.3	1971030	1972691	-	1662	43	6572	6537	54	0	18459	56	10	125	0	177
gene-b1887	NC_000913.3	1972836	1973339	-	504	41	3549	3627	45	0	9836	35	16	95	0	114
gene-b1888	NC_000913.3	1973360	1975324	-	1965	76	6467	7042	97	0	19555	121	29	187	0	233
gene-b1889	NC_000913.3	1975329	1976255	-	927	15	2361	2377	47	0	4946	48	9	57	0	50
gene-b1890	NC_000913.3	1976252	1977139	-	888	32	3149	3344	26	0	5872	35	4	85	0	53
gene-b4828	NC_000913.3	1977208	1977302	-	95	0	227	196	2	0	536	0	0	4	0	0
gene-b1891	NC_000913.3	1977266	1977844	-	579	56	611	595	359	0	1308	225	67	792	0	966
gene-b1892	NC_000913.3	1977847	1978197	-	351	57	661	703	288	0	1214	366	96	826	0	1251
gene-b1893	NC_000913.3	1978518	1979021	-	504	0	0	0	0	0	0	0	0	56	0	63
gene-b1894	NC_000913.3	1978940	1979215	-	276	0	0	0	0	0	0	0	0	90	0	55
gene-b1895	NC_000913.3	1979753	1980181	+	429	83	129	134	265	0	188	157	35	286	0	205
gene-b1896	NC_000913.3	1980188	1981612	-	1425	250	393	481	460	0	764	413	66	561	0	530
gene-b1897	NC_000913.3	1981587	1982387	-	801	35	141	161	129	0	290	165	55	152	0	112
gene-b4460	NC_000913.3	1982554	1983540	-	987	162	146	156	211	0	198	232	49	204	0	127
gene-b1900	NC_000913.3	1983555	1985069	-	1515	183	127	130	195	0	187	238	41	198	0	103
gene-b1901	NC_000913.3	1985139	1986128	-	990	42	61	50	44	0	106	36	9	72	0	73
gene-b1902	NC_000913.3	1986925	1987428	+	504	1060	344	335	669	0	470	397	63	710	0	672
gene-b4537	NC_000913.3	1987507	1987758	-	252	1007	516	549	1011	0	958	1044	204	787	0	945
gene-b4663	NC_000913.3	1987873	1987959	-	87	333	381	387	306	0	399	369	21	231	0	78
gene-b1904	NC_000913.3	1988222	1988545	+	324	32	463	571	26	0	893	52	4	267	0	450
gene-b1905	NC_000913.3	1988716	1989213	+	498	1644	784	875	1415	0	1630	771	381	902	0	2115
gene-b1906	NC_000913.3	1989251	1989490	-	240	65	49	47	52	0	66	43	16	106	0	115
gene-b1907	NC_000913.3	1989681	1990892	+	1212	501	378	301	497	0	474	512	105	270	0	480
gene-b1908	NC_000913.3	1990954	1991619	-	666	1129	377	366	790	0	718	736	214	404	0	478
gene-b4759	NC_000913.3	1991748	1991814	-	67	71	18	7	62	0	18	33	8	17	0	13
gene-b1909	NC_000913.3	1991815	1991901	-	87	5	0	1	353	0	388	10	2	4	0	16
gene-b1910	NC_000913.3	1991914	1991987	-	74	72	981	760	1399	0	1111	153	16	52	0	74
gene-b1911	NC_000913.3	1992042	1992117	-	76	2024	4323	3594	3263	0	2696	3268	437	2950	0	1470
gene-b1912	NC_000913.3	1992269	1992817	-	549	1083	684	612	1217	0	864	1407	303	699	0	841
gene-b1913	NC_000913.3	1992874	1994706	-	1833	1438	1029	913	1697	0	1652	1549	379	1131	0	1243
gene-b1914	NC_000913.3	1994703	1995359	-	657	2380	1331	1330	2251	0	1664	1888	418	2359	0	1999
gene-b4752	NC_000913.3	1995655	1995831	+	177	8	3	2	4	0	9	3	0	11	0	17
gene-b1915	NC_000913.3	1995818	1996042	+	225	231	143	181	351	0	234	163	7	286	0	312
gene-b1916	NC_000913.3	1996110	1996832	-	723	438	190	230	304	0	237	314	103	367	0	342
gene-b4719	NC_000913.3	1996921	1997057	+	137	32	24	31	55	0	24	58	11	17	0	15
gene-b1917	NC_000913.3	1997062	1997814	-	753	1247	393	453	1096	0	966	1077	257	374	0	566
gene-b1918	NC_000913.3	1997811	1998479	-	669	1111	315	373	892	0	763	816	238	290	0	495
gene-b1919	NC_000913.3	1998494	1999480	-	987	2679	842	880	2013	0	2083	1800	664	835	0	1321
gene-b1920	NC_000913.3	1999585	2000385	-	801	6327	4849	4536	5828	0	8050	5997	2464	3243	0	4236
gene-b1921	NC_000913.3	2000473	2001024	-	552	63	1880	1861	80	0	4269	85	26	601	0	1005
gene-b1922	NC_000913.3	2001070	2001789	-	720	28	5463	5212	60	0	9395	113	20	1440	0	2504
gene-b4827	NC_000913.3	2001912	2002106	-	195	52	3740	4027	108	0	11181	89	4	39	0	64
gene-b1923	NC_000913.3	2002110	2003606	-	1497	600	92636	104934	694	0	330054	855	158	562	0	1038
gene-b1924	NC_000913.3	2003872	2005278	+	1407	54	4506	4900	62	0	14487	59	12	475	0	824
gene-b1925	NC_000913.3	2005303	2005713	+	411	14	964	987	27	0	3363	24	8	106	0	205
gene-b1926	NC_000913.3	2005713	2006078	+	366	23	601	569	26	0	1734	22	6	101	0	148
gene-b1927	NC_000913.3	2006156	2007643	+	1488	192	918	987	515	0	1751	435	144	1000	0	891
gene-b1928	NC_000913.3	2007677	2008090	-	414	1303	796	867	1571	0	1267	1812	256	938	0	1286
gene-b1929	NC_000913.3	2008277	2009482	+	1206	1955	960	994	2191	0	1950	2295	613	1764	0	3502
gene-b1930	NC_000913.3	2009479	2009712	+	234	298	179	184	501	0	361	459	100	601	0	920
gene-b1931	NC_000913.3	2009821	2010489	+	669	37	36	43	54	0	46	57	16	68	0	70
gene-b1932	NC_000913.3	2010600	2011079	+	480	118	44	43	70	0	93	47	11	0	0	0
gene-b1937	NC_000913.3	2012700	2013014	-	315	12	1463	1250	18	0	1780	14	4	395	0	621
gene-b1938	NC_000913.3	2013229	2014887	+	1659	25	5141	5086	38	0	6169	68	17	1390	0	1928
gene-b1939	NC_000913.3	2014880	2015875	+	996	23	2097	2120	47	0	4001	52	12	506	0	969
gene-b1940	NC_000913.3	2015868	2016554	+	687	23	1174	1249	31	0	2395	51	2	348	0	575
gene-b1941	NC_000913.3	2016554	2017927	+	1374	14	1718	1588	24	0	2580	42	2	160	0	213
gene-b1942	NC_000913.3	2017946	2018389	+	444	2	401	423	0	0	889	7	6	13	0	9
gene-b1943	NC_000913.3	2018386	2019513	+	1128	43	1076	999	36	0	2358	56	9	92	0	76
gene-b1944	NC_000913.3	2019618	2020082	+	465	31	2423	2371	26	0	3741	60	10	683	0	1025
gene-b1945	NC_000913.3	2020087	2021091	+	1005	22	2313	2482	30	0	4744	61	10	666	0	1316
gene-b1946	NC_000913.3	2021088	2021501	+	414	8	916	892	10	0	1697	23	2	184	0	347
gene-b1947	NC_000913.3	2021504	2021869	+	366	4	286	302	12	0	634	16	5	88	0	123
gene-b1948	NC_000913.3	2021869	2022606	+	738	11	646	705	19	0	988	23	6	266	0	368
gene-b1949	NC_000913.3	2022616	2022885	+	270	4	160	161	14	0	259	2	1	52	0	87
gene-b1950	NC_000913.3	2022893	2023678	+	786	34	308	304	41	0	328	50	14	113	0	161
gene-b1951	NC_000913.3	2023968	2024591	+	624	104	287	294	107	0	359	94	18	231	0	285
gene-b1952	NC_000913.3	2024635	2024823	-	189	256	252	232	301	0	249	253	23	269	0	193
gene-b1953	NC_000913.3	2024986	2025213	+	228	74	150	167	121	0	100	104	7	181	0	80
gene-b1954	NC_000913.3	2025223	2025313	-	91	24	9	15	13	0	22	9	1	12	0	11
gene-b1955	NC_000913.3	2025511	2026326	+	816	84	90	103	131	0	189	120	34	115	0	72
gene-b1956	NC_000913.3	2026323	2028017	-	1695	364	381	380	495	0	439	526	118	391	0	354
gene-b1957	NC_000913.3	2028188	2028370	-	183	56	82	64	41	0	64	43	18	134	0	93
gene-b1958	NC_000913.3	2028449	2029366	-	918	223	185	143	221	0	314	249	85	304	0	313
gene-b1959	NC_000913.3	2029539	2030459	+	921	49	47	24	53	0	40	53	27	63	0	55
gene-b1960	NC_000913.3	2030448	2030918	-	471	97	69	69	139	0	133	133	42	96	0	82
gene-b1961	NC_000913.3	2030899	2032317	-	1419	1116	592	685	1130	0	1095	1324	405	622	0	826
gene-b1962	NC_000913.3	2032384	2033079	-	696	403	334	327	460	0	435	487	113	312	0	245
gene-b1963	NC_000913.3	2033119	2033421	-	303	167	173	155	184	0	173	160	27	55	0	29
gene-b4603	NC_000913.3	2033649	2033739	+	91	5	0	7	5	0	3	4	2	2	0	0
gene-b1967	NC_000913.3	2035835	2036686	+	852	441	432	428	454	0	881	245	74	846	0	1163
gene-b1968	NC_000913.3	2036794	2038152	-	1359	609	542	457	481	0	437	234	62	1481	0	1554
gene-b1969	NC_000913.3	2038152	2038823	-	672	703	496	386	577	0	418	251	55	928	0	1232
gene-b1970	NC_000913.3	2038956	2039369	+	414	118	104	70	125	0	74	80	33	229	0	281
gene-b1971	NC_000913.3	2039478	2040482	+	1005	273	161	122	227	0	236	187	24	134	0	192
gene-b1972	NC_000913.3	2040483	2041118	+	636	113	79	78	113	0	100	114	16	146	0	140
gene-b1973	NC_000913.3	2041375	2042025	+	651	170	74	64	88	0	89	144	35	172	0	148
gene-b1974	NC_000913.3	2042368	2042898	+	531	81	44	38	83	0	50	57	23	92	0	63
gene-b1975	NC_000913.3	2043468	2043557	-	90	389	171	166	293	0	339	327	31	334	0	396
gene-b1976	NC_000913.3	2043651	2044448	+	798	1700	792	739	1131	0	1099	1252	232	1515	0	1631
gene-b1977	NC_000913.3	2044549	2044624	+	76	323	523	415	366	0	263	714	39	60	0	74
gene-b1978	NC_000913.3	2044938	2052014	+	7077	801	549	496	740	0	658	852	148	638	0	406
gene-b1981	NC_000913.3	2053643	2054959	+	1317	908	697	709	891	0	977	978	242	1076	0	935
gene-b1982	NC_000913.3	2055061	2056515	+	1455	1919	1184	1290	1853	0	2546	1761	553	1240	0	1697
gene-b1983	NC_000913.3	2056858	2057574	+	717	4103	1353	1369	3437	0	2655	3773	1063	1204	0	1565
gene-b1984	NC_000913.3	2058027	2058102	-	76	185	132	128	118	0	139	119	11	243	0	124
gene-b1985	NC_000913.3	2058203	2059846	-	1644	160	126	98	107	0	183	157	55	135	0	125
gene-b1986	NC_000913.3	2059851	2059926	+	76	27	38	48	105	0	87	19	2	14	0	12
gene-b1987	NC_000913.3	2059964	2060914	-	951	670	505	539	1016	0	863	960	229	1404	0	1583
gene-b1988	NC_000913.3	2061016	2061933	-	918	146	79	104	81	0	80	97	23	102	0	92
gene-b1989	NC_000913.3	2062260	2062335	+	76	32	22	11	24	0	12	16	5	2480	0	1807
gene-b1990	NC_000913.3	2062391	2063323	-	933	549	404	342	504	0	457	496	92	493	0	475
gene-b1991	NC_000913.3	2063388	2064467	-	1080	370	237	174	233	0	319	232	98	139	0	182
gene-b1992	NC_000913.3	2064479	2065222	-	744	96	81	56	78	0	92	52	56	146	0	179
gene-b1993	NC_000913.3	2065219	2065764	-	546	280	203	174	185	0	200	209	31	256	0	281
gene-b1994	NC_000913.3	2066305	2067285	-	981	187	81	82	80	0	36	111	37	0	0	0
gene-b1996	NC_000913.3	2068952	2069857	-	906	38	16	21	26	0	26	51	10	0	0	0
gene-b1997	NC_000913.3	2069815	2070180	-	366	0	2	3	1	0	2	0	0	0	0	0
gene-b4435	NC_000913.3	2071317	2071511	+	195	5	31	10	379	0	41	13	4	0	0	0
gene-b2000	NC_000913.3	2071539	2074658	+	3120	573	585	622	11783	0	1582	534	142	0	0	0
gene-b2001	NC_000913.3	2074779	2076311	+	1533	122	101	102	521	0	159	143	28	0	0	0
gene-b2002	NC_000913.3	2076308	2076754	+	447	21	24	22	94	0	45	40	4	0	0	0
gene-b2003	NC_000913.3	2076817	2077038	+	222	25	14	21	20	0	22	20	6	0	0	0
gene-b2004	NC_000913.3	2077112	2077480	+	369	25	17	18	22	0	20	35	6	7	0	0
gene-b2005	NC_000913.3	2077569	2077943	+	375	21	50	44	49	0	33	19	6	0	0	0
gene-b2006	NC_000913.3	2077940	2078134	+	195	87	47	37	49	0	32	79	14	0	0	0
gene-b4538	NC_000913.3	2078575	2078931	+	357	70	28	50	102	0	51	72	15	77	0	60
gene-b2007	NC_000913.3	2079032	2079361	-	330	5195	3804	3373	6160	0	5393	5938	1232	3299	0	3735
gene-b4818	NC_000913.3	2079427	2079477	-	51	164	116	92	497	0	503	93	42	90	0	98
gene-b2008	NC_000913.3	2079533	2080591	-	1059	257	165	217	394	0	289	324	80	197	0	205
gene-b2009	NC_000913.3	2080789	2081262	-	474	172	108	115	163	0	159	175	58	132	0	99
gene-b2010	NC_000913.3	2081381	2082547	-	1167	158	138	98	125	0	160	186	54	57	0	46
gene-b2011	NC_000913.3	2082756	2084183	+	1428	958	517	520	988	0	835	856	277	486	0	722
gene-b2012	NC_000913.3	2084226	2084453	-	228	492	434	522	756	0	837	1588	266	241	0	285
gene-b2013	NC_000913.3	2084467	2085525	-	1059	1177	1033	1035	1422	0	1675	2649	1155	543	0	721
gene-b2014	NC_000913.3	2085704	2087062	-	1359	9444	3338	3462	7018	0	5648	6654	1589	2654	0	5420
gene-b4678	NC_000913.3	2087052	2087114	-	63	1840	348	267	383	0	286	1370	315	1048	0	1046
gene-b2015	NC_000913.3	2087329	2088258	-	930	155	93	74	150	0	155	147	45	136	0	117
gene-b2016	NC_000913.3	2088304	2089128	-	825	1544	802	780	1406	0	1427	1450	354	996	0	1171
gene-b4539	NC_000913.3	2089211	2089465	-	255	249	163	126	262	0	269	216	58	0	0	0
gene-b2017	NC_000913.3	2089462	2089713	-	252	474	194	177	324	0	319	312	106	0	0	0
gene-b2018	NC_000913.3	2089996	2090046	+	51	938	996	854	638	0	456	1019	159	1530	0	409
gene-b2019	NC_000913.3	2090192	2091091	+	900	3668	1100	1142	2140	0	2731	2313	1032	1579	0	3435
gene-b2020	NC_000913.3	2091097	2092401	+	1305	4613	1290	1453	3065	0	3445	2810	1155	1748	0	3814
gene-b2021	NC_000913.3	2092398	2093468	+	1071	3682	945	946	2304	0	2859	1966	888	1568	0	3500
gene-b2022	NC_000913.3	2093468	2094535	+	1068	4441	1375	1396	2804	0	3631	2611	999	2268	0	4014
gene-b2023	NC_000913.3	2094535	2095125	+	591	1844	591	601	1165	0	1404	1131	353	803	0	1704
gene-b2024	NC_000913.3	2095125	2095862	+	738	2369	736	740	1387	0	1927	1264	486	1293	0	2588
gene-b2025	NC_000913.3	2095844	2096620	+	777	2247	878	888	1516	0	1856	1537	494	1633	0	2863
gene-b2026	NC_000913.3	2096614	2097225	+	612	3068	1099	1181	1969	0	2233	1995	665	2306	0	3247
gene-b2027	NC_000913.3	2097321	2098301	-	981	7847	4978	4965	8764	0	7326	7504	1819	1587	0	1934
gene-b2028	NC_000913.3	2098447	2099613	-	1167	996	227	268	592	0	432	518	161	309	0	351
gene-b2029	NC_000913.3	2099862	2101268	-	1407	22444	9525	10021	17852	0	18805	15196	4163	2895	0	4811
gene-b2030	NC_000913.3	2101895	2102875	-	981	365	150	188	194	0	199	313	115	0	0	0
gene-b2032	NC_000913.3	2103391	2104509	-	1119	1853	1237	1352	2603	0	1775	2756	1248	0	0	0
gene-b2033	NC_000913.3	2104494	2105084	-	591	848	526	548	910	0	1220	691	308	0	0	0
gene-b2034	NC_000913.3	2105065	2106057	-	993	2588	1539	1686	2932	0	3050	2675	1185	0	0	1
gene-b2035	NC_000913.3	2106060	2107226	-	1167	840	802	880	1183	0	1030	1092	594	0	0	0
gene-b2036	NC_000913.3	2107226	2108329	-	1104	2760	1731	1642	2656	0	3290	2409	1263	0	0	0
gene-b2037	NC_000913.3	2108337	2109584	-	1248	1734	1205	1306	2186	0	1893	1892	623	0	0	0
gene-b2038	NC_000913.3	2109581	2110138	-	558	996	578	621	1222	0	1255	1069	366	0	0	0
gene-b2039	NC_000913.3	2110138	2111019	-	882	2868	1380	1402	2514	0	2935	2068	849	627	0	1091
gene-b2040	NC_000913.3	2111077	2111976	-	900	3078	1256	1331	2663	0	2929	2209	788	803	0	1363
gene-b2041	NC_000913.3	2111976	2113061	-	1086	5236	1778	2027	4654	0	4576	4058	1460	1973	0	3140
gene-b2042	NC_000913.3	2113434	2114327	-	894	8051	5326	5232	8451	0	7329	7011	1360	1975	0	2411
gene-b2043	NC_000913.3	2114502	2115896	-	1395	242	104	141	238	0	204	210	59	178	0	135
gene-b2044	NC_000913.3	2115907	2117127	-	1221	71	47	35	63	0	76	81	8	32	0	11
gene-b2045	NC_000913.3	2117124	2118404	-	1281	58	41	15	53	0	57	49	10	20	0	19
gene-b2046	NC_000913.3	2118680	2120158	-	1479	34	16	40	44	0	26	33	11	35	0	16
gene-b2047	NC_000913.3	2120160	2121554	-	1395	17	20	17	27	0	44	15	6	49	0	21
gene-b2048	NC_000913.3	2121609	2122979	-	1371	62	34	33	66	0	53	64	15	87	0	20
gene-b2049	NC_000913.3	2123084	2124520	-	1437	52	42	30	47	0	27	46	13	63	0	24
gene-b2050	NC_000913.3	2124523	2125746	-	1224	17	25	18	32	0	23	35	12	56	0	15
gene-b2051	NC_000913.3	2125743	2126222	-	480	26	12	3	26	0	26	22	6	13	0	2
gene-b2052	NC_000913.3	2126225	2127190	-	966	17	14	16	30	0	25	20	1	42	0	13
gene-b2053	NC_000913.3	2127193	2128314	-	1122	53	34	55	60	0	60	66	8	75	0	38
gene-b2054	NC_000913.3	2128340	2128888	-	549	11	8	2	9	0	5	13	0	15	0	2
gene-b2055	NC_000913.3	2128904	2129650	-	747	5	6	2	4	0	10	2	0	0	0	2
gene-b2056	NC_000913.3	2129661	2130878	-	1218	10	16	6	5	0	12	9	0	27	0	6
gene-b2057	NC_000913.3	2130853	2132070	-	1218	18	25	11	32	0	31	27	6	26	0	10
gene-b2058	NC_000913.3	2132067	2132555	-	489	21	7	11	15	0	19	12	2	16	0	8
gene-b2059	NC_000913.3	2132558	2133397	-	840	20	16	4	14	0	13	20	6	27	0	16
gene-b2060	NC_000913.3	2133490	2135652	-	2163	48	29	26	32	0	16	50	13	74	0	26
gene-b2061	NC_000913.3	2135655	2136098	-	444	2	8	1	6	0	1	2	0	12	0	0
gene-b2062	NC_000913.3	2136104	2137243	-	1140	4	8	13	16	0	6	11	0	25	0	10
gene-b2063	NC_000913.3	2137902	2139485	+	1584	746	401	480	652	0	660	625	133	650	0	733
gene-b2064	NC_000913.3	2139759	2141612	-	1854	1759	1180	1034	1793	0	1503	1880	415	1587	0	1640
gene-b2065	NC_000913.3	2141634	2142215	-	582	1607	944	932	1725	0	1586	1667	338	1081	0	1209
gene-b2066	NC_000913.3	2142307	2142948	-	642	1242	592	625	1212	0	1142	1067	289	678	0	1056
gene-b2067	NC_000913.3	2143266	2146583	+	3318	712	878	821	730	0	1078	780	139	996	0	998
gene-b2068	NC_000913.3	2146692	2147540	-	849	162	107	42	114	0	128	121	33	109	0	94
gene-b2069	NC_000913.3	2147674	2149026	+	1353	300	199	170	380	0	307	306	65	255	0	334
gene-b2070	NC_000913.3	2149039	2150985	-	1947	141	127	115	193	0	133	201	32	127	0	95
gene-b2071	NC_000913.3	2151185	2151646	+	462	22	8	19	18	0	8	22	2	3	0	0
gene-b2072	NC_000913.3	2151711	2152472	-	762	18	7	7	10	0	8	18	4	31	0	18
gene-b2073	NC_000913.3	2152469	2153128	-	660	29	28	21	22	0	26	37	4	32	0	16
gene-b4436	NC_000913.3	2153311	2153454	+	144	16	11	6	28	0	21	10	0	16	0	7
gene-b4667	NC_000913.3	2153349	2153408	-	60	0	0	0	0	0	0	0	0	0	0	0
gene-b4437	NC_000913.3	2153646	2153781	+	136	15	11	8	16	0	13	11	7	12	0	7
gene-b4668	NC_000913.3	2153681	2153737	-	57	0	0	0	0	0	0	0	0	0	0	0
gene-b2074	NC_000913.3	2154016	2155263	+	1248	221	122	128	224	0	239	294	81	147	0	193
gene-b2075	NC_000913.3	2155263	2158385	+	3123	360	252	239	408	0	358	385	91	299	0	330
gene-b2076	NC_000913.3	2158386	2161463	+	3078	282	260	236	325	0	285	377	58	314	0	252
gene-b2077	NC_000913.3	2161464	2162879	+	1416	95	90	73	113	0	113	91	24	85	0	65
gene-b2078	NC_000913.3	2162876	2164279	+	1404	111	88	68	163	0	125	200	32	142	0	96
gene-b2079	NC_000913.3	2164276	2164998	+	723	374	201	176	355	0	409	422	117	244	0	258
gene-b2080	NC_000913.3	2165189	2165521	+	333	61	312	391	194	0	376	215	37	313	0	209
gene-b2081	NC_000913.3	2165668	2167029	+	1362	1755	931	833	1865	0	1790	2086	555	578	0	934
gene-b4438	NC_000913.3	2167114	2167200	+	87	317	72	106	177	0	187	162	15	55	0	54
gene-b2082	NC_000913.3	2167302	2167520	-	219	151	99	99	169	0	135	200	30	0	0	0
gene-b2085	NC_000913.3	2167989	2168306	-	318	29	20	14	13	0	13	12	6	45	0	23
gene-b2086	NC_000913.3	2168712	2169611	+	900	38	107	138	165	0	181	102	22	215	0	159
gene-b2088	NC_000913.3	2170236	2170535	+	300	6	2	3	1	0	1	5	1	0	0	0
gene-b2089	NC_000913.3	2170532	2171398	+	867	93	90	84	94	0	117	142	43	112	0	71
gene-b2091	NC_000913.3	2171833	2172873	-	1041	2522	2905	2742	4876	0	6581	4947	2201	51	0	58
gene-b2093	NC_000913.3	2174282	2174566	-	285	1980	3117	3207	4575	0	7614	4327	2646	8	0	3
gene-b2094	NC_000913.3	2174597	2175049	-	453	2680	3202	3432	5537	0	9509	4760	2096	6	0	2
gene-b2095	NC_000913.3	2175059	2176321	-	1263	10438	11250	11710	17693	0	29468	15635	7618	18	0	19
gene-b2096	NC_000913.3	2176350	2177204	-	855	10642	11485	11309	19890	0	24827	18364	6557	34	0	8
gene-b2097	NC_000913.3	2177512	2178564	-	1053	594	795	871	995	0	1709	802	214	1301	0	1215
gene-b2098	NC_000913.3	2178821	2180098	+	1278	95	46	48	71	0	59	85	30	76	0	67
gene-b2099	NC_000913.3	2180095	2181099	+	1005	145	61	63	124	0	147	131	19	117	0	106
gene-b2100	NC_000913.3	2181096	2182061	+	966	137	77	74	96	0	96	103	26	74	0	94
gene-b2101	NC_000913.3	2182035	2182781	-	747	294	100	89	373	0	243	270	40	124	0	158
gene-b2102	NC_000913.3	2182833	2183651	-	819	279	160	189	289	0	273	226	66	123	0	95
gene-b2103	NC_000913.3	2183716	2184516	-	801	915	686	591	1255	0	1362	1208	388	581	0	895
gene-b2104	NC_000913.3	2184513	2185301	-	789	1771	828	754	1624	0	1792	1812	620	1225	0	1570
gene-b2105	NC_000913.3	2185524	2185796	-	273	644	412	377	586	0	461	566	185	624	0	492
gene-b2106	NC_000913.3	2185917	2186741	+	825	1782	906	692	1568	0	1421	1395	340	1794	0	1783
gene-b2107	NC_000913.3	2186960	2187298	+	339	822	554	571	766	0	575	675	195	964	0	733
gene-b2108	NC_000913.3	2187380	2188414	-	1035	43	26	16	35	0	22	16	0	30	0	10
gene-b2109	NC_000913.3	2188430	2190910	-	2481	79	44	31	52	0	46	26	14	95	0	41
gene-b2110	NC_000913.3	2190926	2191645	-	720	4	3	5	2	0	2	0	1	2	0	0
gene-b2111	NC_000913.3	2191680	2192222	-	543	14	7	2	2	0	6	24	2	10	0	8
gene-b2112	NC_000913.3	2192515	2192796	-	282	196	312	329	235	0	289	190	22	388	0	266
gene-b2113	NC_000913.3	2193059	2194168	-	1110	2161	1609	1644	1968	0	2694	2192	772	1424	0	2216
gene-b2114	NC_000913.3	2194300	2196333	+	2034	7884	3924	3932	7508	0	7807	8046	1959	4120	0	6392
gene-b2115	NC_000913.3	2196474	2197298	+	825	84	62	46	69	0	62	58	9	85	0	52
gene-b2118	NC_000913.3	2200279	2203911	+	3633	242	197	164	214	0	288	278	54	269	0	236
gene-b4541	NC_000913.3	2203972	2204289	+	318	2	3	3	2	0	1	12	4	17	0	3
gene-b2119	NC_000913.3	2204596	2205684	+	1089	68	20	21	33	0	15	33	10	46	0	14
gene-b2120	NC_000913.3	2205695	2207974	+	2280	61	32	38	49	0	30	65	4	82	0	34
gene-b2121	NC_000913.3	2207967	2209103	+	1137	35	18	15	34	0	25	29	5	19	0	17
gene-b2122	NC_000913.3	2209100	2210944	+	1845	106	79	57	108	0	97	102	13	173	0	95
gene-b2123	NC_000913.3	2211225	2211686	+	462	44	35	30	39	0	32	48	5	54	0	47
gene-b2124	NC_000913.3	2211726	2212196	-	471	303	277	265	485	0	340	489	123	362	0	406
gene-b2125	NC_000913.3	2212243	2212962	-	720	211	150	172	268	0	270	250	98	199	0	324
gene-b2126	NC_000913.3	2212959	2214644	-	1686	298	360	346	495	0	544	559	151	726	0	837
gene-b2127	NC_000913.3	2214866	2215597	+	732	92	114	140	120	0	157	170	20	188	0	135
gene-b4542	NC_000913.3	2215657	2215764	+	108	4	3	6	19	0	14	2	0	0	0	4
gene-b2128	NC_000913.3	2215745	2216476	-	732	51	88	105	93	0	88	69	17	87	0	68
gene-b2129	NC_000913.3	2216481	2217407	-	927	40	60	72	78	0	109	75	22	104	0	77
gene-b2130	NC_000913.3	2217400	2218557	-	1158	22	36	79	77	0	110	100	21	81	0	81
gene-b2131	NC_000913.3	2218564	2219481	-	918	79	168	178	277	0	392	222	49	229	0	255
gene-b2132	NC_000913.3	2219692	2221989	-	2298	2548	1209	1235	2634	0	2337	2624	689	1660	0	2341
gene-b2133	NC_000913.3	2222185	2223900	+	1716	3319	1663	1783	3481	0	3456	3398	925	1552	0	2224
gene-b2134	NC_000913.3	2223938	2224870	-	933	966	546	519	985	0	763	1234	298	637	0	724
gene-b2135	NC_000913.3	2225044	2225631	-	588	40	53	59	51	0	48	59	10	69	0	22
gene-b2136	NC_000913.3	2225801	2226379	+	579	179	170	169	185	0	188	203	57	179	0	155
gene-b2137	NC_000913.3	2226509	2227270	-	762	68	76	90	86	0	104	92	9	109	0	62
gene-b4679	NC_000913.3	2228982	2229065	+	84	37	31	40	74	0	61	34	3	81	0	74
gene-b2140	NC_000913.3	2229438	2230385	-	948	406	242	193	358	0	298	450	104	342	0	362
gene-b2141	NC_000913.3	2230624	2231022	+	399	82	27	23	58	0	51	60	2	44	0	31
gene-b2142	NC_000913.3	2231019	2231714	+	696	109	85	85	106	0	76	95	27	81	0	52
gene-b2143	NC_000913.3	2231844	2232728	+	885	155	143	162	182	0	220	267	52	193	0	125
gene-b2144	NC_000913.3	2232878	2233597	+	720	319	280	327	420	0	321	456	87	365	0	265
gene-b2145	NC_000913.3	2233600	2233839	+	240	117	101	87	127	0	146	139	15	102	0	102
gene-b2146	NC_000913.3	2234033	2235271	+	1239	74	62	37	88	0	81	82	22	82	0	94
gene-b2147	NC_000913.3	2235265	2236500	+	1236	108	82	82	85	0	85	73	29	152	0	146
gene-b2148	NC_000913.3	2236743	2237753	-	1011	144	288	248	259	0	335	223	90	548	0	843
gene-b2149	NC_000913.3	2237769	2239289	-	1521	326	587	552	879	0	884	746	271	1059	0	1759
gene-b2150	NC_000913.3	2239350	2240348	-	999	663	898	932	1685	0	1297	1803	519	2251	0	3741
gene-b2151	NC_000913.3	2240628	2241668	-	1041	119	121	74	191	0	103	191	29	207	0	197
gene-b2152	NC_000913.3	2241810	2242967	-	1158	798	716	631	1490	0	1423	1398	256	498	0	685
gene-b2153	NC_000913.3	2242984	2243652	-	669	8463	5458	5111	11324	0	10873	14217	3690	8014	0	9760
gene-b2154	NC_000913.3	2243910	2244746	+	837	1444	637	673	1158	0	1438	1106	274	993	0	852
gene-b2155	NC_000913.3	2244778	2246769	-	1992	3676	1811	2721	2866	0	2778	3425	914	19665	0	2307
gene-b2156	NC_000913.3	2247063	2248532	-	1470	8651	7705	7687	11804	0	11623	15151	3153	5167	0	8288
gene-b2157	NC_000913.3	2248737	2249618	-	882	397	256	184	300	0	331	332	100	211	0	237
gene-b2158	NC_000913.3	2249717	2250766	+	1050	256	222	173	211	0	249	226	35	209	0	208
gene-b2159	NC_000913.3	2250840	2251697	+	858	802	431	496	1023	0	928	1025	274	533	0	684
gene-b2160	NC_000913.3	2251700	2252788	+	1089	381	208	238	465	0	457	515	97	365	0	407
gene-b2161	NC_000913.3	2252895	2254145	-	1251	54	46	23	34	0	39	46	8	120	0	74
gene-b2162	NC_000913.3	2254245	2255186	-	942	12	11	12	12	0	3	10	0	41	0	32
gene-b2163	NC_000913.3	2255355	2256014	+	660	44	18	23	20	0	10	14	6	77	0	32
gene-b2164	NC_000913.3	2256085	2257335	-	1251	73	54	64	108	0	57	91	28	70	0	62
gene-b2165	NC_000913.3	2257429	2258367	-	939	44	18	14	35	0	8	34	6	26	0	25
gene-b2166	NC_000913.3	2258355	2259296	-	942	36	16	8	27	0	7	22	10	27	0	15
gene-b2167	NC_000913.3	2259719	2261410	-	1692	742	506	408	691	0	685	595	190	452	0	733
gene-b2168	NC_000913.3	2261427	2262365	-	939	241	186	143	209	0	257	214	80	215	0	314
gene-b2169	NC_000913.3	2262365	2263495	-	1131	329	208	147	229	0	368	284	100	162	0	347
gene-b2170	NC_000913.3	2263863	2265044	+	1182	98	41	57	102	0	85	96	5	92	0	80
gene-b4502	NC_000913.3	2265041	2265295	-	255	90	63	51	124	0	100	150	24	95	0	93
gene-b2171	NC_000913.3	2265450	2266022	+	573	2509	1392	1444	2918	0	2220	3126	684	1009	0	1607
gene-b2172	NC_000913.3	2266245	2267711	+	1467	413	162	178	344	0	347	356	122	445	0	639
gene-b2173	NC_000913.3	2267829	2268815	+	987	337	235	159	448	0	444	454	119	286	0	364
gene-b2174	NC_000913.3	2268854	2269567	+	714	369	320	282	417	0	374	450	59	521	0	497
gene-b2175	NC_000913.3	2269979	2270545	+	567	12752	6855	6593	9104	0	7057	7245	1249	13093	0	10093
gene-b2176	NC_000913.3	2270726	2272282	+	1557	702	460	463	576	0	596	614	123	669	0	526
gene-b2177	NC_000913.3	2272364	2274178	+	1815	534	486	508	570	0	602	574	130	452	0	488
gene-b2178	NC_000913.3	2274179	2275273	+	1095	149	143	137	189	0	178	175	14	234	0	204
gene-b2179	NC_000913.3	2275273	2276298	+	1026	113	206	155	153	0	180	146	30	189	0	109
gene-b2180	NC_000913.3	2276300	2277889	+	1590	563	414	441	630	0	655	674	117	615	0	495
gene-b2181	NC_000913.3	2277893	2278237	-	345	1063	651	600	846	0	736	866	126	681	0	914
gene-b2182	NC_000913.3	2278570	2279760	-	1191	1130	586	630	1393	0	831	1488	308	546	0	685
gene-b2183	NC_000913.3	2279788	2280483	-	696	1728	819	744	2237	0	1310	2241	685	599	0	634
gene-b2184	NC_000913.3	2280632	2282392	+	1761	300	196	207	385	0	341	477	126	226	0	260
gene-b2185	NC_000913.3	2282517	2282801	+	285	17080	9262	9349	16883	0	18182	18653	3405	10595	0	15538
gene-b2186	NC_000913.3	2282940	2283947	-	1008	2295	1171	1207	2171	0	1950	2474	670	1220	0	1775
gene-b2187	NC_000913.3	2284129	2284356	+	228	1097	846	907	1288	0	1171	1346	291	791	0	831
gene-b2188	NC_000913.3	2284376	2286136	+	1761	2351	1751	1752	2707	0	2181	2673	434	1712	0	1670
gene-b2189	NC_000913.3	2286211	2286287	+	77	102	76	66	86	0	85	136	3	75	0	93
gene-b2192	NC_000913.3	2289065	2290045	-	981	4	6	6	3	0	5	13	4	0	0	0
gene-b2193	NC_000913.3	2290500	2291147	+	648	931	594	426	712	0	670	908	198	296	0	418
gene-b2194	NC_000913.3	2291358	2292410	-	1053	212	178	209	232	0	253	273	37	282	0	256
gene-b2195	NC_000913.3	2292407	2292964	-	558	84	70	66	78	0	103	77	18	95	0	112
gene-b2196	NC_000913.3	2292961	2294904	-	1944	231	181	157	189	0	236	219	46	203	0	249
gene-b2197	NC_000913.3	2294901	2295380	-	480	76	69	65	76	0	119	56	24	63	0	76
gene-b2198	NC_000913.3	2295377	2295586	-	210	7	7	8	22	0	29	9	0	13	0	7
gene-b2199	NC_000913.3	2295583	2296320	-	738	100	85	57	108	0	163	91	31	99	0	79
gene-b2200	NC_000913.3	2296362	2297024	-	663	54	55	39	90	0	111	101	28	65	0	102
gene-b2201	NC_000913.3	2297021	2297644	-	624	134	121	98	191	0	161	215	22	136	0	102
gene-b2202	NC_000913.3	2297657	2298259	-	603	125	162	145	173	0	188	177	28	177	0	123
gene-b2203	NC_000913.3	2298269	2298718	-	450	23	27	27	33	0	42	23	2	33	0	28
gene-b2204	NC_000913.3	2298715	2299578	-	864	18	24	26	44	0	44	16	5	39	0	29
gene-b2205	NC_000913.3	2299565	2300260	-	696	40	29	38	37	0	54	30	4	33	0	36
gene-b2206	NC_000913.3	2300267	2302753	-	2487	251	179	159	266	0	312	222	70	226	0	315
gene-b2207	NC_000913.3	2302750	2303013	-	264	3	7	4	11	0	12	7	2	9	0	7
gene-b2208	NC_000913.3	2303003	2303497	-	495	35	25	23	43	0	22	21	6	38	0	48
gene-b4604	NC_000913.3	2303606	2303770	+	165	12	11	18	7	0	10	18	8	21	0	7
gene-b2209	NC_000913.3	2303905	2304393	+	489	268	98	88	187	0	157	265	68	108	0	105
gene-b2210	NC_000913.3	2305108	2306754	-	1647	1943	1371	1242	2589	0	2076	3533	1115	832	0	1478
gene-b2211	NC_000913.3	2306972	2308615	-	1644	1444	1208	1155	1978	0	1691	2297	547	1116	0	938
gene-b2212	NC_000913.3	2308691	2309341	-	651	51	52	28	36	0	44	31	12	40	0	35
gene-b2213	NC_000913.3	2309341	2310405	-	1065	172	112	125	170	0	170	153	30	122	0	112
gene-b2214	NC_000913.3	2310479	2311534	-	1056	435	100	105	189	0	188	229	66	152	0	108
gene-b2215	NC_000913.3	2311646	2312749	-	1104	54074	19359	18376	44741	0	30041	25008	6266	11740	0	16944
gene-b4439	NC_000913.3	2313084	2313176	+	93	70	16	9	40	0	25	23	5	62	0	26
gene-b2216	NC_000913.3	2313488	2316160	+	2673	3506	2401	2268	3513	0	3523	3225	878	2230	0	2182
gene-b2217	NC_000913.3	2316177	2316827	+	651	4145	2393	2378	3726	0	3709	3817	868	1938	0	2331
gene-b2218	NC_000913.3	2317027	2319876	-	2850	1494	1207	1164	1877	0	1524	2046	389	1448	0	1319
gene-b2219	NC_000913.3	2320043	2321869	+	1827	156	99	109	141	0	154	163	35	145	0	134
gene-b2220	NC_000913.3	2321866	2323251	+	1386	103	101	113	119	0	207	148	29	120	0	149
gene-b2221	NC_000913.3	2323447	2324109	+	663	16	30	16	20	0	41	25	4	30	0	20
gene-b2222	NC_000913.3	2324109	2324759	+	651	6	5	5	19	0	5	11	2	21	0	7
gene-b2223	NC_000913.3	2324756	2326078	+	1323	44	32	30	30	0	27	43	8	56	0	22
gene-b2224	NC_000913.3	2326109	2327293	+	1185	30	44	27	60	0	31	37	6	67	0	32
gene-b2225	NC_000913.3	2327367	2328143	-	777	53	36	40	59	0	40	61	6	39	0	25
gene-b2226	NC_000913.3	2328148	2329797	-	1650	89	49	64	79	0	78	93	12	159	0	46
gene-b2229	NC_000913.3	2334336	2334959	-	624	46	22	9	7	0	12	17	11	23	0	10
gene-b2230	NC_000913.3	2334956	2336644	-	1689	462	64	76	216	0	76	238	37	72	0	75
gene-b2231	NC_000913.3	2336793	2339420	-	2628	16214	6897	7009	14023	0	11700	15365	3483	5575	0	8900
gene-b2232	NC_000913.3	2339567	2340289	+	723	1546	679	657	1487	0	1501	1635	341	700	0	847
gene-b2233	NC_000913.3	2340417	2344169	-	3753	567	332	300	474	0	472	564	135	449	0	346
gene-b4605	NC_000913.3	2344594	2344737	-	144	5	7	3	2	0	1	4	0	12	0	0
gene-b2234	NC_000913.3	2344865	2347150	+	2286	6884	2397	2708	6724	0	6041	7714	2546	3678	0	7405
gene-b4779	NC_000913.3	2347350	2347385	-	36	114	41	33	108	0	113	116	74	72	0	102
gene-b2235	NC_000913.3	2347384	2348514	+	1131	2654	1258	1231	2988	0	2672	3346	877	1852	0	3019
gene-b2236	NC_000913.3	2348514	2348768	+	255	327	215	288	481	0	347	413	95	277	0	233
gene-b2237	NC_000913.3	2348822	2349472	-	651	250	257	213	311	0	339	244	93	204	0	199
gene-b2239	NC_000913.3	2349935	2351011	-	1077	446	380	441	570	0	556	514	93	632	0	564
gene-b2240	NC_000913.3	2351016	2352374	-	1359	48	63	53	50	0	76	60	11	114	0	181
gene-b2241	NC_000913.3	2352647	2354275	+	1629	28	13	18	47	0	42	26	7	60	0	23
gene-b2242	NC_000913.3	2354265	2355524	+	1260	32	19	14	28	0	24	40	11	53	0	15
gene-b2243	NC_000913.3	2355521	2356711	+	1191	74	30	23	58	0	42	77	14	68	0	60
gene-b2244	NC_000913.3	2356904	2357803	+	900	342	185	214	331	0	370	410	123	235	0	236
gene-b2245	NC_000913.3	2358042	2358845	-	804	151	65	67	106	0	108	132	43	94	0	84
gene-b2246	NC_000913.3	2358863	2360152	-	1290	38	40	15	48	0	37	54	9	43	0	59
gene-b2247	NC_000913.3	2360209	2361414	-	1206	13	13	14	20	0	5	26	5	33	0	37
gene-b2248	NC_000913.3	2361429	2362211	-	783	36	33	22	54	0	26	45	5	53	0	35
gene-b2249	NC_000913.3	2362431	2363633	-	1203	670	335	426	592	0	697	683	162	495	0	709
gene-b2250	NC_000913.3	2363733	2364275	-	543	355	181	127	231	0	198	132	50	145	0	176
gene-b2251	NC_000913.3	2364554	2364979	+	426	140	96	113	160	0	67	114	10	117	0	94
gene-b2252	NC_000913.3	2365018	2365620	-	603	62	44	23	65	0	34	40	6	131	0	205
gene-b2253	NC_000913.3	2365910	2367067	+	1158	237	151	95	207	0	149	157	28	223	0	504
gene-b2254	NC_000913.3	2367071	2368039	+	969	111	48	41	93	0	87	44	12	88	0	248
gene-b2255	NC_000913.3	2368039	2370021	+	1983	287	170	178	342	0	256	233	32	326	0	534
gene-b2256	NC_000913.3	2370018	2370908	+	891	74	43	39	87	0	66	74	5	110	0	166
gene-b2257	NC_000913.3	2370908	2372560	+	1653	82	66	53	68	0	62	81	6	147	0	210
gene-b4544	NC_000913.3	2372557	2372892	+	336	15	9	25	25	0	11	18	5	16	0	20
gene-b2258	NC_000913.3	2372892	2373278	+	387	70	63	53	83	0	72	62	17	64	0	79
gene-b2259	NC_000913.3	2373272	2373538	-	267	164	160	150	211	0	151	203	48	228	0	162
gene-b2260	NC_000913.3	2373648	2375003	-	1356	579	233	239	521	0	522	454	125	321	0	438
gene-b2261	NC_000913.3	2375000	2375962	-	963	879	298	318	786	0	822	802	192	367	0	546
gene-b2262	NC_000913.3	2375962	2376819	-	858	1165	489	524	1128	0	1215	1105	303	538	0	932
gene-b2263	NC_000913.3	2376834	2377592	-	759	156	109	136	215	0	230	132	40	149	0	138
gene-b2264	NC_000913.3	2377589	2379259	-	1671	520	276	297	553	0	513	546	145	298	0	404
gene-b2265	NC_000913.3	2379348	2380643	-	1296	760	367	430	712	0	749	786	212	483	0	562
gene-b2266	NC_000913.3	2380722	2381027	-	306	408	1595	1851	1667	0	2286	1747	209	1523	0	1254
gene-b2267	NC_000913.3	2381082	2381543	-	462	371	208	188	262	0	328	281	89	210	0	201
gene-b2268	NC_000913.3	2381608	2382525	+	918	460	243	257	603	0	486	586	130	245	0	377
gene-b2269	NC_000913.3	2382713	2383924	+	1212	37	20	16	21	0	35	23	4	42	0	34
gene-b2270	NC_000913.3	2383995	2385722	-	1728	165	95	46	151	0	125	120	20	0	0	0
gene-b2271	NC_000913.3	2385860	2386831	+	972	34	26	17	16	0	22	26	2	22	0	4
gene-b2272	NC_000913.3	2386934	2387437	+	504	28	10	14	10	0	13	12	6	53	0	46
gene-b2273	NC_000913.3	2387710	2388426	-	717	36	11	14	7	0	19	16	2	0	0	0
gene-b2274	NC_000913.3	2388635	2389057	+	423	46	33	33	52	0	41	50	6	0	0	0
gene-b2275	NC_000913.3	2389116	2389964	+	849	207	132	128	210	0	201	201	36	0	0	0
gene-b2276	NC_000913.3	2390048	2391505	-	1458	5438	2555	2614	4563	0	4403	5041	1084	3046	0	6333
gene-b2277	NC_000913.3	2391512	2393041	-	1530	5661	1716	1788	3553	0	4352	4117	1311	2373	0	6311
gene-b2278	NC_000913.3	2393205	2395046	-	1842	5692	1942	1973	3390	0	4036	4144	1327	2440	0	5798
gene-b2279	NC_000913.3	2395043	2395345	-	303	326	115	131	209	0	328	224	65	167	0	377
gene-b2280	NC_000913.3	2395342	2395896	-	555	1190	543	566	917	0	1001	883	341	678	0	1259
gene-b2281	NC_000913.3	2395908	2396450	-	543	1383	582	608	1044	0	1260	1023	407	694	0	1466
gene-b2282	NC_000913.3	2396465	2397442	-	978	3215	1270	1264	2635	0	2782	2837	1034	1725	0	3710
gene-b2283	NC_000913.3	2397439	2400165	-	2727	14903	4379	4656	11509	0	11336	12438	3940	6649	0	16038
gene-b2284	NC_000913.3	2400218	2401555	-	1338	6270	2025	1890	4501	0	4972	4634	1649	3105	0	7385
gene-b2285	NC_000913.3	2401552	2402052	-	501	2489	875	765	1780	0	2316	1610	648	1368	0	2843
gene-b2286	NC_000913.3	2402055	2403845	-	1791	10330	3067	3223	7849	0	7498	8059	2565	4481	0	10199
gene-b2287	NC_000913.3	2403951	2404613	-	663	5658	2012	2020	5130	0	4107	5089	1453	2532	0	5408
gene-b2288	NC_000913.3	2404629	2405072	-	444	4493	1782	1805	3513	0	2859	4371	980	3044	0	4664
gene-b2289	NC_000913.3	2405703	2406641	-	939	1603	2430	2024	2429	0	2240	2493	359	4971	0	2484
gene-b2290	NC_000913.3	2407561	2408778	+	1218	2660	980	1053	1969	0	1978	2338	629	1422	0	1899
gene-b2291	NC_000913.3	2408862	2409461	+	600	383	142	167	373	0	276	421	77	187	0	209
gene-b2292	NC_000913.3	2409520	2411352	-	1833	613	256	247	431	0	257	448	89	306	0	243
gene-b2293	NC_000913.3	2411439	2412089	-	651	2682	1067	1033	2346	0	1864	2430	471	1306	0	1652
gene-b2294	NC_000913.3	2412100	2412594	-	495	2400	946	934	2280	0	1949	2244	641	1185	0	1720
gene-b2295	NC_000913.3	2412677	2413132	-	456	1094	587	590	908	0	767	1011	218	574	0	601
gene-b2296	NC_000913.3	2413470	2414672	+	1203	6056	2376	2520	4741	0	4607	5429	1556	2630	0	4174
gene-b2297	NC_000913.3	2414747	2416891	+	2145	9539	2311	2382	6408	0	5665	6756	1840	3298	0	5928
gene-b2298	NC_000913.3	2417081	2418601	+	1521	78	69	45	78	0	55	93	11	91	0	37
gene-b2299	NC_000913.3	2418634	2419176	-	543	2183	919	921	1893	0	1937	1912	399	1044	0	1295
gene-b2300	NC_000913.3	2419234	2419788	-	555	1535	759	740	1673	0	1380	1584	313	899	0	1122
gene-b2301	NC_000913.3	2419841	2420485	-	645	266	211	220	311	0	380	351	88	248	0	309
gene-b2302	NC_000913.3	2420621	2421268	+	648	31	99	96	103	0	114	102	17	86	0	84
gene-b2303	NC_000913.3	2421325	2421687	+	363	2256	1259	1280	2682	0	2271	2342	504	1432	0	1815
gene-b2304	NC_000913.3	2421708	2422601	+	894	1987	1141	1067	2606	0	1846	1850	353	1129	0	1598
gene-b2305	NC_000913.3	2422649	2423539	-	891	335	137	165	400	0	301	240	66	308	0	257
gene-b2306	NC_000913.3	2423736	2424509	-	774	942	504	508	957	0	913	1130	358	1255	0	1697
gene-b2307	NC_000913.3	2424517	2425233	-	717	708	301	330	844	0	787	759	374	666	0	1427
gene-b2308	NC_000913.3	2425230	2425916	-	687	1196	649	569	1361	0	1314	1318	366	1134	0	2291
gene-b2309	NC_000913.3	2426006	2426788	-	783	10097	4687	4690	9726	0	8068	10467	3311	8483	0	13853
gene-b2310	NC_000913.3	2427009	2427791	-	783	2875	1124	1321	2486	0	2333	2859	666	2412	0	3542
gene-b2311	NC_000913.3	2428057	2428626	-	570	602	326	413	586	0	558	713	100	634	0	653
gene-b2312	NC_000913.3	2428721	2430238	-	1518	10743	4061	4232	8775	0	8051	9499	2678	5001	0	8060
gene-b2313	NC_000913.3	2430275	2430763	-	489	7246	3486	3530	5872	0	5289	6107	1161	4180	0	4794
gene-b2314	NC_000913.3	2431022	2431684	-	663	1661	641	685	1269	0	982	1656	283	610	0	816
gene-b2315	NC_000913.3	2431674	2432942	-	1269	2236	794	805	2012	0	1413	1928	510	665	0	1000
gene-b2316	NC_000913.3	2433012	2433926	-	915	7901	4859	4786	9089	0	7153	10131	2065	4314	0	5678
gene-b2317	NC_000913.3	2434082	2434741	-	660	850	418	340	604	0	539	879	274	328	0	481
gene-b2318	NC_000913.3	2434824	2435636	-	813	662	400	305	673	0	556	726	202	220	0	293
gene-b2319	NC_000913.3	2435636	2436649	-	1014	1625	443	467	1463	0	1028	1531	435	534	0	845
gene-b2320	NC_000913.3	2436715	2437851	-	1137	2984	1423	1325	3101	0	2515	3252	702	1381	0	1983
gene-b2321	NC_000913.3	2437950	2438945	+	996	582	376	379	638	0	602	636	158	415	0	521
gene-b2322	NC_000913.3	2438942	2440120	-	1179	258	149	136	371	0	203	401	81	207	0	246
gene-b2323	NC_000913.3	2440385	2441605	-	1221	12424	5842	5874	9675	0	8771	10654	2816	4319	0	6217
gene-b2324	NC_000913.3	2441764	2443770	+	2007	890	389	389	628	0	773	821	220	527	0	587
gene-b2325	NC_000913.3	2443891	2444169	-	279	422	438	404	481	0	511	509	82	386	0	432
gene-b2326	NC_000913.3	2444203	2444751	-	549	497	463	390	480	0	673	441	111	411	0	456
gene-b2327	NC_000913.3	2444751	2445560	-	810	425	359	340	515	0	610	509	107	332	0	385
gene-b2328	NC_000913.3	2445560	2446384	-	825	879	546	545	1184	0	1322	946	260	524	0	702
gene-b2329	NC_000913.3	2446388	2447473	-	1086	3329	1769	1757	3750	0	3820	3799	864	1505	0	2047
gene-b2330	NC_000913.3	2447508	2448440	-	933	2423	1240	1299	2753	0	2461	2520	652	1046	0	1431
gene-b2331	NC_000913.3	2448606	2449157	+	552	731	373	328	804	0	626	653	173	427	0	518
gene-b2332	NC_000913.3	2449228	2450049	-	822	862	615	599	974	0	781	829	133	0	0	0
gene-b2333	NC_000913.3	2450051	2450590	-	540	23	19	23	23	0	25	10	1	54	0	42
gene-b2334	NC_000913.3	2450587	2451075	-	489	9	8	8	20	0	20	16	5	8	0	0
gene-b2335	NC_000913.3	2451072	2451584	-	513	15	16	13	24	0	21	18	4	0	0	0
gene-b2336	NC_000913.3	2451584	2452336	-	753	15	6	17	22	0	13	26	2	17	0	6
gene-b2339	NC_000913.3	2455083	2455646	-	564	6	9	4	5	0	4	15	2	20	0	6
gene-b2340	NC_000913.3	2456327	2456812	-	486	2588	2080	1950	2786	0	2054	3604	498	3285	0	2973
gene-b2341	NC_000913.3	2457015	2459159	-	2145	672	233	239	403	0	389	434	122	445	0	550
gene-b2342	NC_000913.3	2459159	2460469	-	1311	307	134	122	224	0	238	206	80	261	0	305
gene-b2343	NC_000913.3	2460650	2460934	-	285	290	335	298	415	0	368	502	78	228	0	247
gene-b2344	NC_000913.3	2461306	2462646	+	1341	2215	1137	1228	3119	0	2212	3441	977	1561	0	3093
gene-b2345	NC_000913.3	2463012	2464070	+	1059	42	48	29	41	0	35	28	18	66	0	30
gene-b2346	NC_000913.3	2464252	2465007	-	756	2991	1632	1817	2806	0	2407	3354	521	1433	0	1770
gene-b2347	NC_000913.3	2465301	2466233	+	933	105	111	109	128	0	135	116	28	144	0	114
gene-b2348	NC_000913.3	2466309	2466383	+	75	102	22	17	21	0	64	56	4	367	0	184
gene-b2349	NC_000913.3	2466545	2467702	+	1158	768	319	301	654	0	556	741	193	0	0	0
gene-b2350	NC_000913.3	2467855	2468217	+	363	779	412	403	800	0	740	857	271	0	0	0
gene-b2351	NC_000913.3	2468214	2469134	+	921	2176	1428	1329	1649	0	2654	1464	618	0	0	0
gene-b2352	NC_000913.3	2469131	2470462	+	1332	991	1102	1271	960	0	1411	1022	559	0	0	0
gene-b4780	NC_000913.3	2470497	2470643	-	147	962	606	410	569	0	612	606	102	0	0	0
gene-b2354	NC_000913.3	2471077	2471517	-	441	107	64	61	72	0	73	67	22	29	0	26
gene-b2356	NC_000913.3	2472112	2472387	-	276	5	1	0	3	0	2	2	0	0	0	0
gene-b2357	NC_000913.3	2472387	2472881	-	495	7	3	0	0	0	1	1	0	0	0	0
gene-b2358	NC_000913.3	2472878	2473246	-	369	0	2	1	1	0	0	0	0	0	0	0
gene-b2359	NC_000913.3	2473604	2473966	+	363	20	20	6	17	0	19	13	6	0	0	0
gene-b2360	NC_000913.3	2474032	2474856	+	825	105	32	28	73	0	75	118	16	0	0	0
gene-b2361	NC_000913.3	2474984	2475520	+	537	0	9	6	19	0	8	5	2	0	0	0
gene-b2362	NC_000913.3	2475511	2475873	+	363	2	7	6	17	0	17	0	2	0	0	0
gene-b2363	NC_000913.3	2475873	2476178	+	306	3	6	7	24	0	8	16	3	0	0	0
gene-b4545	NC_000913.3	2476094	2476234	+	141	0	1	2	6	0	8	0	0	0	0	0
gene-b4501	NC_000913.3	2476310	2476510	+	201	423	208	158	233	0	270	239	45	0	0	0
gene-b2364	NC_000913.3	2476694	2477629	-	936	241	153	138	260	0	181	265	32	224	0	234
gene-b2365	NC_000913.3	2477847	2479184	+	1338	80	40	47	98	0	74	106	15	72	0	46
gene-b2366	NC_000913.3	2479202	2480530	+	1329	322	150	178	273	0	271	266	72	184	0	160
gene-b2367	NC_000913.3	2480638	2482176	-	1539	51	21	27	45	0	12	38	11	44	0	35
gene-b2368	NC_000913.3	2482176	2483339	-	1164	51	34	11	55	0	17	34	14	40	0	42
gene-b4781	NC_000913.3	2483729	2483758	+	30	46	72	47	149	0	76	9	4	10	0	15
gene-b2369	NC_000913.3	2483755	2484369	+	615	1258	346	338	1017	0	518	1023	269	249	0	370
gene-b2370	NC_000913.3	2484374	2487967	+	3594	1101	462	461	676	0	621	778	262	579	0	654
gene-b2371	NC_000913.3	2488023	2489168	-	1146	99	24	37	41	0	32	37	5	72	0	56
gene-b2372	NC_000913.3	2489242	2490186	-	945	21	8	15	32	0	14	22	9	35	0	22
gene-b2373	NC_000913.3	2490256	2491950	-	1695	82	44	37	69	0	32	61	18	87	0	46
gene-b2374	NC_000913.3	2492004	2493254	-	1251	95	30	24	84	0	49	41	23	48	0	48
gene-b2375	NC_000913.3	2493767	2494402	-	636	60	13	14	28	0	17	20	0	22	0	21
gene-b2376	NC_000913.3	2494698	2494973	+	276	32	24	17	28	0	18	33	2	53	0	24
gene-b2377	NC_000913.3	2495050	2495292	-	243	135	62	62	122	0	64	128	23	102	0	104
gene-b2378	NC_000913.3	2495645	2496565	+	921	330	152	168	214	0	184	405	94	613	0	334
gene-b4680	NC_000913.3	2496921	2496992	+	72	512	288	205	261	0	202	469	40	591	0	263
gene-b2379	NC_000913.3	2497057	2498295	-	1239	1197	589	589	946	0	963	915	235	908	0	825
gene-b2380	NC_000913.3	2498671	2500368	+	1698	335	239	226	367	0	325	409	74	433	0	391
gene-b2381	NC_000913.3	2500383	2501117	+	735	421	226	231	474	0	452	447	123	347	0	344
gene-b2382	NC_000913.3	2501130	2501987	+	858	143	107	78	189	0	152	174	25	180	0	170
gene-b2383	NC_000913.3	2501990	2504485	-	2496	130	72	78	114	0	125	179	19	114	0	68
gene-b2384	NC_000913.3	2504510	2505547	-	1038	27	20	23	34	0	48	41	12	41	0	8
gene-b2385	NC_000913.3	2505547	2506632	-	1086	42	28	23	41	0	52	31	4	48	0	16
gene-b2386	NC_000913.3	2506647	2507894	-	1248	23	9	16	25	0	13	13	0	52	0	18
gene-b2387	NC_000913.3	2507916	2508242	-	327	4	2	8	7	0	4	0	0	10	0	4
gene-b2388	NC_000913.3	2508461	2509426	-	966	1502	662	518	1024	0	1026	1207	375	664	0	1160
gene-b2389	NC_000913.3	2509630	2510886	+	1257	311	198	177	258	0	202	255	55	194	0	219
gene-b2390	NC_000913.3	2511001	2511327	+	327	184	136	98	161	0	126	154	27	215	0	101
gene-b2392	NC_000913.3	2511468	2512706	-	1239	555	435	394	490	0	417	564	127	601	0	288
gene-b4819	NC_000913.3	2512687	2512776	-	90	45	90	73	88	0	46	72	16	76	0	35
gene-b2393	NC_000913.3	2513042	2514244	+	1203	3601	1781	1615	3492	0	3157	3806	933	2334	0	3410
gene-b2394	NC_000913.3	2514331	2515443	+	1113	196	155	159	195	0	216	186	63	2	0	0
gene-b2395	NC_000913.3	2515643	2517832	-	2190	1778	677	593	1036	0	854	1088	244	803	0	813
gene-b2396	NC_000913.3	2518041	2518116	-	76	282	173	165	219	0	228	306	51	184	0	64
gene-b2397	NC_000913.3	2518156	2518231	-	76	313	726	627	558	0	626	561	65	412	0	239
gene-b2398	NC_000913.3	2518467	2518811	+	345	280	233	262	389	0	344	397	85	396	0	278
gene-b2399	NC_000913.3	2518813	2519205	+	393	334	211	226	390	0	262	318	57	361	0	253
gene-b2400	NC_000913.3	2519257	2520672	-	1416	10072	4033	3801	9610	0	7606	10749	2648	3008	0	4406
gene-b2401	NC_000913.3	2520931	2521006	+	76	1532	2695	1997	2085	0	3337	1274	243	1020	0	644
gene-b2402	NC_000913.3	2521051	2521126	+	76	3417	8734	6848	4186	0	4025	6540	1109	4617	0	1560
gene-b2403	NC_000913.3	2521173	2521248	+	76	58	286	223	490	0	313	210	36	108	0	41
gene-b2404	NC_000913.3	2521253	2521328	+	76	25	25	37	177	0	98	176	14	5	0	5
gene-b2405	NC_000913.3	2521593	2522477	-	885	234	123	97	180	0	134	154	26	0	0	0
gene-b2406	NC_000913.3	2522729	2523985	-	1257	117	103	100	141	0	89	178	9	0	0	0
gene-b2407	NC_000913.3	2524045	2524878	-	834	24	7	6	12	0	10	14	2	0	0	0
gene-b2408	NC_000913.3	2525127	2525891	+	765	47	37	36	60	0	44	27	4	0	0	0
gene-b2409	NC_000913.3	2525930	2526856	-	927	193	115	112	223	0	222	240	46	262	0	250
gene-b2410	NC_000913.3	2526946	2527944	+	999	728	425	499	700	0	771	851	154	327	0	316
gene-b4546	NC_000913.3	2527941	2528159	-	219	122	98	85	227	0	115	180	16	52	0	62
gene-b2411	NC_000913.3	2528161	2530176	-	2016	4365	769	812	3366	0	1623	3324	852	973	0	1310
gene-b2412	NC_000913.3	2530247	2531233	-	987	3881	3552	3358	5098	0	4459	5521	1040	4403	0	4351
gene-b2413	NC_000913.3	2531463	2532224	+	762	461	303	304	504	0	480	522	151	353	0	394
gene-b2414	NC_000913.3	2532409	2533380	+	972	39588	22033	22259	39547	0	42672	46198	11303	13903	0	18891
gene-b2415	NC_000913.3	2533764	2534021	+	258	12249	9847	8938	12711	0	14754	13508	3160	8050	0	12095
gene-b2416	NC_000913.3	2534066	2535793	+	1728	34368	21918	21093	36536	0	40092	36273	8385	22217	0	35696
gene-b2417	NC_000913.3	2535834	2536343	+	510	11294	9176	8982	13160	0	12778	14854	2844	8005	0	10466
gene-b2418	NC_000913.3	2536386	2537237	-	852	1129	557	579	1297	0	1127	1193	270	736	0	935
gene-b2419	NC_000913.3	2537342	2537716	+	375	57	75	41	62	0	75	53	4	239	0	222
gene-b2420	NC_000913.3	2537749	2538483	+	735	924	382	394	635	0	563	771	267	0	0	0
gene-b2421	NC_000913.3	2538672	2539583	-	912	7207	2294	2026	4686	0	4196	6154	1815	1470	0	1748
gene-b2422	NC_000913.3	2539717	2540814	-	1098	5582	2465	2461	6748	0	5682	7744	1793	2498	0	3816
gene-b2423	NC_000913.3	2540804	2541679	-	876	2438	1530	1440	3045	0	2473	3475	649	1226	0	1410
gene-b2424	NC_000913.3	2541679	2542512	-	834	1990	1088	1129	2505	0	2034	2677	677	994	0	1496
gene-b2425	NC_000913.3	2542512	2543528	-	1017	5817	3288	3107	6151	0	5663	7575	2286	3124	0	4112
gene-b2426	NC_000913.3	2543832	2544623	-	792	745	585	566	928	0	764	1161	250	1025	0	1101
gene-b2427	NC_000913.3	2544752	2545609	-	858	92	51	56	87	0	98	119	24	80	0	73
gene-b2428	NC_000913.3	2545773	2546669	+	897	168	89	97	155	0	151	183	61	272	0	313
gene-b2429	NC_000913.3	2546673	2548097	+	1425	160	92	94	195	0	121	277	53	189	0	233
gene-b2430	NC_000913.3	2548102	2549406	+	1305	230	136	129	186	0	148	213	39	185	0	188
gene-b2431	NC_000913.3	2549646	2550545	-	900	5133	1175	1040	2972	0	2055	3277	696	1248	0	1275
gene-b2432	NC_000913.3	2550641	2551216	-	576	1308	492	518	965	0	694	1033	174	786	0	625
gene-b2433	NC_000913.3	2551277	2551726	-	450	259	150	142	243	0	222	208	72	218	0	203
gene-b2434	NC_000913.3	2551713	2552138	-	426	741	323	348	562	0	615	591	120	368	0	408
gene-b2435	NC_000913.3	2552352	2553221	+	870	1516	794	812	1481	0	1181	1641	287	744	0	908
gene-b2436	NC_000913.3	2553225	2554124	+	900	568	346	352	636	0	500	678	118	310	0	380
gene-b2437	NC_000913.3	2554130	2555182	-	1053	235	91	116	211	0	192	161	52	71	0	68
gene-b2438	NC_000913.3	2555228	2555728	-	501	136	76	75	159	0	159	152	28	20	0	26
gene-b2439	NC_000913.3	2555741	2556400	-	660	203	95	91	197	0	189	164	27	55	0	33
gene-b2440	NC_000913.3	2556410	2557297	-	888	301	108	124	256	0	301	270	72	41	0	25
gene-b2441	NC_000913.3	2557318	2558679	-	1362	2057	1088	1110	1690	0	1648	1794	370	37	0	26
gene-b2442	NC_000913.3	2558858	2560066	+	1209	823	433	482	697	0	644	934	218	239	0	216
gene-b2443	NC_000913.3	2560257	2560898	+	642	273	147	103	152	0	178	180	64	0	0	0
gene-b2444	NC_000913.3	2561368	2561613	+	246	27	13	10	10	0	8	12	3	0	0	0
gene-b2445	NC_000913.3	2561625	2561993	+	369	19	23	23	21	0	15	21	7	0	0	0
gene-b2446	NC_000913.3	2562111	2562527	+	417	47	18	14	30	0	31	32	3	0	0	0
gene-b2447	NC_000913.3	2562524	2563117	+	594	57	36	31	51	0	62	64	8	0	0	0
gene-b2448	NC_000913.3	2563592	2563969	+	378	40	21	11	27	0	47	10	3	0	0	0
gene-b2449	NC_000913.3	2563980	2564372	+	393	370	448	398	341	0	413	421	77	0	0	0
gene-b2450	NC_000913.3	2564523	2565332	+	810	807	250	264	444	0	525	518	158	93	0	106
gene-b2451	NC_000913.3	2565481	2566884	-	1404	50	17	28	38	0	43	40	8	68	0	18
gene-b2452	NC_000913.3	2566881	2568107	-	1227	31	37	25	42	0	41	47	0	59	0	31
gene-b2453	NC_000913.3	2568324	2569511	-	1188	27	23	18	26	0	23	11	0	38	0	15
gene-b2454	NC_000913.3	2569501	2570337	-	837	4	9	1	10	0	11	14	2	27	0	8
gene-b2455	NC_000913.3	2570348	2571751	-	1404	30	23	24	21	0	22	31	12	58	0	6
gene-b2456	NC_000913.3	2571763	2572050	-	288	13	1	6	8	0	6	2	0	8	0	2
gene-b2457	NC_000913.3	2572157	2572450	-	294	42	23	5	30	0	23	23	3	45	0	26
gene-b2458	NC_000913.3	2572489	2573505	-	1017	28	22	24	32	0	36	29	5	66	0	23
gene-b2459	NC_000913.3	2573502	2574305	-	804	33	13	10	15	0	12	23	5	20	0	15
gene-b2460	NC_000913.3	2574302	2575003	-	702	11	12	8	22	0	8	4	0	30	0	9
gene-b2461	NC_000913.3	2574978	2575457	-	480	5	5	5	7	0	10	16	2	8	0	4
gene-b2462	NC_000913.3	2575470	2575805	-	336	8	0	7	4	0	0	5	0	8	0	1
gene-b2463	NC_000913.3	2576098	2578377	-	2280	3333	1583	1320	3072	0	2994	2946	1187	2300	0	3497
gene-b2464	NC_000913.3	2578666	2579616	+	951	222	451	476	600	0	1034	582	167	436	0	483
gene-b2465	NC_000913.3	2579636	2581639	+	2004	291	747	952	931	0	1821	814	230	594	0	783
gene-b2466	NC_000913.3	2581734	2582777	-	1044	106	110	95	70	0	107	110	40	118	0	46
gene-b2467	NC_000913.3	2582903	2583478	-	576	278	135	153	280	0	268	253	104	165	0	181
gene-b2468	NC_000913.3	2583546	2585525	-	1980	190	148	116	197	0	114	217	39	177	0	109
gene-b2469	NC_000913.3	2585731	2587431	+	1701	484	253	267	489	0	343	691	111	319	0	275
gene-b2470	NC_000913.3	2587595	2590708	+	3114	326	223	204	411	0	272	467	82	307	0	201
gene-b4606	NC_000913.3	2590807	2590866	-	60	145	202	236	169	0	208	153	27	282	0	92
gene-b2471	NC_000913.3	2591247	2591603	+	357	474	233	242	462	0	433	285	85	179	0	218
gene-b2472	NC_000913.3	2591607	2592734	+	1128	1304	674	602	1395	0	1124	1000	272	757	0	857
gene-b4547	NC_000913.3	2592762	2592962	+	201	215	191	141	307	0	243	274	47	207	0	166
gene-b2473	NC_000913.3	2593072	2593770	-	699	328	228	202	302	0	349	359	65	172	0	233
gene-b2474	NC_000913.3	2593844	2595859	-	2016	828	442	495	743	0	855	857	191	463	0	708
gene-b2475	NC_000913.3	2595874	2596737	-	864	1153	698	703	1113	0	995	1203	297	637	0	660
gene-b2476	NC_000913.3	2596905	2597618	-	714	11282	3316	3344	6956	0	5677	8409	1826	3544	0	5478
gene-b2477	NC_000913.3	2597831	2598865	-	1035	7796	3471	3438	7549	0	5916	7824	1690	3726	0	5470
gene-b2478	NC_000913.3	2598882	2599760	-	879	10888	4688	4436	9587	0	8572	9362	2415	5577	0	6895
gene-b2479	NC_000913.3	2599906	2600478	+	573	1665	841	816	2021	0	1619	2095	499	1014	0	1227
gene-b2480	NC_000913.3	2600478	2600948	+	471	4150	2811	2960	5995	0	5782	6120	1270	2614	0	3216
gene-b2481	NC_000913.3	2601201	2601818	+	618	8	6	10	5	0	6	12	8	20	0	2
gene-b2482	NC_000913.3	2601818	2603836	+	2019	77	54	60	66	0	76	68	15	86	0	33
gene-b2483	NC_000913.3	2603847	2604794	+	948	10	11	5	2	0	13	14	6	30	0	16
gene-b2484	NC_000913.3	2604811	2606250	+	1440	32	31	13	21	0	14	41	2	53	0	6
gene-b2485	NC_000913.3	2606262	2606912	+	651	26	6	7	23	0	6	20	2	38	0	4
gene-b2486	NC_000913.3	2606917	2608497	+	1581	52	40	30	77	0	63	100	14	74	0	34
gene-b2487	NC_000913.3	2608487	2610154	+	1668	82	48	35	100	0	71	94	29	79	0	46
gene-b2488	NC_000913.3	2610164	2610709	+	546	43	19	23	15	0	35	32	8	13	0	12
gene-b2489	NC_000913.3	2610706	2611464	+	759	25	42	34	58	0	38	46	2	37	0	15
gene-b2490	NC_000913.3	2611457	2611870	+	414	18	9	11	21	0	30	7	2	11	0	5
gene-b2491	NC_000913.3	2611900	2613912	+	2013	89	85	58	151	0	110	115	40	158	0	93
gene-b2492	NC_000913.3	2613934	2614782	+	849	175	83	73	122	0	147	105	21	113	0	102
gene-b2493	NC_000913.3	2614820	2615881	-	1062	507	413	333	500	0	545	543	91	464	0	645
gene-b2494	NC_000913.3	2616094	2617557	+	1464	1470	839	807	1498	0	1582	1453	386	1050	0	1222
gene-b2495	NC_000913.3	2617578	2617937	+	360	1727	1233	1204	1867	0	2171	1733	427	1058	0	869
gene-b2496	NC_000913.3	2618075	2618776	-	702	2132	755	700	1118	0	853	1254	228	957	0	789
gene-b2497	NC_000913.3	2618871	2620160	-	1290	11314	1119	1171	3118	0	2062	3213	838	677	0	1594
gene-b2498	NC_000913.3	2620246	2620872	-	627	9513	2644	2583	5638	0	4268	6014	1367	2668	0	3591
gene-b2499	NC_000913.3	2621197	2622234	+	1038	8597	3522	3654	7553	0	6405	7619	1578	3728	0	6182
gene-b2500	NC_000913.3	2622234	2622872	+	639	3414	1516	1607	3237	0	3147	3184	854	1714	0	2482
gene-b2501	NC_000913.3	2623044	2625110	+	2067	2630	1313	1350	2528	0	2674	2446	741	1392	0	2163
gene-b2502	NC_000913.3	2625115	2626656	+	1542	2118	965	996	1746	0	1820	1557	340	1106	0	1363
gene-b2503	NC_000913.3	2626695	2628938	-	2244	245	156	100	174	0	138	173	33	197	0	115
gene-b2504	NC_000913.3	2629290	2629481	+	192	686	310	335	525	0	751	483	125	773	0	574
gene-b2505	NC_000913.3	2629792	2630310	+	519	51	22	18	32	0	35	41	20	78	0	27
gene-b2506	NC_000913.3	2630326	2630865	+	540	64	41	31	64	0	27	57	18	60	0	38
gene-b2507	NC_000913.3	2630958	2632535	-	1578	10034	4591	4742	11929	0	10004	13193	3884	3310	0	5174
gene-b2508	NC_000913.3	2632604	2634070	-	1467	6345	3961	3740	7822	0	8775	8531	3222	2216	0	3841
gene-b2509	NC_000913.3	2634232	2635602	+	1371	1888	923	1028	2478	0	2199	2805	728	979	0	1051
gene-b2510	NC_000913.3	2635599	2635814	-	216	466	186	161	554	0	316	431	85	136	0	164
gene-b2511	NC_000913.3	2635884	2637356	-	1473	7538	1531	1439	5150	0	2863	5505	1508	1483	0	2181
gene-b2512	NC_000913.3	2637474	2638652	-	1179	5787	2947	2858	5112	0	4556	5610	1112	2604	0	3614
gene-b2513	NC_000913.3	2638663	2639283	-	621	2792	1054	1093	2714	0	2425	2599	806	1069	0	1794
gene-b2514	NC_000913.3	2639301	2640575	-	1275	6441	2730	2875	5850	0	5433	5972	1474	2568	0	3779
gene-b4761	NC_000913.3	2640595	2640686	-	92	20	21	23	209	0	229	8	0	2	0	11
gene-b2515	NC_000913.3	2640686	2641804	-	1119	3886	2205	2268	4251	0	3692	4368	933	1712	0	2437
gene-b2516	NC_000913.3	2641831	2642844	-	1014	3713	1618	1773	3364	0	3156	3651	879	2006	0	2360
gene-b2517	NC_000913.3	2643129	2644283	-	1155	4628	1104	1017	3020	0	2094	3455	615	1420	0	1953
gene-b2518	NC_000913.3	2644433	2644864	-	432	6031	3233	3344	6588	0	6352	7636	1449	4539	0	9586
gene-b2519	NC_000913.3	2645013	2647325	-	2313	317	156	176	320	0	170	417	57	276	0	190
gene-b2520	NC_000913.3	2647326	2652287	-	4962	2786	1164	1048	3045	0	1243	3188	701	1573	0	1599
gene-b2521	NC_000913.3	2652494	2653339	+	846	1108	347	350	1038	0	536	1053	276	665	0	679
gene-b4811	NC_000913.3	2653356	2653455	-	100	193	28	14	63	0	17	69	8	48	0	27
gene-b4440	NC_000913.3	2653855	2654158	+	304	111	69	70	135	0	50	44	11	21	0	31
gene-b4812	NC_000913.3	2654001	2654126	+	126	0	0	0	0	0	0	0	0	0	0	0
gene-b2522	NC_000913.3	2654157	2654933	-	777	1640	609	643	1169	0	1139	1501	490	687	0	860
gene-b2523	NC_000913.3	2655075	2656358	-	1284	3692	887	1053	2430	0	2148	2823	825	968	0	1691
gene-b2524	NC_000913.3	2656536	2656736	-	201	751	404	412	622	0	582	921	253	478	0	465
gene-b2525	NC_000913.3	2656748	2657083	-	336	1330	558	575	1189	0	1230	1085	394	750	0	875
gene-b2526	NC_000913.3	2657085	2658935	-	1851	5320	1791	1800	4518	0	3995	4763	1535	2594	0	3464
gene-b2527	NC_000913.3	2658952	2659467	-	516	1557	472	522	1392	0	1393	1257	496	853	0	1305
gene-b2528	NC_000913.3	2659563	2659886	-	324	3640	1587	1903	3040	0	3294	3054	734	2540	0	3231
gene-b2529	NC_000913.3	2659903	2660289	-	387	4129	1839	2032	3756	0	4433	3373	1151	2878	0	3833
gene-b2530	NC_000913.3	2660317	2661531	-	1215	13090	4985	6050	10460	0	11513	10481	3461	9375	0	12798
gene-b2531	NC_000913.3	2661643	2662131	-	489	4737	1918	2387	3608	0	3832	3930	1111	5066	0	5109
gene-b2532	NC_000913.3	2662583	2663323	-	741	2452	1020	1068	1996	0	1728	2185	436	787	0	1170
gene-b2533	NC_000913.3	2663442	2664245	+	804	3678	1828	1955	3706	0	3585	4136	825	2080	0	3026
gene-b2534	NC_000913.3	2664390	2665244	+	855	62	26	34	55	0	64	93	7	85	0	76
gene-b2535	NC_000913.3	2665435	2666715	+	1281	422	86	127	207	0	119	299	57	233	0	238
gene-b2536	NC_000913.3	2666707	2667846	-	1140	369	183	189	303	0	261	380	52	276	0	335
gene-b2537	NC_000913.3	2668006	2668896	-	891	761	392	394	579	0	508	567	126	972	0	845
gene-b4706	NC_000913.3	2668006	2668071	-	66	0	0	0	0	0	0	0	0	0	0	0
gene-b2538	NC_000913.3	2669032	2670393	+	1362	269	217	185	300	0	260	259	59	76	0	45
gene-b2539	NC_000913.3	2670390	2670908	+	519	70	18	26	54	0	62	62	15	35	0	18
gene-b2540	NC_000913.3	2670908	2671228	+	321	23	15	7	20	0	25	14	0	8	0	2
gene-b2541	NC_000913.3	2671225	2672037	+	813	76	42	63	89	0	70	94	19	68	0	37
gene-b2542	NC_000913.3	2672047	2673249	+	1203	140	100	64	157	0	132	154	39	79	0	84
gene-b2543	NC_000913.3	2673346	2673768	+	423	70	197	243	183	0	212	179	35	215	0	153
gene-b2544	NC_000913.3	2673816	2674688	-	873	90	53	85	89	0	91	87	24	90	0	74
gene-b2545	NC_000913.3	2674700	2675761	-	1062	112	65	72	86	0	83	122	44	78	0	39
gene-b2546	NC_000913.3	2675827	2676825	-	999	54	19	5	41	0	42	32	6	32	0	30
gene-b2547	NC_000913.3	2676850	2678361	-	1512	65	41	31	58	0	65	59	3	69	0	52
gene-b2548	NC_000913.3	2678384	2679367	-	984	42	20	16	30	0	44	24	2	20	0	23
gene-b2549	NC_000913.3	2679464	2682745	-	3282	109	85	74	93	0	97	136	13	149	0	86
gene-b2550	NC_000913.3	2682863	2684056	+	1194	428	206	229	289	0	300	367	82	323	0	275
gene-b2551	NC_000913.3	2684254	2685507	-	1254	36319	17027	17026	34693	0	34191	40165	8613	16410	0	24308
gene-b2552	NC_000913.3	2685835	2687025	+	1191	626	311	310	423	0	636	459	117	371	0	398
gene-b2553	NC_000913.3	2687070	2687408	-	339	1417	1535	1437	2094	0	1441	2630	296	1224	0	1126
gene-b2554	NC_000913.3	2687469	2688803	-	1335	477	289	289	616	0	549	574	100	327	0	435
gene-b2555	NC_000913.3	2688793	2689506	-	714	451	247	219	476	0	401	559	110	382	0	386
gene-b2556	NC_000913.3	2689671	2691098	-	1428	789	587	506	773	0	558	929	147	663	0	632
gene-b4441	NC_000913.3	2691157	2691340	-	184	4769	10375	8030	4263	0	10093	6079	255	19799	0	8321
gene-b2557	NC_000913.3	2691656	2695543	-	3888	21766	8127	8466	18053	0	17648	20273	4908	9450	0	16454
gene-b2558	NC_000913.3	2695801	2697357	+	1557	455	377	380	458	0	427	554	107	480	0	355
gene-b2559	NC_000913.3	2697354	2697857	-	504	402	304	233	416	0	340	411	84	265	0	257
gene-b2560	NC_000913.3	2697915	2698550	-	636	296	270	215	372	0	335	397	79	251	0	258
gene-b2561	NC_000913.3	2698759	2699607	+	849	274	130	147	200	0	219	308	69	127	0	145
gene-b2562	NC_000913.3	2699663	2699923	+	261	175	229	180	204	0	222	277	71	181	0	118
gene-b4687	NC_000913.3	2700117	2700197	-	81	406	256	160	302	0	107	462	30	316	0	200
gene-b4608	NC_000913.3	2700520	2700598	+	79	9	1	4	3	0	0	7	1	14	0	4
gene-b2563	NC_000913.3	2700618	2700998	-	381	329	260	256	421	0	437	386	84	224	0	241
gene-b2564	NC_000913.3	2700998	2701729	-	732	1253	640	646	1350	0	1414	1194	256	745	0	1026
gene-b2565	NC_000913.3	2701741	2702469	-	729	562	254	280	642	0	685	702	124	335	0	450
gene-b2566	NC_000913.3	2702481	2703386	-	906	2568	1226	1347	2987	0	2496	2913	612	1258	0	1805
gene-b2567	NC_000913.3	2703383	2704063	-	681	2392	1315	1336	2775	0	2208	2839	711	1432	0	1656
gene-b2568	NC_000913.3	2704335	2705309	-	975	3606	2021	2023	3635	0	2979	4031	822	2144	0	2531
gene-b2569	NC_000913.3	2705325	2707124	-	1800	8460	3202	3328	8104	0	6664	8005	2071	3236	0	5163
gene-b2570	NC_000913.3	2707322	2707801	-	480	414	264	246	437	0	402	459	88	271	0	285
gene-b2571	NC_000913.3	2707798	2708754	-	957	1642	1203	1110	1906	0	1855	1899	549	1302	0	1508
gene-b2572	NC_000913.3	2708754	2709404	-	651	1669	1801	1492	2430	0	2486	2166	437	2073	0	2047
gene-b2573	NC_000913.3	2709437	2710012	-	576	1219	1370	1427	1699	0	1846	1561	298	1688	0	1704
gene-b4725	NC_000913.3	2710009	2710164	-	156	297	316	283	388	0	457	314	87	384	0	229
gene-b2574	NC_000913.3	2710420	2712042	+	1623	1705	936	897	1609	0	1315	2011	472	2755	0	4255
gene-b2575	NC_000913.3	2712027	2712764	-	738	414	275	215	406	0	383	432	82	244	0	269
gene-b2576	NC_000913.3	2712896	2714230	+	1335	2048	1185	1148	2011	0	2168	2204	467	1233	0	1736
gene-b2577	NC_000913.3	2714439	2715320	-	882	217	121	132	198	0	181	239	80	202	0	216
gene-b2578	NC_000913.3	2715423	2716010	+	588	81	133	105	86	0	46	127	25	95	0	63
gene-b2579	NC_000913.3	2716066	2716449	-	384	922	1290	894	2038	0	1571	1628	235	356	0	387
gene-b2580	NC_000913.3	2716754	2717443	+	690	1226	513	547	1108	0	927	1082	356	537	0	675
gene-b2581	NC_000913.3	2717491	2718528	-	1038	2090	1032	1069	2813	0	2067	2792	616	1003	0	1541
gene-b2582	NC_000913.3	2718735	2719154	+	420	851	496	464	812	0	660	851	157	676	0	651
gene-b2583	NC_000913.3	2719223	2719921	+	699	141	138	142	236	0	263	249	68	128	0	158
gene-b2584	NC_000913.3	2719953	2722613	+	2661	725	518	541	886	0	798	918	166	753	0	872
gene-b4782	NC_000913.3	2722702	2722743	+	42	0	7	18	42	0	48	0	0	3	0	0
gene-b2585	NC_000913.3	2722727	2724082	+	1356	3647	1977	2049	4354	0	3297	4493	1190	2077	0	2710
gene-b2586	NC_000913.3	2724128	2724451	+	324	458	238	254	508	0	421	387	119	61	0	58
gene-b2587	NC_000913.3	2724448	2725746	-	1299	16957	8567	9464	15466	0	14766	15889	3527	1711	0	1731
gene-b4783	NC_000913.3	2725925	2725987	+	63	197	100	97	98	0	132	106	14	516	0	225
gene-b2588	NC_000913.3	2726069	2726188	-	120	0	3	2	2	0	0	0	0	11	0	0
gene-b2589	NC_000913.3	2726281	2729184	-	2904	10	196	21	7	0	7	19	84	0	0	0
gene-b2590	NC_000913.3	2729369	2729444	-	76	1498	1813	1432	578	0	590	2818	340	1270	0	619
gene-b2591	NC_000913.3	2729616	2731157	-	1542	24	2099	52	147	0	51	86	32116	28	0	40
gene-b2592	NC_000913.3	2731600	2734173	-	2574	4815	3264	3229	5583	0	5806	5913	1655	2620	0	3520
gene-b4609	NC_000913.3	2734153	2734295	-	143	1797	2792	2350	1942	0	2993	630	28	2649	0	799
gene-b2593	NC_000913.3	2734303	2735034	-	732	531	335	338	663	0	579	672	132	256	0	354
gene-b2594	NC_000913.3	2735031	2736011	-	981	1629	938	898	1771	0	1620	1859	433	784	0	1045
gene-b2595	NC_000913.3	2736146	2736883	+	738	6537	3705	3502	7017	0	6037	6972	1809	3571	0	4176
gene-b2597	NC_000913.3	2737154	2737495	+	342	2509	2690	2485	3077	0	3666	2454	455	1690	0	1119
gene-b4805	NC_000913.3	2737381	2737542	+	162	4	14	8	82	0	28	0	0	0	0	2
gene-b2598	NC_000913.3	2737599	2737646	+	48	260	172	158	221	0	209	197	48	69	0	24
gene-b2599	NC_000913.3	2737745	2738905	+	1161	4881	2008	2088	2885	0	4377	2852	901	2278	0	3202
gene-b2600	NC_000913.3	2738948	2740069	-	1122	3722	3009	2297	3762	0	4570	3681	881	4390	0	4054
gene-b2601	NC_000913.3	2740080	2741150	-	1071	7631	4834	3783	6703	0	8843	6345	1685	9839	0	8028
gene-b2602	NC_000913.3	2741360	2741725	+	366	83	70	63	94	0	58	79	18	112	0	87
gene-b2603	NC_000913.3	2741875	2742393	+	519	319	181	194	174	0	200	125	21	192	0	125
gene-b2604	NC_000913.3	2742383	2743609	+	1227	268	175	192	274	0	225	150	38	166	0	167
gene-b2605	NC_000913.3	2743625	2744107	+	483	469	137	133	243	0	250	206	53	204	0	181
gene-b2606	NC_000913.3	2744183	2744530	-	348	14081	8789	8676	17837	0	16369	19331	3907	8375	0	11199
gene-b2607	NC_000913.3	2744572	2745339	-	768	33038	21649	20638	39967	0	40164	36967	9587	17809	0	22731
gene-b2608	NC_000913.3	2745370	2745918	-	549	29168	17607	17480	32722	0	32285	32597	7856	16321	0	20542
gene-b2609	NC_000913.3	2745937	2746185	-	249	14605	7532	7384	17190	0	15601	17612	3648	8132	0	10125
gene-b2610	NC_000913.3	2746434	2747795	-	1362	5086	2073	1957	4360	0	3567	4848	1125	1854	0	2756
gene-b2611	NC_000913.3	2747962	2748753	+	792	714	491	494	819	0	745	849	202	485	0	636
gene-b4461	NC_000913.3	2748774	2750060	+	1287	785	635	662	935	0	782	909	209	749	0	630
gene-b2614	NC_000913.3	2750115	2750708	-	594	4664	3877	3877	5366	0	5061	6160	1336	3443	0	4011
gene-b2615	NC_000913.3	2750831	2751709	+	879	914	471	421	880	0	747	985	258	553	0	673
gene-b2616	NC_000913.3	2751795	2753456	+	1662	627	270	330	634	0	648	599	174	498	0	481
gene-b2617	NC_000913.3	2753605	2753946	+	342	2898	1829	1893	3393	0	2668	3620	625	2303	0	2182
gene-b2618	NC_000913.3	2754008	2754298	-	291	546	336	265	497	0	516	511	174	442	0	443
gene-b2619	NC_000913.3	2754288	2754764	-	477	904	611	654	954	0	778	1010	182	657	0	702
gene-b2620	NC_000913.3	2754896	2755378	+	483	1965	997	968	1862	0	1755	2048	660	937	0	1106
gene-b2621	NC_000913.3	2755593	2755955	+	363	658269	771011	606220	594728	0	516151	771005	114472	625171	0	353973
gene-b2622	NC_000913.3	2756159	2757400	+	1242	1433	684	641	1327	0	1190	1487	354	0	0	0
gene-b2623	NC_000913.3	2757644	2758600	-	957	119	108	92	106	0	67	90	20	0	0	0
gene-b2624	NC_000913.3	2758644	2758856	+	213	17	15	17	18	0	21	15	5	0	0	0
gene-b2625	NC_000913.3	2758985	2760394	+	1410	53	12	24	28	0	19	26	14	0	0	0
gene-b2626	NC_000913.3	2760547	2761173	+	627	56	21	20	31	0	34	27	5	0	0	0
gene-b2627	NC_000913.3	2761351	2763540	-	2190	769	481	489	785	0	876	684	146	0	0	0
gene-b2628	NC_000913.3	2763537	2765153	-	1617	927	579	553	918	0	1000	955	232	0	0	0
gene-b2629	NC_000913.3	2765513	2765776	-	264	51	48	41	41	0	23	53	6	0	0	0
gene-b2630	NC_000913.3	2765918	2766991	+	1074	1791	1245	1180	1851	0	1615	1743	458	0	0	0
gene-b2631	NC_000913.3	2766984	2767355	+	372	413	297	294	482	0	388	324	89	0	0	0
gene-b2632	NC_000913.3	2767710	2768573	+	864	67	48	64	100	0	70	88	17	0	0	0
gene-b2633	NC_000913.3	2768665	2769486	+	822	31	17	19	45	0	23	50	6	0	0	0
gene-b2634	NC_000913.3	2769703	2770404	+	702	50	31	19	56	0	43	57	19	0	0	0
gene-b2635	NC_000913.3	2770445	2770681	+	237	11	6	3	22	0	14	8	4	0	0	0
gene-b2636	NC_000913.3	2770681	2771124	+	444	31	25	26	36	0	41	33	7	0	0	0
gene-b2637	NC_000913.3	2771148	2771615	+	468	61	86	69	103	0	121	93	18	0	0	0
gene-b2638	NC_000913.3	2771840	2772154	-	315	199	179	207	267	0	256	318	73	0	0	0
gene-b2642	NC_000913.3	2773318	2775021	+	1704	285	227	236	241	0	314	231	106	0	0	0
gene-b2643	NC_000913.3	2775919	2776377	+	459	36	25	35	30	0	34	31	2	6	0	2
gene-b2644	NC_000913.3	2776386	2776868	+	483	23	8	7	24	0	18	26	4	0	0	0
gene-b4548	NC_000913.3	2776877	2777077	+	201	7	5	1	10	0	6	3	0	0	0	2
gene-b2645	NC_000913.3	2777115	2777432	+	318	16	2	10	18	0	17	13	0	0	0	0
gene-b2646	NC_000913.3	2777453	2777782	+	330	29	33	33	35	0	24	19	8	0	0	0
gene-b2647	NC_000913.3	2778146	2782726	-	4581	468	244	324	413	0	346	332	87	442	0	325
gene-b2649	NC_000913.3	2783638	2784429	-	792	50	35	23	49	0	16	64	10	72	0	37
gene-b2650	NC_000913.3	2784529	2785011	-	483	0	6	3	6	0	0	5	2	6	0	1
gene-b2652	NC_000913.3	2785762	2785837	-	76	2	2	6	3	0	2	3	2	0	0	0
gene-b2659	NC_000913.3	2788985	2789962	+	978	127	75	96	146	0	191	114	48	122	0	126
gene-b2660	NC_000913.3	2789982	2791250	+	1269	93	95	133	166	0	149	122	32	171	0	225
gene-b2661	NC_000913.3	2791273	2792721	+	1449	175	155	152	274	0	341	259	56	184	0	197
gene-b2662	NC_000913.3	2792735	2794015	+	1281	207	148	143	252	0	358	258	74	198	0	209
gene-b2663	NC_000913.3	2794253	2795653	+	1401	105	72	55	99	0	133	100	17	80	0	71
gene-b2664	NC_000913.3	2795674	2796336	+	663	233	126	158	222	0	248	163	27	165	0	141
gene-b2665	NC_000913.3	2796337	2796786	-	450	350	542	701	612	0	865	561	94	582	0	447
gene-b2666	NC_000913.3	2796870	2797028	-	159	354	343	327	362	0	340	380	31	232	0	130
gene-b2667	NC_000913.3	2797211	2797510	+	300	94	40	43	101	0	71	74	18	79	0	49
gene-b2668	NC_000913.3	2797520	2798044	+	525	158	131	117	198	0	286	141	49	151	0	131
gene-b2669	NC_000913.3	2798091	2798495	-	405	8157	6660	7311	11574	0	11827	6856	1267	5175	0	5216
gene-b2670	NC_000913.3	2799164	2799613	+	450	23	18	20	18	0	12	24	4	10	0	15
gene-b2671	NC_000913.3	2799650	2799994	-	345	74	60	53	77	0	80	81	21	100	0	48
gene-b2672	NC_000913.3	2800146	2800475	+	330	80	330	380	310	0	506	292	64	477	0	350
gene-b2673	NC_000913.3	2800723	2800968	+	246	151	263	302	159	0	407	148	34	1326	0	246
gene-b2674	NC_000913.3	2800965	2801375	+	411	82	127	140	90	0	226	101	24	480	0	117
gene-b2675	NC_000913.3	2801348	2803492	+	2145	441	537	664	492	0	995	565	132	2694	0	812
gene-b2676	NC_000913.3	2803502	2804461	+	960	149	234	271	140	0	339	169	42	1160	0	348
gene-b2677	NC_000913.3	2804815	2806017	+	1203	989	278	341	706	0	545	423	109	1055	0	954
gene-b2678	NC_000913.3	2806010	2807074	+	1065	459	174	170	373	0	304	215	39	341	0	534
gene-b2679	NC_000913.3	2807132	2808124	+	993	723	197	218	443	0	394	276	98	598	0	904
gene-b2682	NC_000913.3	2809617	2810354	+	738	1667	995	1031	1955	0	1635	2111	386	1100	0	1284
gene-b2683	NC_000913.3	2810344	2810679	+	336	518	276	279	604	0	553	560	149	278	0	385
gene-b2684	NC_000913.3	2810770	2811300	+	531	4835	1561	1692	4938	0	3009	5368	1082	1908	0	3313
gene-b2685	NC_000913.3	2811427	2812599	+	1173	2696	465	463	1461	0	1174	1516	428	946	0	1303
gene-b2686	NC_000913.3	2812616	2814154	+	1539	1592	470	434	1011	0	851	987	203	573	0	884
gene-b2687	NC_000913.3	2814218	2814733	-	516	3574	2276	2364	3971	0	4861	4328	661	2483	0	2641
gene-b4442	NC_000913.3	2814802	2814874	+	73	272	275	244	602	0	751	145	43	248	0	123
gene-b2688	NC_000913.3	2814883	2816439	-	1557	3741	2146	2223	4314	0	4338	4759	1103	2216	0	3099
gene-b2689	NC_000913.3	2816512	2816940	-	429	686	406	374	933	0	778	824	231	383	0	533
gene-b2690	NC_000913.3	2816937	2817503	-	567	1103	408	406	1061	0	824	1099	198	458	0	605
gene-b2691	NC_000913.3	2817784	2817860	-	77	444	387	345	486	0	377	1001	114	422	0	336
gene-b2692	NC_000913.3	2818059	2818135	-	77	1200	1275	1177	1767	0	1458	2669	484	1069	0	831
gene-b2693	NC_000913.3	2818198	2818274	-	77	2130	2337	2059	2363	0	2623	4259	576	1841	0	1635
gene-b2694	NC_000913.3	2818473	2818549	-	77	1101	2182	1974	2133	0	2155	1739	276	918	0	898
gene-b2695	NC_000913.3	2818553	2818645	-	93	1888	5500	4515	5176	0	6359	1827	151	1858	0	1223
gene-b2696	NC_000913.3	2818961	2819146	-	186	4376	4005	4190	4130	0	3854	5929	996	4513	0	3352
gene-b2697	NC_000913.3	2819381	2822011	-	2631	21256	9481	9098	19770	0	19713	22116	6323	10456	0	15684
gene-b2698	NC_000913.3	2822139	2822639	-	501	228	35	28	109	0	44	108	23	48	0	33
gene-b2699	NC_000913.3	2822708	2823769	-	1062	5280	2541	2677	5302	0	4929	6026	1341	2983	0	3591
gene-b2700	NC_000913.3	2823849	2824346	-	498	700	344	331	843	0	617	911	206	389	0	471
gene-b2701	NC_000913.3	2824491	2825576	-	1086	807	403	312	691	0	727	707	217	649	0	724
gene-b2702	NC_000913.3	2825832	2826395	+	564	10	18	20	23	0	24	33	4	24	0	16
gene-b2703	NC_000913.3	2826392	2827351	+	960	33	35	27	23	0	44	40	10	59	0	55
gene-b2704	NC_000913.3	2827362	2827733	+	372	10	10	18	26	0	34	25	2	20	0	20
gene-b2705	NC_000913.3	2827737	2828516	+	780	81	98	78	105	0	148	107	30	58	0	70
gene-b2706	NC_000913.3	2828621	2828980	+	360	39	18	25	35	0	41	47	8	33	0	10
gene-b2707	NC_000913.3	2829047	2829820	+	774	345	198	220	398	0	407	376	108	216	0	309
gene-b2708	NC_000913.3	2829813	2830778	+	966	328	158	148	385	0	377	368	111	237	0	262
gene-b2709	NC_000913.3	2830775	2832289	-	1515	371	179	183	350	0	285	355	102	261	0	225
gene-b2710	NC_000913.3	2832476	2833915	+	1440	60	64	41	106	0	100	111	22	68	0	52
gene-b2711	NC_000913.3	2833912	2835045	+	1134	67	45	32	67	0	44	77	13	102	0	48
gene-b2712	NC_000913.3	2835173	2837425	-	2253	204	131	133	232	0	243	264	61	212	0	164
gene-b2713	NC_000913.3	2837578	2838105	-	528	45	14	17	44	0	30	64	8	53	0	19
gene-b2714	NC_000913.3	2838254	2839264	-	1011	340	221	159	289	0	302	264	107	215	0	217
gene-b2715	NC_000913.3	2839524	2840981	+	1458	151	99	111	170	0	107	202	24	92	0	50
gene-b2716	NC_000913.3	2840990	2842414	+	1425	195	172	108	243	0	191	260	68	181	0	127
gene-b2717	NC_000913.3	2842573	2843043	-	471	197	173	178	287	0	238	265	39	185	0	163
gene-b2718	NC_000913.3	2843036	2843446	-	411	66	55	33	65	0	55	77	17	46	0	39
gene-b2719	NC_000913.3	2843443	2844210	-	768	85	49	35	84	0	56	75	9	45	0	33
gene-b2720	NC_000913.3	2844210	2844752	-	543	18	12	10	28	0	33	28	8	21	0	10
gene-b2721	NC_000913.3	2844762	2846471	-	1710	89	45	49	65	0	51	59	24	62	0	48
gene-b2722	NC_000913.3	2846489	2847412	-	924	21	13	10	20	0	20	19	8	43	0	15
gene-b2723	NC_000913.3	2847415	2849241	-	1827	25	33	31	48	0	37	49	8	55	0	32
gene-b2724	NC_000913.3	2849238	2849849	-	612	19	14	13	16	0	6	12	7	40	0	4
gene-b2725	NC_000913.3	2849974	2850435	-	462	13	6	16	14	0	7	10	4	22	0	2
gene-b2726	NC_000913.3	2850647	2850997	+	351	36	19	13	23	0	36	14	5	21	0	14
gene-b2727	NC_000913.3	2851001	2851873	+	873	142	72	53	179	0	136	137	27	74	0	101
gene-b2728	NC_000913.3	2851864	2852136	+	273	10	9	6	31	0	23	20	3	11	0	7
gene-b2729	NC_000913.3	2852136	2853257	+	1122	169	335	348	220	0	543	217	37	136	0	125
gene-b2730	NC_000913.3	2853254	2854264	+	1011	224	154	144	314	0	240	337	48	204	0	187
gene-b2731	NC_000913.3	2854338	2856416	+	2079	272	140	155	276	0	292	342	99	216	0	230
gene-b2732	NC_000913.3	2856453	2856806	-	354	44	48	43	37	0	44	55	8	39	0	20
gene-b2733	NC_000913.3	2857093	2859654	+	2562	1929	952	940	2159	0	2020	2493	583	1045	0	1790
gene-b2734	NC_000913.3	2859760	2860416	+	657	47	33	35	51	0	32	38	12	45	0	25
gene-b2735	NC_000913.3	2860467	2861234	-	768	360	200	161	310	0	307	345	75	440	0	424
gene-b2736	NC_000913.3	2861430	2862338	+	909	68	49	48	53	0	71	120	16	71	0	42
gene-b2737	NC_000913.3	2862335	2863501	+	1167	104	79	92	113	0	134	155	16	121	0	89
gene-b2738	NC_000913.3	2863593	2864231	+	639	21	29	27	48	0	31	61	4	30	0	30
gene-b2739	NC_000913.3	2864236	2865012	+	777	71	48	39	75	0	63	53	21	64	0	64
gene-b2740	NC_000913.3	2865101	2866465	+	1365	195	92	42	196	0	72	137	46	125	0	76
gene-b2741	NC_000913.3	2866559	2867551	-	993	7650	6115	5884	11025	0	8484	12673	2708	6942	0	5541
gene-b2742	NC_000913.3	2867614	2868753	-	1140	3997	3129	2625	4103	0	4192	4335	1803	3217	0	2907
gene-b2743	NC_000913.3	2868893	2869519	-	627	746	377	409	724	0	765	811	240	652	0	683
gene-b2744	NC_000913.3	2869513	2870274	-	762	931	532	572	1202	0	1082	1174	357	728	0	852
gene-b2745	NC_000913.3	2870255	2871304	-	1050	1622	968	923	2037	0	1805	2030	504	1173	0	1514
gene-b2746	NC_000913.3	2871301	2871780	-	480	455	309	306	580	0	478	552	181	285	0	389
gene-b2747	NC_000913.3	2871780	2872490	-	711	613	330	354	871	0	785	738	201	414	0	539
gene-b2748	NC_000913.3	2872509	2872820	-	312	489	503	447	610	0	485	704	186	493	0	528
gene-b2749	NC_000913.3	2873014	2873337	-	324	231	237	199	290	0	301	244	121	253	0	208
gene-b2750	NC_000913.3	2873387	2873992	-	606	1235	695	576	1079	0	1224	934	485	819	0	902
gene-b2751	NC_000913.3	2873992	2875419	-	1428	7642	3431	3328	7545	0	7954	6740	2301	3687	0	5933
gene-b2752	NC_000913.3	2875421	2876329	-	909	7644	2972	2972	8069	0	7674	7122	2294	3207	0	5590
gene-b2753	NC_000913.3	2876581	2877618	+	1038	436	271	293	452	0	385	291	79	525	0	512
gene-b2754	NC_000913.3	2878569	2878853	-	285	54	41	36	49	0	38	54	4	58	0	49
gene-b2755	NC_000913.3	2878855	2879772	-	918	153	72	67	134	0	135	83	19	85	0	78
gene-b2756	NC_000913.3	2879788	2880387	-	600	123	62	71	78	0	107	39	11	92	0	76
gene-b2757	NC_000913.3	2880374	2881048	-	675	104	72	99	97	0	93	71	9	109	0	94
gene-b2758	NC_000913.3	2881051	2882142	-	1092	117	54	60	109	0	101	66	14	141	0	189
gene-b2759	NC_000913.3	2882155	2882637	-	483	29	14	16	29	0	31	21	4	45	0	29
gene-b2760	NC_000913.3	2882630	2884138	-	1509	62	39	46	43	0	46	19	19	75	0	94
gene-b2761	NC_000913.3	2884553	2887219	-	2667	194	131	102	146	0	163	121	24	172	0	165
gene-b4701	NC_000913.3	2887353	2887411	+	59	35	3	4	12	0	11	19	5	15	0	5
gene-b2762	NC_000913.3	2887578	2888312	-	735	6164	3153	3110	6830	0	6399	8633	2790	4650	0	7005
gene-b2763	NC_000913.3	2888387	2890099	-	1713	13274	5208	5499	14919	0	14637	17442	5809	6691	0	12794
gene-b2764	NC_000913.3	2890099	2891898	-	1800	15347	5867	5945	19705	0	16648	23224	6808	5960	0	12612
gene-b2765	NC_000913.3	2892214	2892579	+	366	536	314	273	501	0	521	599	122	278	0	378
gene-b2766	NC_000913.3	2892657	2893928	+	1272	83	88	77	159	0	97	179	30	117	0	84
gene-b2767	NC_000913.3	2893919	2894179	+	261	8	6	6	17	0	13	10	4	6	0	6
gene-b2768	NC_000913.3	2894196	2894771	+	576	35	24	33	43	0	27	39	7	38	0	32
gene-b2769	NC_000913.3	2894919	2895779	-	861	25	25	26	38	0	18	60	5	38	0	38
gene-b2770	NC_000913.3	2895776	2896555	-	780	24	19	5	19	0	24	24	6	33	0	16
gene-b2771	NC_000913.3	2896533	2897870	-	1338	15	23	15	25	0	16	28	0	50	0	22
gene-b4463	NC_000913.3	2897964	2899418	-	1455	106	34	44	95	0	67	91	22	93	0	57
gene-b2774	NC_000913.3	2899488	2900273	-	786	22	2	4	22	0	3	16	12	13	0	32
gene-b2775	NC_000913.3	2900592	2901869	+	1278	81	68	64	106	0	63	109	25	119	0	63
gene-b2776	NC_000913.3	2901896	2903374	+	1479	63	54	48	84	0	70	126	26	80	0	85
gene-b2777	NC_000913.3	2904747	2905418	-	672	173	148	118	175	0	135	206	62	359	0	429
gene-b4682	NC_000913.3	2905557	2905697	+	141	2	0	1	0	0	1	3	0	1	0	0
gene-b2778	NC_000913.3	2905711	2906583	+	873	70	7	16	29	0	21	26	5	29	0	25
gene-b2779	NC_000913.3	2906643	2907941	-	1299	81082	23007	21399	59194	0	41812	65533	14870	14198	0	26629
gene-b2780	NC_000913.3	2908029	2909666	-	1638	18768	5572	5530	13976	0	10198	15312	3656	4985	0	7944
gene-b2781	NC_000913.3	2909894	2910685	-	792	506	382	358	533	0	554	473	168	471	0	529
gene-b2782	NC_000913.3	2910756	2911091	-	336	223	176	168	307	0	255	242	88	202	0	202
gene-b2783	NC_000913.3	2911091	2911339	-	249	263	181	161	322	0	311	272	72	161	0	203
gene-b2784	NC_000913.3	2911417	2913651	-	2235	3720	1616	1574	3362	0	3109	3421	859	1887	0	2528
gene-b2785	NC_000913.3	2913699	2915000	-	1302	728	487	453	833	0	757	663	229	365	0	489
gene-b2786	NC_000913.3	2915057	2917813	+	2757	1387	830	846	1370	0	1173	1325	264	903	0	913
gene-b2787	NC_000913.3	2918045	2919385	-	1341	186	109	93	132	0	138	149	39	174	0	158
gene-b2788	NC_000913.3	2919406	2920746	-	1341	92	75	77	90	0	79	76	27	68	0	48
gene-b2789	NC_000913.3	2920748	2922100	-	1353	38	29	28	16	0	36	29	11	45	0	48
gene-b2790	NC_000913.3	2922535	2922984	-	450	836	496	448	938	0	668	1032	165	549	0	593
gene-b2791	NC_000913.3	2923002	2923784	-	783	534	208	211	491	0	481	484	142	219	0	286
gene-b2792	NC_000913.3	2923784	2924113	-	330	286	78	102	284	0	213	215	44	108	0	148
gene-b4408	NC_000913.3	2924156	2924524	-	369	99402	35088	30450	49955	0	50077	47921	22292	102857	0	68174
gene-b2793	NC_000913.3	2924735	2925280	-	546	535	344	342	567	0	542	710	183	517	0	400
gene-b2794	NC_000913.3	2925348	2926196	+	849	1050	565	575	1222	0	1000	1377	366	941	0	992
gene-b2795	NC_000913.3	2926308	2927672	+	1365	1871	1051	1071	1583	0	1945	1840	553	1504	0	1814
gene-b2796	NC_000913.3	2928229	2929518	+	1290	433	520	665	933	0	1006	891	215	1038	0	2067
gene-b2797	NC_000913.3	2929576	2930943	+	1368	212	304	262	511	0	533	526	84	370	0	682
gene-b2798	NC_000913.3	2931055	2931810	+	756	279	166	181	325	0	257	362	63	184	0	238
gene-b2799	NC_000913.3	2931865	2933013	-	1149	182	85	109	177	0	158	209	36	160	0	173
gene-b2800	NC_000913.3	2933041	2933688	-	648	80	51	32	48	0	31	41	15	40	0	48
gene-b2801	NC_000913.3	2934235	2935551	+	1317	28	38	24	36	0	24	60	4	31	0	43
gene-b2802	NC_000913.3	2935584	2937359	+	1776	118	93	91	161	0	115	129	32	140	0	187
gene-b2803	NC_000913.3	2937468	2938886	+	1419	255	133	146	244	0	248	178	49	189	0	178
gene-b2804	NC_000913.3	2938888	2939310	+	423	315	182	154	379	0	312	303	67	303	0	248
gene-b2805	NC_000913.3	2939368	2940099	+	732	454	277	256	584	0	487	543	119	444	0	560
gene-b2806	NC_000913.3	2940143	2941243	-	1101	1424	687	731	1425	0	1310	1559	322	782	0	891
gene-b2807	NC_000913.3	2941236	2941631	-	396	237	140	130	374	0	238	342	48	92	0	146
gene-b2808	NC_000913.3	2941650	2942567	-	918	785	390	375	780	0	717	774	245	527	0	581
gene-b4443	NC_000913.3	2942696	2942901	+	206	232	169	194	257	0	255	351	41	192	0	116
gene-b2809	NC_000913.3	2942918	2943145	-	228	125	202	252	283	0	256	271	44	267	0	172
gene-b2810	NC_000913.3	2943337	2944542	+	1206	701	455	504	819	0	701	899	168	497	0	663
gene-b2811	NC_000913.3	2944542	2944985	+	444	424	192	185	415	0	385	466	102	231	0	241
gene-b2812	NC_000913.3	2945036	2945842	-	807	2669	520	514	1177	0	733	1472	283	520	0	716
gene-b2813	NC_000913.3	2946081	2947178	-	1098	2892	1088	1021	2568	0	1552	3071	564	1776	0	2032
gene-b2814	NC_000913.3	2947387	2947463	+	77	1173	1586	1248	1597	0	2431	1190	194	1249	0	677
gene-b2815	NC_000913.3	2947497	2947573	+	77	1816	6265	5272	2053	0	3015	4006	497	3751	0	1109
gene-b2816	NC_000913.3	2947607	2947683	+	77	234	509	474	162	0	164	406	42	305	0	96
gene-b2817	NC_000913.3	2947757	2949010	-	1254	1082	764	739	969	0	1096	1096	223	627	0	872
gene-b2818	NC_000913.3	2949242	2950573	+	1332	8338	3864	3842	9171	0	6400	10134	2462	4177	0	6991
gene-b2819	NC_000913.3	2950635	2952461	-	1827	1189	591	572	1439	0	1157	1351	292	749	0	914
gene-b2820	NC_000913.3	2952461	2956003	-	3543	1346	1017	834	1689	0	1886	1723	438	1131	0	1562
gene-b2821	NC_000913.3	2955996	2958884	-	2889	1166	1025	943	1328	0	1319	1590	355	1056	0	1127
gene-b2822	NC_000913.3	2959060	2962428	-	3369	1570	920	867	1856	0	1688	2014	508	863	0	1264
gene-b2823	NC_000913.3	2962441	2962764	-	324	34	38	30	78	0	43	35	23	34	0	29
gene-b2824	NC_000913.3	2962749	2963156	-	408	29	29	8	30	0	25	58	12	19	0	31
gene-b2825	NC_000913.3	2963153	2963716	-	564	49	12	20	59	0	50	31	8	43	0	15
gene-b2826	NC_000913.3	2963707	2964177	-	471	21	27	12	24	0	21	19	2	15	0	4
gene-b2827	NC_000913.3	2964361	2965155	-	795	1592	1022	944	1869	0	1999	1934	621	1017	0	1248
gene-b2828	NC_000913.3	2965162	2966037	-	876	999	705	749	1101	0	1197	1294	335	624	0	873
gene-b2829	NC_000913.3	2966188	2968434	-	2247	3205	1960	2069	3727	0	3835	4051	920	1590	0	2031
gene-b2830	NC_000913.3	2968447	2968977	-	531	1805	1342	1288	2020	0	2045	2133	502	1245	0	1165
gene-b4610	NC_000913.3	2969330	2969476	-	147	48	36	24	28	0	29	60	19	40	0	38
gene-b2831	NC_000913.3	2969662	2970351	+	690	301	202	227	360	0	292	379	84	315	0	268
gene-b2832	NC_000913.3	2970420	2971133	+	714	629	365	387	743	0	518	818	135	321	0	341
gene-b2833	NC_000913.3	2971271	2971489	+	219	324	439	405	360	0	319	372	59	579	0	317
gene-b2834	NC_000913.3	2971597	2972637	+	1041	2334	1095	1265	2525	0	2251	2474	516	1128	0	1440
gene-b2835	NC_000913.3	2972669	2973862	-	1194	338	259	289	482	0	374	435	79	256	0	269
gene-b2836	NC_000913.3	2973855	2976014	-	2160	1181	753	803	1550	0	1179	1542	367	791	0	897
gene-b4444	NC_000913.3	2976102	2976189	-	88	52	15	4	15	0	11	27	0	5	0	7
gene-b4445	NC_000913.3	2976304	2976385	-	82	79	19	11	21	0	24	48	0	30	0	11
gene-b2837	NC_000913.3	2976599	2977630	+	1032	507	410	351	638	0	713	604	163	564	0	576
gene-b2838	NC_000913.3	2977637	2978899	-	1263	2326	1466	1523	2191	0	2233	2386	543	1676	0	2285
gene-b2839	NC_000913.3	2979021	2979956	+	936	208	99	131	233	0	213	230	52	118	0	160
gene-b2840	NC_000913.3	2979943	2980635	-	693	470	260	243	481	0	456	388	151	177	0	168
gene-b2841	NC_000913.3	2980764	2982182	-	1419	411	224	213	331	0	204	349	52	202	0	123
gene-b2842	NC_000913.3	2982497	2983258	-	762	249	87	94	161	0	134	109	35	154	0	130
gene-b2843	NC_000913.3	2983288	2984124	-	837	226	77	58	121	0	111	120	41	120	0	145
gene-b2844	NC_000913.3	2984411	2985592	-	1182	2053	699	659	1197	0	950	1328	265	2766	0	3292
gene-b2845	NC_000913.3	2985847	2987076	+	1230	120	74	81	148	0	78	138	36	298	0	348
gene-b2846	NC_000913.3	2987536	2988168	+	633	46	23	38	56	0	28	37	14	20	0	4
gene-b2847	NC_000913.3	2988502	2989311	+	810	80	33	40	85	0	55	47	24	58	0	87
gene-b2848	NC_000913.3	2989304	2989786	+	483	14	7	12	18	0	12	13	6	14	0	14
gene-b4683	NC_000913.3	2989819	2989899	-	81	0	0	4	4	0	4	0	0	2	0	0
gene-b2849	NC_000913.3	2989935	2990360	-	426	2	8	6	5	0	6	12	3	12	0	4
gene-b2851	NC_000913.3	2991268	2991759	+	492	0	6	11	14	0	1	20	7	7	0	10
gene-b2852	NC_000913.3	2992094	2993470	+	1377	25	18	18	33	0	15	42	9	43	0	26
gene-b2853	NC_000913.3	2993638	2993856	+	219	15	7	8	15	0	8	20	4	11	0	5
gene-b2860	NC_000913.3	2996372	2997277	-	906	10	0	5	8	0	5	3	6	0	0	0
gene-b2861	NC_000913.3	2997235	2997600	-	366	27	13	14	20	0	8	13	7	0	0	0
gene-b2863	NC_000913.3	2998034	2998828	-	795	307	93	95	216	0	102	177	76	29	0	56
gene-b2864	NC_000913.3	2998984	2999057	-	74	202	53	42	89	0	70	103	18	201	0	106
gene-b2865	NC_000913.3	2999136	2999891	-	756	947	512	518	850	0	764	706	188	682	0	692
gene-b2866	NC_000913.3	3000345	3002603	+	2259	128	72	84	146	0	128	158	30	178	0	150
gene-b2867	NC_000913.3	3002614	3003492	+	879	38	32	32	72	0	41	49	15	56	0	69
gene-b2868	NC_000913.3	3003489	3003968	+	480	38	12	20	41	0	35	29	13	26	0	36
gene-b2869	NC_000913.3	3004008	3005786	-	1779	248	159	150	232	0	187	184	12	312	0	336
gene-b2870	NC_000913.3	3006262	3007452	+	1191	27	30	16	15	0	20	19	4	43	0	12
gene-b2871	NC_000913.3	3007510	3008706	+	1197	91	78	67	112	0	79	118	20	114	0	62
gene-b2872	NC_000913.3	3008764	3009975	+	1212	43	39	25	57	0	55	71	16	74	0	45
gene-b2873	NC_000913.3	3010028	3011413	+	1386	45	46	30	78	0	48	57	4	69	0	39
gene-b2874	NC_000913.3	3011461	3012393	+	933	173	93	72	169	0	126	181	29	123	0	118
gene-b2875	NC_000913.3	3012614	3014239	-	1626	98	60	75	76	0	98	127	20	102	0	63
gene-b2876	NC_000913.3	3014287	3015057	-	771	17	7	17	23	0	21	14	1	32	0	18
gene-b2877	NC_000913.3	3015160	3015738	+	579	55	22	17	32	0	46	53	16	63	0	69
gene-b2878	NC_000913.3	3016060	3019158	+	3099	224	150	146	203	0	157	241	38	157	0	106
gene-b2879	NC_000913.3	3019161	3020489	+	1329	23	9	15	16	0	19	19	8	35	0	10
gene-b2880	NC_000913.3	3020540	3021319	+	780	47	13	24	37	0	40	37	6	50	0	31
gene-b2881	NC_000913.3	3021316	3024186	+	2871	210	142	161	239	0	204	217	54	197	0	182
gene-b2882	NC_000913.3	3024351	3025751	+	1401	101	58	48	102	0	75	88	22	86	0	72
gene-b2883	NC_000913.3	3025766	3027085	+	1320	245	111	141	221	0	203	219	33	168	0	197
gene-b4464	NC_000913.3	3027121	3028488	+	1368	158	97	113	142	0	144	128	24	123	0	157
gene-b2886	NC_000913.3	3028524	3029012	-	489	22	48	37	51	0	41	33	3	50	0	42
gene-b2887	NC_000913.3	3029012	3030931	-	1920	90	58	63	77	0	86	87	15	152	0	86
gene-b2888	NC_000913.3	3031367	3032815	+	1449	29	20	18	26	0	29	41	3	48	0	23
gene-b4684	NC_000913.3	3032817	3032942	+	126	2	0	0	2	0	2	0	0	0	0	0
gene-b4753	NC_000913.3	3032939	3033010	-	72	0	6	3	6	0	3	0	0	0	0	0
gene-b2889	NC_000913.3	3033065	3033613	+	549	71	121	107	162	0	180	129	24	128	0	108
gene-b2890	NC_000913.3	3033657	3035174	-	1518	12232	4855	5379	11170	0	11314	11167	3093	3643	0	5807
gene-b2891	NC_000913.3	3035184	3036282	-	1099	9743	3991	4101	8932	0	8781	8835	2918	3566	0	5020
gene-b2892	NC_000913.3	3036373	3038106	-	1734	2063	952	1037	2104	0	1804	2282	515	899	0	1155
gene-b2893	NC_000913.3	3038112	3038822	-	711	1410	631	631	1467	0	1355	1372	444	636	0	929
gene-b2894	NC_000913.3	3038847	3039743	-	897	1048	517	472	1159	0	1006	1127	343	609	0	711
gene-b2895	NC_000913.3	3039855	3040376	+	522	1320	704	783	1222	0	1061	1470	285	687	0	774
gene-b2896	NC_000913.3	3040416	3040823	-	408	388	243	246	423	0	430	404	95	256	0	316
gene-b2897	NC_000913.3	3040804	3041070	-	267	913	399	441	797	0	882	827	140	502	0	600
gene-b2898	NC_000913.3	3041313	3042293	+	981	3870	1944	1983	4708	0	4176	5258	1204	1261	0	1801
gene-b2899	NC_000913.3	3042489	3043148	-	660	549	337	388	443	0	493	511	154	383	0	297
gene-b2900	NC_000913.3	3043312	3043623	-	312	513	357	386	528	0	525	668	107	309	0	364
gene-b2901	NC_000913.3	3043662	3045101	+	1440	2215	1158	1109	2193	0	2061	2426	825	748	0	1178
gene-b2902	NC_000913.3	3045158	3045901	-	744	315	76	64	151	0	150	190	82	115	0	64
gene-b2903	NC_000913.3	3046168	3049041	-	2874	3461	1834	1576	2884	0	3763	3320	1505	1511	0	949
gene-b2904	NC_000913.3	3049160	3049549	-	390	1948	1209	1130	2137	0	1846	2240	730	750	0	387
gene-b2905	NC_000913.3	3049573	3050667	-	1095	3475	1486	1374	3071	0	3254	3420	1049	1585	0	960
gene-b4754	NC_000913.3	3050958	3051041	+	84	65	40	27	61	0	54	63	19	79	0	32
gene-b2906	NC_000913.3	3051115	3052317	-	1203	1239	457	487	972	0	1071	933	308	607	0	827
gene-b2907	NC_000913.3	3052340	3053518	-	1179	1146	507	485	1094	0	1094	1044	274	466	0	807
gene-b2908	NC_000913.3	3053515	3054840	-	1326	3260	1270	1385	2818	0	2883	2800	764	1136	0	1892
gene-b2909	NC_000913.3	3054866	3055444	-	579	2125	871	888	1761	0	1857	1741	481	763	0	1167
gene-b2910	NC_000913.3	3055612	3055941	+	330	2435	2334	2025	2525	0	2114	3335	444	2115	0	1637
gene-b2911	NC_000913.3	3055983	3056165	+	183	75235	74974	77410	68520	0	69850	96103	2601	59193	0	57362
gene-b2912	NC_000913.3	3056241	3056789	+	549	288	168	209	406	0	260	409	86	194	0	159
gene-b4446	NC_000913.3	3056851	3056991	+	141	40	18	16	53	0	12	43	3	34	0	37
gene-b4665	NC_000913.3	3056890	3056949	-	60	0	0	0	0	0	0	0	0	0	0	0
gene-b2913	NC_000913.3	3057178	3058410	-	1233	28220	17138	16867	24975	0	32801	27079	8055	12991	0	16324
gene-b2914	NC_000913.3	3058666	3059325	-	660	4235	2256	2351	4229	0	4065	4426	768	2240	0	2614
gene-b2916	NC_000913.3	3059753	3060646	+	894	1230	678	706	1413	0	1243	1713	329	775	0	917
gene-b2917	NC_000913.3	3060850	3062994	+	2145	136	94	87	130	0	109	135	22	203	0	68
gene-b2918	NC_000913.3	3062987	3063982	+	996	24	18	14	34	0	38	23	15	24	0	17
gene-b2919	NC_000913.3	3063993	3064778	+	786	31	15	23	37	0	54	36	8	36	0	13
gene-b2920	NC_000913.3	3064802	3066280	+	1479	105	65	51	85	0	80	85	15	92	0	53
gene-b2921	NC_000913.3	3066277	3067173	-	897	122	111	82	129	0	110	104	22	183	0	118
gene-b2922	NC_000913.3	3067340	3068080	-	741	1487	957	1095	1644	0	1786	1515	340	800	0	910
gene-b2923	NC_000913.3	3068173	3068808	-	636	229	168	163	313	0	213	276	46	151	0	155
gene-b2924	NC_000913.3	3068947	3069807	-	861	2716	2066	2278	3874	0	2740	3789	726	1746	0	1393
gene-b2925	NC_000913.3	3070165	3071244	-	1080	24637	9882	9765	20195	0	21014	22824	6923	11145	0	19863
gene-b2926	NC_000913.3	3071459	3072622	-	1164	17720	9056	8877	15550	0	17065	16864	5951	6856	0	12784
gene-b2927	NC_000913.3	3072672	3073691	-	1020	4055	2638	2229	4403	0	4166	4952	1096	3208	0	4175
gene-b2928	NC_000913.3	3073976	3074689	-	714	393	252	204	349	0	366	375	78	324	0	297
gene-b2929	NC_000913.3	3074686	3075195	-	510	358	299	280	419	0	389	439	95	281	0	251
gene-b2930	NC_000913.3	3075217	3076182	-	966	29	19	15	18	0	44	23	3	47	0	19
gene-b4465	NC_000913.3	3076179	3077456	-	1278	47	23	22	30	0	18	23	11	48	0	27
gene-b2933	NC_000913.3	3077471	3078859	-	1389	27	36	28	37	0	26	42	8	38	0	18
gene-b2934	NC_000913.3	3078887	3079330	-	444	41	14	9	5	0	14	14	2	20	0	44
gene-b2935	NC_000913.3	3079644	3081635	-	1992	19746	6000	5897	14707	0	14136	16106	5438	6570	0	11901
gene-b2936	NC_000913.3	3081913	3082671	+	759	1205	413	434	710	0	680	983	179	518	0	613
gene-b2937	NC_000913.3	3082877	3083797	-	921	5711	662	633	1769	0	1067	1998	500	607	0	1111
gene-b2938	NC_000913.3	3083935	3085911	-	1977	10793	4550	5109	12040	0	9129	14082	3142	3939	0	6345
gene-b2939	NC_000913.3	3085920	3086051	-	132	462	302	352	942	0	650	727	178	169	0	311
gene-b4784	NC_000913.3	3086145	3086288	-	144	22	74	88	322	0	224	21	6	8	0	10
gene-b2940	NC_000913.3	3086187	3086402	+	216	12	142	121	459	0	381	38	3	2	0	14
gene-b2941	NC_000913.3	3086399	3086650	-	252	1359	1176	1028	2278	0	2272	470	57	392	0	846
gene-b2942	NC_000913.3	3086706	3087860	+	1155	24932	9887	9942	26073	0	21509	25471	6214	12270	0	18756
gene-b2943	NC_000913.3	3088284	3089678	+	1395	696	415	392	801	0	627	942	253	240	0	261
gene-b2944	NC_000913.3	3089755	3090252	+	498	161	85	119	195	0	183	254	32	151	0	175
gene-b2945	NC_000913.3	3090347	3091054	+	708	79	41	56	109	0	75	86	19	143	0	173
gene-b2946	NC_000913.3	3091134	3091865	+	732	840	438	432	871	0	807	1072	229	400	0	598
gene-b2947	NC_000913.3	3091878	3092828	+	951	1985	991	982	1734	0	1839	1849	643	929	0	1256
gene-b2948	NC_000913.3	3092937	3093500	+	564	1507	659	628	1579	0	1453	1657	464	675	0	891
gene-b2949	NC_000913.3	3093500	3093916	+	417	681	333	352	699	0	636	716	163	284	0	383
gene-b2950	NC_000913.3	3094100	3095080	-	981	157	52	39	131	0	97	139	23	134	0	101
gene-b2951	NC_000913.3	3095098	3095802	+	705	989	469	481	1112	0	937	1115	277	481	0	848
gene-b2952	NC_000913.3	3095820	3096386	+	567	1107	560	527	1308	0	904	1152	330	547	0	895
gene-b2953	NC_000913.3	3096383	3096673	+	291	375	164	186	348	0	320	273	114	219	0	270
gene-b2954	NC_000913.3	3096681	3097274	+	594	932	330	368	836	0	808	839	197	422	0	654
gene-b2955	NC_000913.3	3097267	3098403	+	1137	1215	433	466	956	0	987	1090	311	472	0	720
gene-b2956	NC_000913.3	3098558	3099565	-	1008	100	70	64	94	0	73	92	33	109	0	77
gene-b2957	NC_000913.3	3099682	3100728	-	1047	192	101	72	169	0	111	168	22	138	0	123
gene-b2958	NC_000913.3	3100904	3101623	-	720	472	140	156	275	0	255	358	134	229	0	257
gene-b2959	NC_000913.3	3101807	3102133	-	327	1636	1042	1133	1794	0	1889	1998	462	1126	0	1208
gene-b2960	NC_000913.3	3102133	3102852	-	720	1653	1095	1010	2076	0	2241	2100	526	919	0	1283
gene-b2961	NC_000913.3	3103013	3104065	+	1053	903	617	700	1173	0	1483	912	210	535	0	628
gene-b2962	NC_000913.3	3104093	3104368	+	276	839	680	658	1129	0	1341	1174	290	531	0	458
gene-b2963	NC_000913.3	3104433	3105512	+	1080	813	606	629	975	0	1151	940	287	711	0	722
gene-b2964	NC_000913.3	3105714	3106970	+	1257	296	198	195	335	0	345	419	97	285	0	393
gene-b2965	NC_000913.3	3107020	3109155	-	2136	2048	912	931	1870	0	1809	2237	636	1198	0	1612
gene-b4785	NC_000913.3	3109317	3109400	-	84	79	44	45	49	0	58	75	5	33	0	65
gene-b2966	NC_000913.3	3109553	3110260	+	708	75	64	72	93	0	76	91	16	63	0	47
gene-b2967	NC_000913.3	3110366	3110441	+	76	124	57	42	56	0	37	110	8	48	0	22
gene-b2968	NC_000913.3	3110590	3111126	-	537	156	43	55	74	0	67	79	20	0	0	0
gene-b2969	NC_000913.3	3111128	3111988	-	861	306	228	184	375	0	362	343	55	0	0	0
gene-b4786	NC_000913.3	3111266	3111325	+	60	0	0	0	0	0	0	0	0	0	0	0
gene-b2970	NC_000913.3	3112054	3113049	-	996	287	75	89	261	0	130	125	32	0	0	0
gene-b2971	NC_000913.3	3113067	3113477	-	411	371	123	89	470	0	224	187	68	0	0	0
gene-b2972	NC_000913.3	3113543	3114352	-	810	454	335	221	567	0	286	417	100	0	0	0
gene-b4466	NC_000913.3	3114550	3119112	-	4563	2110	957	792	2292	0	1287	2188	635	140	0	146
gene-b2975	NC_000913.3	3119597	3121279	-	1683	236	202	176	231	0	220	298	32	267	0	151
gene-b2976	NC_000913.3	3121634	3123805	-	2172	762	670	581	820	0	1187	824	221	1522	0	670
gene-b2977	NC_000913.3	3123827	3124231	-	405	134	108	80	130	0	244	121	53	312	0	90
gene-b4467	NC_000913.3	3124236	3125459	-	1224	165	125	90	190	0	251	191	34	304	0	130
gene-b4468	NC_000913.3	3125470	3126522	-	1053	64	44	40	67	0	68	65	16	155	0	28
gene-b2979	NC_000913.3	3126522	3128021	-	1500	115	90	96	109	0	149	117	40	431	0	91
gene-b2980	NC_000913.3	3128272	3129036	+	765	441	229	192	440	0	423	479	98	339	0	354
gene-b2981	NC_000913.3	3129043	3130215	-	1173	98	66	54	113	0	98	102	17	82	0	82
gene-b2982	NC_000913.3	3130214	3131194	+	981	13	13	13	5	0	12	14	6	0	0	0
gene-b2983	NC_000913.3	3131341	3132408	-	1068	125	29	33	72	0	96	94	51	80	0	20
gene-b2984	NC_000913.3	3132454	3133212	-	759	36	11	10	35	0	19	15	9	33	0	15
gene-b2985	NC_000913.3	3133244	3133957	-	714	46	7	12	41	0	17	28	6	50	0	35
gene-b2986	NC_000913.3	3134131	3134823	+	693	12	10	7	22	0	13	14	5	14	0	4
gene-b2987	NC_000913.3	3134872	3136371	-	1500	32	26	20	55	0	24	72	11	58	0	47
gene-b2988	NC_000913.3	3136663	3138522	-	1860	2562	1114	1110	2409	0	2179	2660	816	1160	0	1206
gene-b2989	NC_000913.3	3138727	3139593	+	867	1086	653	660	1311	0	1174	1368	312	630	0	811
gene-b2990	NC_000913.3	3139716	3139964	-	249	83	56	54	102	0	79	91	11	71	0	64
gene-b2991	NC_000913.3	3139977	3140318	-	342	62	19	42	89	0	48	69	5	40	0	26
gene-b2992	NC_000913.3	3140311	3140799	-	489	155	68	67	200	0	128	169	24	92	0	100
gene-b2993	NC_000913.3	3140792	3141286	-	495	196	121	107	292	0	210	288	61	169	0	161
gene-b2994	NC_000913.3	3141286	3142989	-	1704	484	278	236	455	0	509	444	125	310	0	272
gene-b2995	NC_000913.3	3142986	3144164	-	1179	85	49	37	77	0	94	78	6	73	0	59
gene-b2996	NC_000913.3	3144154	3145140	-	987	108	35	50	106	0	84	73	37	40	0	61
gene-b2997	NC_000913.3	3145143	3146261	-	1119	148	57	54	120	0	120	98	28	72	0	78
gene-b2998	NC_000913.3	3146450	3146737	-	288	29	18	14	31	0	29	33	13	17	0	19
gene-b4755	NC_000913.3	3147597	3147740	-	144	10	36	24	15	0	13	13	5	13	0	9
gene-b3001	NC_000913.3	3147897	3148937	+	1041	135	185	161	426	0	313	501	127	222	0	391
gene-b3002	NC_000913.3	3148977	3149471	-	495	1907	1549	1531	2175	0	1791	2311	357	1646	0	1655
gene-b3003	NC_000913.3	3149662	3150546	+	885	60	105	111	95	0	146	132	21	125	0	69
gene-b3005	NC_000913.3	3150818	3151243	-	426	1986	1525	1646	2574	0	1689	2825	481	2292	0	1012
gene-b3006	NC_000913.3	3151250	3151984	-	735	3898	2735	2929	4813	0	3769	5031	1039	3130	0	2043
gene-b3008	NC_000913.3	3152236	3153423	+	1188	2580	1467	1346	2947	0	2508	3115	1063	1113	0	1714
gene-b3009	NC_000913.3	3153563	3154222	+	660	735	356	360	703	0	563	879	190	526	0	482
gene-b3010	NC_000913.3	3154262	3155218	-	957	365	184	184	376	0	326	352	107	296	0	301
gene-b3011	NC_000913.3	3155355	3156518	+	1164	1169	561	594	1153	0	1133	1003	315	1266	0	1163
gene-b3012	NC_000913.3	3156623	3157450	+	828	295	226	268	242	0	481	220	82	434	0	378
gene-b3013	NC_000913.3	3157650	3158576	+	927	94	64	87	108	0	61	84	12	110	0	61
gene-b3014	NC_000913.3	3158627	3158884	+	258	49	32	36	61	0	28	39	1	34	0	25
gene-b4469	NC_000913.3	3158927	3161146	-	2220	2494	1083	1128	2625	0	1914	2618	736	929	0	1610
gene-b3017	NC_000913.3	3161257	3162669	-	1413	2148	1062	1141	2492	0	1865	2592	518	1112	0	1342
gene-b3018	NC_000913.3	3162744	3163481	-	738	1070	862	828	1509	0	1239	1599	463	902	0	939
gene-b3019	NC_000913.3	3163715	3165973	-	2259	4068	1660	1615	4087	0	3126	4486	1066	1575	0	2391
gene-b3020	NC_000913.3	3166111	3167718	-	1608	788	203	238	392	0	476	491	94	384	0	538
gene-b3021	NC_000913.3	3167851	3168246	-	396	368	288	271	431	0	334	387	68	274	0	273
gene-b3022	NC_000913.3	3168248	3168544	-	297	412	306	260	382	0	314	437	105	1068	0	646
gene-b3023	NC_000913.3	3168749	3169231	-	483	101	52	61	168	0	85	155	35	114	0	71
gene-b3024	NC_000913.3	3169284	3169676	-	393	540	216	213	790	0	227	706	161	451	0	403
gene-b3025	NC_000913.3	3169828	3170487	+	660	167	23	46	239	0	46	198	49	80	0	125
gene-b3026	NC_000913.3	3170484	3171833	+	1350	225	104	89	276	0	76	250	77	136	0	167
gene-b3027	NC_000913.3	3171879	3172211	-	333	6	2	6	3	0	1	8	4	11	0	1
gene-b3028	NC_000913.3	3172530	3173111	+	582	843	516	561	1083	0	875	1064	197	402	0	669
gene-b3029	NC_000913.3	3173142	3173456	+	315	1829	1129	1169	1941	0	1632	2128	279	808	0	938
gene-b3030	NC_000913.3	3173504	3175396	-	1893	3199	1442	1502	3534	0	2461	3852	870	1573	0	2135
gene-b3031	NC_000913.3	3175425	3176006	-	582	679	394	390	1009	0	863	985	220	537	0	666
gene-b3032	NC_000913.3	3176006	3176833	-	828	1433	968	1072	2193	0	1778	2118	394	1038	0	1315
gene-b3033	NC_000913.3	3176858	3177280	-	423	540	451	465	812	0	768	693	185	458	0	491
gene-b3034	NC_000913.3	3177281	3177910	-	630	692	457	491	760	0	829	754	243	489	0	513
gene-b3035	NC_000913.3	3178115	3179596	+	1482	9546	4333	4523	10183	0	9232	10420	2889	4345	0	6433
gene-b3037	NC_000913.3	3179744	3180415	+	672	2297	1093	1084	2706	0	2188	2638	745	1086	0	1890
gene-b3038	NC_000913.3	3180421	3181581	+	1161	3382	1925	1782	3617	0	3159	3862	908	1913	0	2834
gene-b3039	NC_000913.3	3181619	3182434	-	816	149	152	88	115	0	151	152	29	112	0	83
gene-b3040	NC_000913.3	3182550	3183323	+	774	824	634	575	856	0	800	1030	152	503	0	460
gene-b4756	NC_000913.3	3183381	3183551	-	171	121	77	85	126	0	53	89	7	141	0	112
gene-b3041	NC_000913.3	3183813	3184466	-	654	1479	711	665	1176	0	1204	1552	309	1004	0	1423
gene-b3042	NC_000913.3	3184840	3185130	+	291	1711	912	830	1490	0	1443	1773	276	1154	0	1345
gene-b3043	NC_000913.3	3185414	3185965	+	552	44	22	18	74	0	26	69	16	56	0	72
gene-b3044	NC_000913.3	3186187	3186552	+	366	3	0	1	2	0	0	0	0	0	0	0
gene-b3045	NC_000913.3	3186510	3187415	+	906	9	0	1	8	0	0	0	2	0	0	0
gene-b3047	NC_000913.3	3189881	3190630	+	750	72	26	20	65	0	21	37	12	17	0	16
gene-b3048	NC_000913.3	3190632	3191696	+	1065	188	104	79	159	0	115	153	19	65	0	116
gene-b3049	NC_000913.3	3191739	3191939	-	201	195	244	233	174	0	230	152	25	173	0	183
gene-b3050	NC_000913.3	3192208	3192837	+	630	51	34	29	38	0	36	45	3	42	0	42
gene-b3051	NC_000913.3	3192864	3194525	+	1662	109	68	43	58	0	74	97	20	80	0	66
gene-b4447	NC_000913.3	3194721	3194865	-	145	30	29	20	85	0	83	35	3	15	0	17
gene-b4664	NC_000913.3	3194766	3194825	+	60	0	0	0	0	0	0	0	0	0	0	0
gene-b4611	NC_000913.3	3195097	3195240	-	144	63	59	54	149	0	74	53	9	29	0	34
gene-b4666	NC_000913.3	3195141	3195200	+	60	0	0	0	0	0	0	0	0	0	0	0
gene-b3052	NC_000913.3	3195320	3196753	-	1434	1301	723	518	1002	0	1195	1123	437	734	0	879
gene-b3053	NC_000913.3	3196801	3199641	-	2841	1828	753	770	1737	0	1640	1810	593	1010	0	1261
gene-b3054	NC_000913.3	3199664	3200965	-	1302	711	311	280	704	0	542	709	245	413	0	444
gene-b3055	NC_000913.3	3201207	3201827	+	621	618	498	439	758	0	802	768	160	835	0	809
gene-b3056	NC_000913.3	3201891	3203129	+	1239	1175	734	765	1196	0	1249	1422	239	819	0	1021
gene-b3057	NC_000913.3	3203310	3204131	-	822	1005	498	455	695	0	817	908	217	563	0	756
gene-b3058	NC_000913.3	3204221	3204589	-	369	296	162	170	232	0	294	237	92	251	0	211
gene-b3059	NC_000913.3	3204694	3205311	+	618	495	428	358	555	0	409	613	108	451	0	411
gene-b3060	NC_000913.3	3205324	3206256	-	933	54	34	43	75	0	80	57	15	67	0	47
gene-b3061	NC_000913.3	3206463	3207374	+	912	19	40	15	31	0	25	30	11	42	0	14
gene-b3062	NC_000913.3	3207371	3207976	+	606	24	15	9	25	0	21	7	3	26	0	11
gene-b3063	NC_000913.3	3208024	3209487	+	1464	107	91	86	151	0	129	104	24	100	0	66
gene-b3064	NC_000913.3	3209530	3210543	-	1014	991	670	680	1343	0	1255	1460	294	439	0	625
gene-b3065	NC_000913.3	3210781	3210996	+	216	23491	13916	14008	22323	0	20270	30758	3086	12874	0	17847
gene-b3066	NC_000913.3	3211107	3212852	+	1746	12186	2567	2429	7979	0	4349	8324	2058	3044	0	3593
gene-b3067	NC_000913.3	3213047	3214888	+	1842	27636	4779	4971	13927	0	9537	15935	4151	5266	0	7335
gene-b3068	NC_000913.3	3214967	3215473	-	507	713	608	485	807	0	726	864	196	660	0	698
gene-b3069	NC_000913.3	3215598	3215673	+	76	30	23	23	32	0	26	29	9	18	0	35
gene-b3070	NC_000913.3	3215727	3216491	-	765	756	613	474	1043	0	724	839	182	972	0	658
gene-b3071	NC_000913.3	3216779	3217402	+	624	699	381	335	658	0	689	695	127	321	0	378
gene-b3072	NC_000913.3	3217556	3219076	-	1521	313	1191	1316	269	0	2572	410	94	239	0	257
gene-b3073	NC_000913.3	3219494	3220873	+	1380	174	574	658	504	0	798	452	112	544	0	443
gene-b3074	NC_000913.3	3220915	3221247	-	333	9	3	6	8	0	13	14	0	15	0	3
gene-b3075	NC_000913.3	3221466	3222449	+	984	443	279	215	390	0	435	487	105	302	0	331
gene-b3076	NC_000913.3	3222633	3225725	+	3093	166	103	99	140	0	113	155	26	143	0	92
gene-b3077	NC_000913.3	3225722	3226171	+	450	19	4	15	16	0	7	13	2	14	0	10
gene-b3078	NC_000913.3	3226234	3227667	+	1434	24	12	17	23	0	12	27	12	44	0	29
gene-b3079	NC_000913.3	3227801	3228871	+	1071	23	17	5	12	0	24	31	4	31	0	20
gene-b3080	NC_000913.3	3228888	3231239	+	2352	84	70	66	78	0	69	129	18	142	0	65
gene-b3081	NC_000913.3	3231665	3233683	+	2019	247	96	94	131	0	186	169	28	400	0	420
gene-b3082	NC_000913.3	3233728	3234144	-	417	101	69	50	105	0	125	101	19	68	0	74
gene-b3083	NC_000913.3	3234141	3234455	-	315	102	62	45	94	0	83	110	43	90	0	69
gene-b3084	NC_000913.3	3234739	3235875	-	1137	479	220	214	455	0	406	489	70	299	0	362
gene-b3085	NC_000913.3	3235960	3236463	+	504	204	123	151	264	0	169	244	49	157	0	143
gene-b3086	NC_000913.3	3236540	3237232	+	693	39	22	26	54	0	31	34	8	57	0	69
gene-b3087	NC_000913.3	3237311	3238297	+	987	498	417	365	610	0	593	698	196	414	0	439
gene-b3088	NC_000913.3	3238580	3239545	+	966	1177	161	126	397	0	210	518	90	112	0	134
gene-b3089	NC_000913.3	3239944	3241188	+	1245	2163	960	933	1915	0	2019	2404	604	1251	0	2602
gene-b3090	NC_000913.3	3241193	3241744	-	552	76	44	28	69	0	69	69	13	35	0	40
gene-b3091	NC_000913.3	3241827	3243314	-	1488	330	214	194	255	0	312	324	71	306	0	386
gene-b3092	NC_000913.3	3243329	3244741	-	1413	493	152	127	340	0	306	321	114	369	0	592
gene-b3093	NC_000913.3	3245224	3246522	+	1299	164	135	104	178	0	117	219	33	228	0	250
gene-b3094	NC_000913.3	3246652	3247428	+	777	1487	774	697	1384	0	1118	1417	300	577	0	705
gene-b4787	NC_000913.3	3247668	3247751	+	84	198	211	222	317	0	279	230	60	232	0	132
gene-b3095	NC_000913.3	3247773	3248435	+	663	644	552	483	757	0	714	769	159	376	0	366
gene-b3096	NC_000913.3	3248439	3248822	+	384	334	189	193	341	0	353	346	83	243	0	188
gene-b3097	NC_000913.3	3248969	3249337	+	369	683	546	656	1124	0	1305	964	289	1022	0	931
gene-b3098	NC_000913.3	3249375	3249680	+	306	397	402	513	724	0	909	573	105	593	0	508
gene-b3099	NC_000913.3	3249683	3250087	+	405	368	379	457	618	0	785	544	77	349	0	365
gene-b3100	NC_000913.3	3250077	3250376	+	300	439	391	504	792	0	791	695	122	407	0	399
gene-b3101	NC_000913.3	3250562	3250954	+	393	49	29	30	38	0	51	56	14	43	0	44
gene-b3102	NC_000913.3	3251024	3252010	+	987	277	138	176	320	0	306	373	104	200	0	227
gene-b3103	NC_000913.3	3252304	3252669	+	366	456	438	385	490	0	493	452	108	436	0	438
gene-b3104	NC_000913.3	3252911	3253267	+	357	36	20	13	52	0	22	54	15	23	0	19
gene-b3105	NC_000913.3	3253318	3254214	-	897	946	564	558	707	0	787	849	206	494	0	580
gene-b3106	NC_000913.3	3254319	3255020	+	702	65	69	24	67	0	48	61	7	46	0	52
gene-b3107	NC_000913.3	3255043	3255207	+	165	404	223	249	426	0	441	612	53	769	0	464
gene-b4470	NC_000913.3	3255341	3256651	-	1311	270	113	77	193	0	157	227	49	183	0	152
gene-b3110	NC_000913.3	3256679	3258010	-	1332	126	62	61	112	0	90	104	26	93	0	61
gene-b4471	NC_000913.3	3258285	3259649	-	1365	104	82	51	119	0	77	123	32	149	0	73
gene-b3113	NC_000913.3	3259721	3260110	-	390	44	19	30	45	0	37	47	12	40	0	22
gene-b3114	NC_000913.3	3260124	3262418	-	2295	196	68	67	177	0	138	145	44	110	0	95
gene-b3115	NC_000913.3	3262452	3263660	-	1209	81	31	37	68	0	42	47	7	68	0	44
gene-b3116	NC_000913.3	3263686	3265017	-	1332	189	88	107	177	0	119	111	29	138	0	140
gene-b3117	NC_000913.3	3265039	3266028	-	990	25	18	8	12	0	15	9	2	14	0	15
gene-b3118	NC_000913.3	3266127	3267065	-	939	13	20	20	18	0	13	27	4	48	0	26
gene-b3119	NC_000913.3	3267380	3267598	+	219	2	4	2	2	0	0	4	0	13	0	3
gene-b3120	NC_000913.3	3267854	3268393	+	540	4	11	6	3	0	4	12	6	34	0	8
gene-b3121	NC_000913.3	3268415	3269602	+	1188	26	12	12	25	0	6	10	2	59	0	3
gene-b3123	NC_000913.3	3270216	3270592	-	377	127895	225392	167237	119631	0	119190	186631	19409	123563	0	66382
gene-b3124	NC_000913.3	3270625	3271770	-	1146	158	96	74	165	0	169	151	46	136	0	112
gene-b3125	NC_000913.3	3271867	3272751	-	885	108	87	71	143	0	107	118	26	113	0	79
gene-b3126	NC_000913.3	3272787	3273557	-	771	34	28	27	57	0	41	39	6	56	0	18
gene-b3127	NC_000913.3	3273573	3274907	-	1335	31	21	8	29	0	24	16	5	46	0	24
gene-b3128	NC_000913.3	3275282	3276853	+	1572	196	81	89	174	0	126	180	43	195	0	185
gene-b3129	NC_000913.3	3277002	3277337	+	336	350	296	261	451	0	422	397	104	294	0	256
gene-b3130	NC_000913.3	3277337	3277801	+	465	499	344	352	584	0	542	502	111	305	0	274
gene-b3131	NC_000913.3	3277856	3278665	-	810	1071	871	806	1176	0	1011	1295	230	982	0	800
gene-b3132	NC_000913.3	3278914	3280194	+	1281	90	34	25	55	0	48	72	19	90	0	54
gene-b3133	NC_000913.3	3280217	3280690	+	474	46	29	17	16	0	28	28	0	29	0	36
gene-b3136	NC_000913.3	3281976	3283130	+	1155	33	19	18	36	0	42	59	5	89	0	24
gene-b3137	NC_000913.3	3283143	3284003	+	861	27	24	26	23	0	23	28	8	88	0	37
gene-b3138	NC_000913.3	3284170	3284646	+	477	17	9	8	15	0	2	23	0	23	0	27
gene-b3139	NC_000913.3	3284685	3285488	+	804	18	33	18	28	0	13	20	4	42	0	38
gene-b3140	NC_000913.3	3285478	3286269	+	792	28	30	38	51	0	40	39	4	41	0	22
gene-b3141	NC_000913.3	3286270	3287025	+	756	37	25	16	39	0	32	38	21	57	0	31
gene-b3142	NC_000913.3	3287426	3288010	+	585	71	42	34	62	0	41	56	18	338	0	146
gene-b3143	NC_000913.3	3288090	3288785	+	696	18	12	18	15	0	12	19	1	19	0	20
gene-b3144	NC_000913.3	3288814	3291330	+	2517	374	318	353	456	0	402	442	64	355	0	202
gene-b3145	NC_000913.3	3291341	3292432	+	1092	155	146	115	188	0	158	166	50	135	0	117
gene-b3146	NC_000913.3	3292475	3293335	-	861	556	288	262	622	0	618	723	149	435	0	507
gene-b3147	NC_000913.3	3293400	3295436	+	2037	3975	1661	1748	3743	0	3591	3713	985	1835	0	2743
gene-b3148	NC_000913.3	3295394	3295789	+	396	385	241	256	473	0	458	316	91	158	0	214
gene-b3149	NC_000913.3	3295809	3296399	+	591	824	462	550	1095	0	1079	1075	180	522	0	729
gene-b3150	NC_000913.3	3296409	3296984	+	576	1033	710	701	1134	0	1115	1185	210	766	0	784
gene-b3151	NC_000913.3	3297098	3298138	-	1041	438	423	346	410	0	662	587	184	246	0	432
gene-b3152	NC_000913.3	3298211	3298846	-	636	66	57	40	54	0	78	53	19	71	0	58
gene-b3153	NC_000913.3	3298974	3299492	+	519	16	56	25	39	0	49	36	5	29	0	30
gene-b3154	NC_000913.3	3299472	3299915	-	444	128	90	96	131	0	106	158	34	91	0	73
gene-b3155	NC_000913.3	3299966	3300268	+	303	165	81	79	211	0	154	144	26	123	0	96
gene-b3156	NC_000913.3	3300255	3300758	-	504	523	317	323	699	0	497	499	106	305	0	371
gene-b3157	NC_000913.3	3300752	3301276	-	525	1140	677	615	1172	0	920	1225	323	894	0	962
gene-b3158	NC_000913.3	3301485	3302480	+	996	90	59	52	128	0	62	119	15	71	0	48
gene-b3159	NC_000913.3	3302489	3303367	+	879	52	47	55	78	0	58	62	16	58	0	34
gene-b3160	NC_000913.3	3303448	3304455	+	1008	255	262	320	420	0	552	484	102	391	0	425
gene-b3161	NC_000913.3	3304573	3305817	-	1245	745	312	234	420	0	427	470	109	381	0	387
gene-b3162	NC_000913.3	3305971	3307860	-	1890	7159	1711	1683	5875	0	3306	6398	1374	1803	0	1971
gene-b4685	NC_000913.3	3307853	3307933	-	81	188	78	70	262	0	172	96	57	79	0	36
gene-b3163	NC_000913.3	3308040	3308924	-	885	11273	5773	5474	9450	0	7117	10942	2472	7846	0	5711
gene-b3164	NC_000913.3	3309033	3311168	-	2136	31591	8968	9340	24251	0	19472	25370	6807	9733	0	14242
gene-b4449	NC_000913.3	3311183	3311398	+	216	164	131	111	330	0	203	101	8	58	0	42
gene-b3165	NC_000913.3	3311415	3311684	-	270	25111	23335	21414	22064	0	21254	31583	5243	26234	0	21475
gene-b3166	NC_000913.3	3311833	3312777	-	945	5575	1196	1192	2351	0	2281	2564	603	1290	0	1823
gene-b3167	NC_000913.3	3312777	3313178	-	402	3443	449	431	1242	0	1175	1453	342	543	0	928
gene-b3168	NC_000913.3	3313342	3316014	-	2673	41975	8349	8486	20719	0	19410	22667	6905	9091	0	14908
gene-b3169	NC_000913.3	3316039	3317526	-	1488	18955	3733	3913	9312	0	8640	9378	2664	3808	0	6426
gene-b3170	NC_000913.3	3317554	3318006	-	453	5731	1336	1399	2578	0	2471	3159	646	1300	0	2049
gene-b3171	NC_000913.3	3318213	3318289	-	77	1904	1382	1115	1318	0	1105	2370	171	1241	0	1098
gene-b3172	NC_000913.3	3318637	3319980	+	1344	15888	6701	6967	15668	0	15946	18028	5470	6831	0	13668
gene-b3173	NC_000913.3	3319988	3321613	-	1626	173	113	120	171	0	110	157	22	158	0	123
gene-b3174	NC_000913.3	3322072	3322158	-	87	83	413	365	367	0	254	108	3	81	0	47
gene-b3175	NC_000913.3	3322173	3322505	-	333	12279	20763	18188	19901	0	16288	25688	2898	13744	0	11328
gene-b3176	NC_000913.3	3322733	3324070	-	1338	5124	1976	1931	3966	0	4157	4360	1048	1546	0	2115
gene-b3177	NC_000913.3	3324063	3324911	-	849	1141	396	345	881	0	690	851	237	326	0	426
gene-b3178	NC_000913.3	3325001	3326935	-	1935	15446	11339	11300	17424	0	14874	20709	3819	11803	0	12856
gene-b3179	NC_000913.3	3327035	3327664	-	630	4056	2517	2619	3824	0	3079	4545	1042	3204	0	2919
gene-b3180	NC_000913.3	3327790	3328083	+	294	4549	3818	3771	4630	0	3707	5494	810	3894	0	2907
gene-b3181	NC_000913.3	3328239	3328715	-	477	4214	1049	1007	3818	0	1378	5378	879	1156	0	1543
gene-b3182	NC_000913.3	3328963	3330396	+	1434	1037	677	558	968	0	851	1246	222	766	0	883
gene-b3183	NC_000913.3	3330582	3331754	-	1173	5239	959	839	2454	0	1360	2601	637	776	0	948
gene-b3184	NC_000913.3	3331770	3332735	-	966	4728	764	666	2227	0	1016	2512	637	536	0	601
gene-b3185	NC_000913.3	3332862	3333119	-	258	7425	11134	10757	14527	0	11855	15542	1731	5760	0	7813
gene-b3186	NC_000913.3	3333140	3333451	-	312	19362	22495	21342	26978	0	28696	27397	4778	15984	0	17863
gene-b3187	NC_000913.3	3333710	3334681	+	972	4642	2124	2096	5036	0	3945	5463	1151	2116	0	2584
gene-b3188	NC_000913.3	3334909	3335187	+	279	224	92	85	199	0	142	206	49	86	0	86
gene-b3189	NC_000913.3	3335235	3336494	-	1260	5816	2213	2178	4929	0	4637	5303	1278	2249	0	3314
gene-b3190	NC_000913.3	3336549	3336803	-	255	2117	839	828	1522	0	1827	1483	544	1018	0	1010
gene-b3191	NC_000913.3	3336963	3337256	-	294	777	518	437	815	0	913	775	129	418	0	538
gene-b3192	NC_000913.3	3337256	3337891	-	636	1396	879	927	1668	0	1688	1567	423	771	0	1053
gene-b3193	NC_000913.3	3337910	3338461	-	552	893	398	470	945	0	957	870	302	473	0	617
gene-b3194	NC_000913.3	3338466	3339248	-	783	900	525	625	930	0	943	915	235	465	0	604
gene-b3195	NC_000913.3	3339256	3340065	-	810	1564	883	839	1412	0	1392	1738	459	862	0	994
gene-b3196	NC_000913.3	3340275	3341252	+	978	776	565	508	789	0	731	775	148	603	0	603
gene-b3197	NC_000913.3	3341266	3342252	+	987	1673	922	973	1649	0	1856	1631	402	840	0	1220
gene-b3198	NC_000913.3	3342273	3342839	+	567	1159	806	809	1372	0	1213	1261	312	688	0	803
gene-b3199	NC_000913.3	3342836	3343411	+	576	1121	654	606	1141	0	1226	1113	362	789	0	949
gene-b3200	NC_000913.3	3343380	3343937	+	558	1441	859	846	1532	0	1853	1384	396	844	0	1050
gene-b3201	NC_000913.3	3343944	3344669	+	726	1659	944	774	1716	0	2115	1619	413	804	0	1069
gene-b3202	NC_000913.3	3344717	3346150	+	1434	4160	2773	2757	4224	0	4973	4528	1006	2832	0	3156
gene-b3203	NC_000913.3	3346173	3346460	+	288	1297	1264	1198	1468	0	1880	1331	349	1501	0	1399
gene-b3204	NC_000913.3	3346578	3347069	+	492	1782	1196	1226	1945	0	2363	2119	559	1114	0	1485
gene-b3205	NC_000913.3	3347115	3347969	+	855	1974	1200	1302	2019	0	2457	1916	475	1162	0	1410
gene-b3206	NC_000913.3	3347966	3348238	+	273	220	192	174	235	0	265	280	63	207	0	167
gene-b3207	NC_000913.3	3348452	3349084	+	633	3020	2419	2726	3221	0	2698	3484	493	3160	0	2019
gene-b3208	NC_000913.3	3349081	3349809	-	729	325	216	243	351	0	354	338	52	338	0	325
gene-b3209	NC_000913.3	3349806	3350459	-	654	966	387	435	828	0	1020	913	153	758	0	1100
gene-b4450	NC_000913.3	3350577	3350697	+	121	62	56	64	122	0	78	64	6	37	0	46
gene-b3210	NC_000913.3	3350689	3353025	-	2337	1142	803	835	1091	0	1265	1257	279	904	0	923
gene-b3211	NC_000913.3	3353121	3354050	-	930	42	30	36	63	0	40	43	5	86	0	44
gene-b3212	NC_000913.3	3354725	3359185	+	4461	40875	28912	30122	41144	0	73758	45196	14251	19383	0	38811
gene-b3213	NC_000913.3	3359198	3360616	+	1419	13345	12166	12305	14010	0	24044	15828	4127	7293	0	11337
gene-b3214	NC_000913.3	3361176	3361940	+	765	569	350	398	632	0	643	558	160	0	0	0
gene-b3215	NC_000913.3	3362112	3362786	+	675	52	28	16	55	0	31	30	3	0	0	0
gene-b3216	NC_000913.3	3362807	3365188	+	2382	342	248	260	341	0	288	316	68	0	0	0
gene-b3218	NC_000913.3	3365702	3366682	-	981	10	18	7	5	0	8	8	1	0	0	0
gene-b3219	NC_000913.3	3366926	3367642	+	717	285	197	185	309	0	274	222	51	0	0	0
gene-b3220	NC_000913.3	3367827	3368954	+	1128	125	75	82	101	0	96	138	32	174	0	174
gene-b3221	NC_000913.3	3369014	3369478	-	465	59	74	76	76	0	120	105	26	243	0	220
gene-b3222	NC_000913.3	3369475	3370350	-	876	80	77	68	131	0	100	110	25	82	0	97
gene-b3223	NC_000913.3	3370347	3371036	-	690	62	25	53	85	0	44	97	10	49	0	44
gene-b3224	NC_000913.3	3371084	3372574	-	1491	89	56	48	90	0	79	86	16	59	0	89
gene-b3225	NC_000913.3	3372683	3373576	-	894	231	69	90	190	0	206	274	52	104	0	136
gene-b3226	NC_000913.3	3373698	3374489	-	792	1064	482	500	1016	0	861	1058	216	576	0	734
gene-b3227	NC_000913.3	3374869	3376236	+	1368	90	33	46	66	0	53	88	23	77	0	48
gene-b3228	NC_000913.3	3376279	3376776	-	498	2166	928	1007	2282	0	1843	2332	414	1057	0	1638
gene-b3229	NC_000913.3	3376782	3377420	-	639	6883	2525	2619	5527	0	5071	6722	1331	3186	0	5159
gene-b3230	NC_000913.3	3377815	3378207	-	393	18245	16036	16408	26186	0	23378	26481	3740	12062	0	16916
gene-b3231	NC_000913.3	3378223	3378651	-	429	34874	26185	26558	41800	0	35129	52734	11353	28950	0	34266
gene-b3232	NC_000913.3	3378870	3379997	-	1128	1324	692	601	1241	0	955	1301	302	1072	0	1015
gene-b3233	NC_000913.3	3380191	3380589	+	399	2863	1917	1869	3033	0	2325	3539	524	2455	0	2417
gene-b3234	NC_000913.3	3380743	3382110	+	1368	1034	497	483	851	0	873	1008	290	613	0	790
gene-b3235	NC_000913.3	3382200	3383267	+	1068	1203	640	711	1212	0	895	1301	280	603	0	592
gene-b3236	NC_000913.3	3383330	3384268	-	939	30266	14337	14873	35727	0	25366	33703	7928	17303	0	28100
gene-b3237	NC_000913.3	3384703	3385173	+	471	2345	1436	1314	2589	0	2024	3034	529	1512	0	1959
gene-b3238	NC_000913.3	3385538	3385801	+	264	91	79	130	159	0	85	203	35	56	0	59
gene-b3239	NC_000913.3	3385857	3386129	-	273	35	89	73	49	0	75	44	12	92	0	49
gene-b3240	NC_000913.3	3386221	3388188	-	1968	164	119	97	198	0	116	206	39	176	0	121
gene-b3241	NC_000913.3	3388194	3389126	-	933	207	130	141	242	0	169	206	48	135	0	72
gene-b3242	NC_000913.3	3389134	3389337	-	204	155	119	71	135	0	82	116	30	61	0	30
gene-b3243	NC_000913.3	3389520	3390449	+	930	575	350	390	597	0	590	624	126	281	0	297
gene-b3244	NC_000913.3	3390583	3392028	-	1446	2447	1169	1324	1965	0	1995	2553	637	1399	0	1476
gene-b4472	NC_000913.3	3392458	3396258	-	3801	1968	1469	1467	1843	0	1952	1984	377	2099	0	1528
gene-b3247	NC_000913.3	3396326	3397795	-	1470	2506	1592	1482	2626	0	2427	2788	583	1600	0	1646
gene-b3248	NC_000913.3	3397785	3398378	-	594	889	536	593	1004	0	1049	943	282	552	0	499
gene-b3249	NC_000913.3	3398387	3398875	-	489	591	423	472	597	0	710	625	153	305	0	360
gene-b3250	NC_000913.3	3398875	3399978	-	1104	2025	1082	1112	2151	0	2013	2208	479	908	0	1205
gene-b3251	NC_000913.3	3400044	3401087	-	1044	9495	3602	3713	9063	0	7189	9502	2155	3002	0	4825
gene-b3252	NC_000913.3	3401392	3403332	-	1941	1215	811	909	1459	0	1054	1685	302	1105	0	901
gene-b3253	NC_000913.3	3403484	3404458	+	975	707	388	316	612	0	637	641	181	444	0	414
gene-b3255	NC_000913.3	3405436	3405906	+	471	5643	2758	2919	5933	0	5882	6629	1773	3390	0	4900
gene-b3256	NC_000913.3	3405917	3407266	+	1350	12793	6925	6869	14906	0	13566	15933	3339	7323	0	11409
gene-b3257	NC_000913.3	3407375	3407617	+	243	115	61	58	174	0	97	130	29	63	0	102
gene-b3258	NC_000913.3	3407607	3409058	+	1452	612	239	284	686	0	487	693	187	311	0	560
gene-b3259	NC_000913.3	3409070	3409951	+	882	1353	580	652	1435	0	1110	1453	374	593	0	942
gene-b3260	NC_000913.3	3410280	3411245	+	966	7847	6130	5865	8272	0	8313	8930	1701	4938	0	5633
gene-b3261	NC_000913.3	3411271	3411567	+	297	3554	2747	2749	3943	0	4254	4052	795	2186	0	2469
gene-b3262	NC_000913.3	3411653	3412537	+	885	202	46	56	102	0	75	152	12	133	0	97
gene-b3263	NC_000913.3	3412621	3412800	+	180	65	70	65	91	0	77	54	2	104	0	95
gene-b3264	NC_000913.3	3412803	3413465	-	663	28	16	28	55	0	48	38	4	40	0	26
gene-b3265	NC_000913.3	3413864	3415021	+	1158	34	18	28	31	0	12	64	0	37	0	14
gene-b3266	NC_000913.3	3415033	3418137	+	3105	244	159	167	205	0	199	231	32	247	0	144
gene-b3267	NC_000913.3	3418390	3418611	+	222	122	107	97	138	0	114	75	19	76	0	49
gene-b3269	NC_000913.3	3420134	3421315	+	1182	86	75	88	93	0	79	111	13	144	0	146
gene-b3270	NC_000913.3	3421325	3422428	+	1104	32	27	30	32	0	25	39	6	53	0	37
gene-b3271	NC_000913.3	3422436	3423194	+	759	137	62	57	101	0	88	85	28	86	0	83
gene-b3272	NC_000913.3	3423423	3423542	-	120	0	0	1	0	0	0	2	1	4	0	2
gene-b3273	NC_000913.3	3423580	3423655	-	76	4	0	0	0	0	0	2	7	0	0	6
gene-b3274	NC_000913.3	3423668	3423787	-	120	0	0	0	0	0	0	0	0	1	0	0
gene-b3275	NC_000913.3	3423880	3426783	-	2904	30	254	74	131	0	28	114	40401	6	0	20
gene-b3276	NC_000913.3	3426958	3427033	-	76	8	15	10	6	0	2	14	0	0	0	0
gene-b3277	NC_000913.3	3427076	3427152	-	77	0	9	10	3	0	3	0	0	0	0	0
gene-b3278	NC_000913.3	3427221	3428762	-	1542	14	1308	28	85	0	16	59	23758	18	0	13
gene-b3279	NC_000913.3	3429236	3429790	+	555	1072	707	773	1131	0	1115	1293	271	630	0	679
gene-b3280	NC_000913.3	3429766	3430023	-	258	97	101	89	175	0	167	137	39	103	0	92
gene-b3281	NC_000913.3	3430020	3430838	-	819	376	287	219	415	0	443	451	193	221	0	275
gene-b3282	NC_000913.3	3430843	3431415	-	573	458	283	242	629	0	480	558	228	224	0	338
gene-b3283	NC_000913.3	3431420	3431962	-	543	954	589	619	1168	0	1016	1129	271	585	0	599
gene-b3284	NC_000913.3	3431991	3432464	-	474	1004	873	843	1651	0	1459	1322	263	674	0	758
gene-b4473	NC_000913.3	3432436	3433560	-	1125	318	521	437	684	0	664	315	43	332	0	188
gene-b3287	NC_000913.3	3433690	3434199	+	510	2762	1544	1477	2521	0	2137	2636	561	1780	0	1900
gene-b3288	NC_000913.3	3434214	3435161	+	948	3219	1054	985	2556	0	2222	2561	598	1189	0	1663
gene-b3289	NC_000913.3	3435207	3436496	+	1290	2264	531	522	1551	0	1164	1537	424	506	0	736
gene-b3290	NC_000913.3	3436518	3437894	+	1377	1702	588	536	1116	0	1053	1306	273	663	0	745
gene-b3291	NC_000913.3	3438024	3438434	+	411	821	706	666	993	0	1025	684	257	978	0	960
gene-b4550	NC_000913.3	3438431	3438649	-	219	186	131	104	122	0	161	87	24	146	0	97
gene-b3292	NC_000913.3	3438705	3439130	-	426	318	134	143	262	0	229	217	48	124	0	156
gene-b3293	NC_000913.3	3439141	3439509	-	369	512	205	216	345	0	235	329	100	173	0	166
gene-b3294	NC_000913.3	3439616	3439999	-	384	23123	13727	14582	30541	0	25259	32365	5287	13046	0	19930
gene-b3295	NC_000913.3	3440040	3441029	-	990	86218	42034	42845	96565	0	92722	99930	20235	46220	0	74048
gene-b3296	NC_000913.3	3441055	3441675	-	621	55066	28105	28451	64694	0	66403	61308	18073	25451	0	43998
gene-b3297	NC_000913.3	3441709	3442098	-	390	27123	16011	16495	39252	0	37307	33100	7409	11429	0	21602
gene-b3298	NC_000913.3	3442115	3442471	-	357	43484	19834	20379	47634	0	44502	50870	13665	22471	0	35753
gene-b3299	NC_000913.3	3442618	3442734	-	117	13675	6913	7019	13192	0	12325	17299	5099	6224	0	10195
gene-b3300	NC_000913.3	3442766	3444097	-	1332	76512	43666	44588	79504	0	79924	90472	21012	33817	0	60367
gene-b3301	NC_000913.3	3444105	3444539	-	435	24419	14022	14045	27530	0	30780	24970	6858	9573	0	20173
gene-b3302	NC_000913.3	3444543	3444722	-	180	2869	2964	3069	9114	0	8855	3788	836	1108	0	2089
gene-b3303	NC_000913.3	3444726	3445229	-	504	27291	14179	14602	30777	0	34857	27557	7993	9889	0	21423
gene-b3304	NC_000913.3	3445244	3445597	-	354	15947	8397	8537	23364	0	22990	19337	4983	6726	0	12679
gene-b3305	NC_000913.3	3445607	3446140	-	534	29880	13064	13379	34187	0	34657	33270	8491	12174	0	25641
gene-b3306	NC_000913.3	3446153	3446545	-	393	26364	12143	12766	27709	0	31516	26404	9011	11060	0	20591
gene-b3307	NC_000913.3	3446579	3446884	-	306	32106	12248	12553	38261	0	41488	30498	11502	13563	0	24321
gene-b3308	NC_000913.3	3446899	3447438	-	540	41345	19587	20713	49480	0	52090	46532	10844	16405	0	32808
gene-b3309	NC_000913.3	3447453	3447767	-	315	27972	18170	18297	31702	0	37100	26041	6800	12188	0	21565
gene-b3310	NC_000913.3	3447778	3448149	-	372	43625	23635	23899	43853	0	46915	48451	11458	26733	0	34538
gene-b3311	NC_000913.3	3448314	3448568	-	255	13887	8390	8557	19786	0	19403	18960	2772	6825	0	10152
gene-b3312	NC_000913.3	3448568	3448759	-	192	6538	3063	3178	11596	0	13639	6326	2115	2699	0	4606
gene-b3313	NC_000913.3	3448759	3449169	-	411	18647	8972	9394	23976	0	23480	22824	5968	9411	0	15560
gene-b3314	NC_000913.3	3449182	3449883	-	702	42403	19066	20615	47584	0	49391	48232	13404	19198	0	36081
gene-b3315	NC_000913.3	3449901	3450233	-	333	19265	9254	10187	26309	0	29253	21025	6255	8248	0	16794
gene-b3316	NC_000913.3	3450248	3450526	-	279	18727	7203	7862	22024	0	26627	16365	7058	7984	0	14394
gene-b3317	NC_000913.3	3450543	3451364	-	822	50926	21054	23225	57584	0	61550	55015	15944	20393	0	41734
gene-b3318	NC_000913.3	3451382	3451684	-	303	18281	6893	7469	22408	0	26000	16929	6887	8752	0	14655
gene-b3319	NC_000913.3	3451681	3452286	-	606	32061	12325	13372	35786	0	38135	36621	8715	12469	0	26314
gene-b3320	NC_000913.3	3452297	3452926	-	630	48244	23919	25951	53298	0	55832	54805	13624	22420	0	40460
gene-b3321	NC_000913.3	3452959	3453270	-	312	35228	16047	16909	34504	0	36531	39461	12231	18093	0	30799
gene-b3322	NC_000913.3	3453508	3453927	-	420	133	70	39	92	0	82	105	49	94	0	82
gene-b3323	NC_000913.3	3453929	3455398	-	1470	72	48	53	81	0	57	101	22	86	0	40
gene-b3324	NC_000913.3	3455578	3456393	+	816	81	62	52	134	0	63	77	19	128	0	108
gene-b3325	NC_000913.3	3456377	3458329	+	1953	240	166	149	218	0	199	160	37	197	0	204
gene-b3326	NC_000913.3	3458339	3459820	+	1482	103	66	85	119	0	96	123	30	100	0	103
gene-b3327	NC_000913.3	3459817	3461013	+	1197	106	50	58	122	0	118	104	19	109	0	84
gene-b3328	NC_000913.3	3461023	3461460	+	438	14	7	9	16	0	20	9	5	26	0	19
gene-b3329	NC_000913.3	3461468	3461977	+	510	12	10	7	20	0	15	4	2	19	0	15
gene-b3330	NC_000913.3	3461974	3462351	+	378	12	13	6	22	0	14	21	4	5	0	4
gene-b3331	NC_000913.3	3462344	3462931	+	588	34	15	12	27	0	17	22	1	25	0	21
gene-b3332	NC_000913.3	3462924	3463907	+	984	95	59	38	67	0	62	93	8	51	0	48
gene-b3333	NC_000913.3	3463922	3465085	+	1164	106	73	94	156	0	104	157	16	106	0	67
gene-b3334	NC_000913.3	3465082	3465543	+	462	42	27	31	30	0	39	28	4	19	0	20
gene-b3335	NC_000913.3	3465543	3466220	+	678	53	42	35	57	0	75	90	15	68	0	55
gene-b3336	NC_000913.3	3466249	3466725	-	477	277	597	694	631	0	918	464	126	781	0	662
gene-b3337	NC_000913.3	3466797	3466991	-	195	403	250	280	352	0	338	213	62	879	0	279
gene-b3338	NC_000913.3	3467160	3469853	-	2694	781	365	331	659	0	462	589	96	473	0	425
gene-b3339	NC_000913.3	3470145	3471329	-	1185	78534	38921	41003	77001	0	72050	84632	27862	33070	0	61640
gene-b3340	NC_000913.3	3471400	3473514	-	2115	181809	80949	86324	176406	0	209589	181046	51498	60217	0	113426
gene-b3341	NC_000913.3	3473542	3474081	-	540	41741	19705	21513	47702	0	50647	47492	15722	17557	0	30459
gene-b3342	NC_000913.3	3474178	3474552	-	375	42007	18906	20109	45271	0	45475	50642	12001	17896	0	32197
gene-b3343	NC_000913.3	3474678	3474965	-	288	608	253	222	437	0	376	504	112	364	0	414
gene-b3344	NC_000913.3	3474973	3475332	-	360	319	117	97	352	0	293	288	51	129	0	164
gene-b3345	NC_000913.3	3475332	3475718	-	387	578	274	236	472	0	438	422	128	191	0	280
gene-b3346	NC_000913.3	3475718	3476440	-	723	2163	907	1029	1785	0	1681	1873	542	1193	0	1314
gene-b3347	NC_000913.3	3476607	3477419	-	813	5634	3264	3308	6566	0	5437	7826	1540	4243	0	6038
gene-b3348	NC_000913.3	3477640	3477858	+	219	553	346	306	549	0	461	579	57	358	0	384
gene-b3349	NC_000913.3	3477907	3478497	-	591	9531	5283	5250	8658	0	7930	10305	1929	4004	0	5624
gene-b4551	NC_000913.3	3478592	3478792	-	201	197	131	102	163	0	273	178	51	109	0	109
gene-b3350	NC_000913.3	3478802	3480607	-	1806	386	315	252	344	0	424	448	97	268	0	217
gene-b3351	NC_000913.3	3480607	3481161	-	555	250	193	186	208	0	206	337	68	234	0	204
gene-b3352	NC_000913.3	3481289	3483202	+	1914	2109	850	836	2425	0	2129	2606	689	1150	0	1590
gene-b3353	NC_000913.3	3483202	3484224	+	1023	476	316	276	654	0	532	818	135	312	0	461
gene-b3354	NC_000913.3	3484218	3484436	+	219	138	109	129	174	0	187	200	27	108	0	126
gene-b3355	NC_000913.3	3484490	3485359	+	870	595	373	451	709	0	677	634	158	424	0	542
gene-b3356	NC_000913.3	3485414	3485818	-	405	841	600	527	789	0	864	816	193	601	0	635
gene-b3357	NC_000913.3	3486120	3486752	+	633	8132	4869	5276	8875	0	8249	10715	2269	4971	0	6196
gene-b3358	NC_000913.3	3486791	3488893	+	2103	1438	942	987	1415	0	1659	1363	287	913	0	1020
gene-b3359	NC_000913.3	3488960	3490180	-	1221	6236	2801	2959	4989	0	5549	5571	1737	2115	0	3921
gene-b4820	NC_000913.3	3490132	3490185	-	54	0	0	0	0	0	2	0	0	0	0	0
gene-b3360	NC_000913.3	3490266	3490829	-	564	145	120	122	173	0	192	208	30	134	0	168
gene-b3361	NC_000913.3	3490861	3491463	-	603	69	60	94	92	0	116	106	24	84	0	42
gene-b3362	NC_000913.3	3491453	3491620	-	168	66	75	72	86	0	63	69	18	71	0	57
gene-b3363	NC_000913.3	3491725	3492297	-	573	2244	1180	1179	2259	0	1743	2401	481	1052	0	1386
gene-b3364	NC_000913.3	3492568	3493749	+	1182	511	330	328	513	0	544	530	98	226	0	188
gene-b3365	NC_000913.3	3494011	3496554	+	2544	117	131	104	150	0	137	164	25	141	0	88
gene-b3366	NC_000913.3	3496551	3496877	+	327	11	12	4	20	0	11	38	2	15	0	13
gene-b3367	NC_000913.3	3497003	3497809	+	807	162	59	37	210	0	87	198	56	69	0	30
gene-b3368	NC_000913.3	3497828	3499201	+	1374	880	610	524	1064	0	868	1126	245	395	0	475
gene-b3369	NC_000913.3	3499448	3499615	+	168	87	41	31	53	0	12	36	8	65	0	62
gene-b3370	NC_000913.3	3499910	3501247	+	1338	20	20	14	36	0	34	30	4	95	0	26
gene-b3371	NC_000913.3	3501268	3502290	+	1023	50	42	46	60	0	53	63	16	89	0	49
gene-b4474	NC_000913.3	3502340	3503170	+	831	36	29	33	52	0	43	67	6	54	0	20
gene-b3374	NC_000913.3	3503167	3503952	+	786	71	47	48	73	0	44	97	18	81	0	51
gene-b3375	NC_000913.3	3504052	3504783	+	732	583	301	231	553	0	505	641	143	388	0	408
gene-b3376	NC_000913.3	3504935	3506020	-	1086	75	49	36	69	0	60	84	26	78	0	43
gene-b3377	NC_000913.3	3506032	3507336	-	1305	70	33	42	94	0	69	72	8	165	0	40
gene-b3378	NC_000913.3	3507348	3507701	-	354	49	39	43	65	0	41	67	8	42	0	37
gene-b3379	NC_000913.3	3507712	3508590	-	879	51	21	32	48	0	38	56	6	58	0	28
gene-b3380	NC_000913.3	3508587	3509813	-	1227	19	12	14	25	0	20	36	7	25	0	12
gene-b3381	NC_000913.3	3509813	3510976	-	1164	9	20	9	15	0	18	23	6	62	0	6
gene-b3382	NC_000913.3	3511060	3511422	-	363	48	24	23	31	0	48	36	12	37	0	47
gene-b3383	NC_000913.3	3511439	3512344	-	906	163	79	82	108	0	103	121	49	192	0	151
gene-b3384	NC_000913.3	3512634	3513638	-	1005	3829	2130	2074	3331	0	3699	3974	961	2020	0	2716
gene-b3385	NC_000913.3	3513631	3514389	-	759	1647	798	763	1425	0	1723	1284	409	760	0	1126
gene-b3386	NC_000913.3	3514382	3515059	-	678	1514	836	844	1541	0	1726	1368	341	650	0	968
gene-b3387	NC_000913.3	3515077	3515913	-	837	1428	968	910	1708	0	1555	1842	398	1012	0	1288
gene-b3388	NC_000913.3	3516020	3517306	-	1287	6759	4246	4291	7875	0	7211	8525	1935	5130	0	5770
gene-b3389	NC_000913.3	3517398	3518486	-	1089	5742	3555	3503	6121	0	5629	6272	1887	3807	0	4588
gene-b3390	NC_000913.3	3518543	3519064	-	522	6038	3923	3692	6011	0	5254	7604	1634	4166	0	4425
gene-b3391	NC_000913.3	3519465	3520703	-	1239	99	56	37	82	0	80	68	27	85	0	64
gene-b3392	NC_000913.3	3520615	3521019	-	405	2	6	4	9	0	6	13	3	9	0	3
gene-b3393	NC_000913.3	3521009	3521449	-	441	8	9	8	13	0	18	13	1	15	0	4
gene-b3394	NC_000913.3	3521433	3521972	-	540	9	19	5	16	0	15	29	8	23	0	12
gene-b3395	NC_000913.3	3521972	3522751	-	780	55	63	50	53	0	67	99	16	92	0	41
gene-b3396	NC_000913.3	3522871	3525423	+	2553	1670	1262	1154	1918	0	1540	2390	436	1374	0	1605
gene-b3397	NC_000913.3	3525589	3526149	-	561	1673	1238	1221	1977	0	1418	2122	325	1577	0	1329
gene-b3398	NC_000913.3	3526469	3528604	+	2136	1571	1202	1295	1934	0	1663	2352	373	1892	0	1957
gene-b3399	NC_000913.3	3528669	3529337	+	669	670	514	545	862	0	726	866	207	585	0	706
gene-b3400	NC_000913.3	3529348	3529749	+	402	391	315	351	666	0	625	582	178	452	0	509
gene-b3401	NC_000913.3	3529774	3530652	+	879	1361	915	923	1764	0	1764	1764	390	1054	0	1503
gene-b3402	NC_000913.3	3530715	3532439	-	1725	354	237	231	458	0	330	478	75	331	0	382
gene-b3403	NC_000913.3	3532818	3534440	+	1623	3142	1248	1252	2536	0	2556	3136	797	3379	0	5636
gene-b3404	NC_000913.3	3534516	3535868	-	1353	693	406	403	647	0	640	657	142	543	0	560
gene-b3405	NC_000913.3	3535865	3536584	-	720	1392	857	934	1488	0	1239	1615	329	1209	0	1270
gene-b3406	NC_000913.3	3536812	3537288	+	477	466	299	303	432	0	381	555	134	334	0	333
gene-b3407	NC_000913.3	3537385	3539706	+	2322	5311	1903	1825	4935	0	4332	5550	1440	2013	0	3512
gene-b3408	NC_000913.3	3540163	3540390	+	228	444	235	225	450	0	392	323	97	264	0	264
gene-b3409	NC_000913.3	3540407	3542728	+	2322	2453	1147	980	2363	0	1881	1472	376	1037	0	1179
gene-b3410	NC_000913.3	3542728	3542964	+	237	225	103	101	311	0	196	143	32	94	0	76
gene-b3411	NC_000913.3	3543167	3544045	+	879	167	105	118	146	0	120	146	20	97	0	79
gene-b3412	NC_000913.3	3544074	3544844	-	771	346	195	167	400	0	309	422	104	212	0	306
gene-b3413	NC_000913.3	3544882	3545565	+	684	721	327	354	710	0	668	578	130	553	0	608
gene-b3414	NC_000913.3	3545624	3546199	+	576	5946	2140	2368	5364	0	4651	5700	1621	4190	0	4665
gene-b3415	NC_000913.3	3546559	3547875	+	1317	483	315	328	406	0	490	648	105	1106	0	638
gene-b3416	NC_000913.3	3547986	3550070	-	2085	1647	763	906	1867	0	1779	1418	532	781	0	1287
gene-b3417	NC_000913.3	3550080	3552473	-	2394	3701	1491	1691	4351	0	3690	2948	1238	1089	0	2326
gene-b3418	NC_000913.3	3553085	3555790	+	2706	7848	3673	3527	8817	0	6822	6916	1562	6743	0	9607
gene-b4475	NC_000913.3	3555833	3556849	-	1017	204	123	143	286	0	228	230	27	136	0	117
gene-b3421	NC_000913.3	3556853	3558079	-	1227	154	94	108	180	0	214	211	34	116	0	137
gene-b3422	NC_000913.3	3558268	3559866	+	1599	228	129	124	237	0	197	229	47	220	0	184
gene-b3424	NC_000913.3	3560622	3561452	-	831	1330	668	644	1327	0	1127	1333	369	890	0	1055
gene-b3425	NC_000913.3	3561497	3561823	-	327	708	357	333	728	0	580	813	137	501	0	497
gene-b3426	NC_000913.3	3562013	3563518	+	1506	281	154	180	212	0	216	313	45	211	0	164
gene-b3427	NC_000913.3	3563724	3564005	-	282	178	83	73	98	0	73	116	24	23	0	38
gene-b3428	NC_000913.3	3564134	3566581	-	2448	5055	3080	3033	4558	0	5338	4794	965	3459	0	4480
gene-b3429	NC_000913.3	3566600	3568033	-	1434	3310	1616	1721	2769	0	3217	2647	645	1702	0	2523
gene-b3430	NC_000913.3	3568033	3569328	-	1296	4101	1642	1801	3405	0	4302	2828	960	1826	0	3131
gene-b3431	NC_000913.3	3569346	3571319	-	1974	3701	1905	1808	3324	0	3829	3173	767	2062	0	2924
gene-b3432	NC_000913.3	3571316	3573502	-	2187	6635	3032	3038	4889	0	6464	5259	1727	4097	0	7058
gene-b4788	NC_000913.3	3573660	3573701	-	42	126	43	35	99	0	169	100	80	110	0	129
gene-b4789	NC_000913.3	3573679	3573708	-	30	0	0	0	22	0	14	0	0	0	0	0
gene-b3433	NC_000913.3	3573775	3574878	-	1104	15313	10406	9757	14432	0	19812	17030	6090	10381	0	16404
gene-b3434	NC_000913.3	3575071	3575664	+	594	155	78	71	132	0	151	143	29	193	0	278
gene-b4476	NC_000913.3	3575721	3577061	-	1341	191	131	105	163	0	168	192	34	206	0	139
gene-b3437	NC_000913.3	3577065	3577592	-	528	106	70	39	93	0	65	112	17	84	0	75
gene-b3438	NC_000913.3	3577731	3578726	-	996	1242	609	538	1309	0	1120	1395	365	817	0	855
gene-b3439	NC_000913.3	3578950	3579645	-	696	316	173	156	335	0	276	445	93	280	0	195
gene-b3440	NC_000913.3	3579768	3580805	-	1038	1290	496	536	1204	0	982	1321	331	642	0	748
gene-b4451	NC_000913.3	3580922	3581016	-	95	75	38	19	40	0	17	84	3	133	0	49
gene-b3441	NC_000913.3	3581138	3581626	+	489	142	87	84	149	0	134	185	32	92	0	98
gene-b3442	NC_000913.3	3581863	3583041	+	1179	16	16	16	8	0	10	25	8	10	0	1
gene-b3444	NC_000913.3	3583483	3583758	+	276	7	6	2	2	0	0	6	0	0	0	0
gene-b3445	NC_000913.3	3583677	3584180	+	504	4	4	4	4	0	3	4	1	2	0	0
gene-b4612	NC_000913.3	3584404	3584559	+	156	8	4	1	2	0	5	5	1	11	0	5
gene-b3446	NC_000913.3	3584759	3585043	+	285	41	13	13	32	0	39	30	5	11	0	24
gene-b3447	NC_000913.3	3585081	3586823	-	1743	130	297	290	400	0	585	365	86	432	0	562
gene-b3448	NC_000913.3	3586943	3587383	+	441	97	102	81	165	0	178	133	49	85	0	103
gene-b3449	NC_000913.3	3587370	3588113	-	744	337	190	193	431	0	476	444	95	255	0	284
gene-b3450	NC_000913.3	3588110	3589180	-	1071	237	129	158	299	0	306	314	67	185	0	215
gene-b3451	NC_000913.3	3589182	3590027	-	846	42	55	56	81	0	86	81	20	71	0	95
gene-b3452	NC_000913.3	3590024	3590911	-	888	75	37	47	80	0	67	65	14	60	0	88
gene-b3453	NC_000913.3	3591009	3592325	-	1317	476	275	317	393	0	457	336	111	439	0	430
gene-b3454	NC_000913.3	3592724	3593437	-	714	2714	1320	1278	2416	0	3368	2554	850	1145	0	1670
gene-b3455	NC_000913.3	3593439	3594206	-	768	2430	1056	1050	2417	0	2926	2282	742	947	0	1499
gene-b3456	NC_000913.3	3594203	3595480	-	1278	3361	1631	1449	2797	0	3579	3067	962	1100	0	2243
gene-b3457	NC_000913.3	3595477	3596403	-	927	1596	972	822	1445	0	2080	1344	597	671	0	1274
gene-b3458	NC_000913.3	3596451	3597560	-	1110	8687	4085	3985	7360	0	9007	8016	3216	3655	0	5622
gene-b3459	NC_000913.3	3597984	3598367	+	384	237	109	145	194	0	204	237	98	154	0	127
gene-b3460	NC_000913.3	3598555	3599658	-	1104	18365	9378	9005	14008	0	21983	14936	6558	8956	0	13502
gene-b3461	NC_000913.3	3599929	3600783	-	855	4068	2228	2238	4498	0	2869	5772	776	2694	0	2598
gene-b3462	NC_000913.3	3601028	3602086	-	1059	1423	964	946	1519	0	1360	1757	302	917	0	856
gene-b3463	NC_000913.3	3602079	3602747	-	669	1093	698	679	1026	0	976	1138	247	489	0	613
gene-b3464	NC_000913.3	3602750	3604243	-	1494	2518	1725	1410	2578	0	2263	2759	802	1185	0	1114
gene-b3465	NC_000913.3	3604393	3604989	+	597	499	310	312	654	0	428	657	157	397	0	452
gene-b3466	NC_000913.3	3604979	3605248	+	270	127	81	82	218	0	151	156	36	90	0	82
gene-b3467	NC_000913.3	3605251	3605610	-	360	495	243	263	538	0	428	509	88	262	0	262
gene-b3468	NC_000913.3	3605751	3606377	+	627	720	309	324	657	0	573	666	114	617	0	789
gene-b3469	NC_000913.3	3606451	3608649	+	2199	707	238	286	531	0	583	721	178	373	0	321
gene-b3470	NC_000913.3	3608751	3608996	-	246	312	246	256	372	0	398	401	66	215	0	288
gene-b3471	NC_000913.3	3609217	3609882	+	666	371	214	231	333	0	346	339	62	175	0	217
gene-b3472	NC_000913.3	3609955	3610512	+	558	2010	1045	993	1951	0	1603	2220	345	976	0	1186
gene-b3473	NC_000913.3	3610516	3611733	-	1218	376	305	232	446	0	385	458	123	269	0	252
gene-b3474	NC_000913.3	3611865	3612914	+	1050	80	106	78	144	0	144	155	30	132	0	93
gene-b3475	NC_000913.3	3612969	3613556	+	588	455	355	336	637	0	461	655	125	391	0	332
gene-b3476	NC_000913.3	3613667	3615241	+	1575	46	28	19	33	0	28	43	16	67	0	22
gene-b3477	NC_000913.3	3615241	3616185	+	945	30	19	16	25	0	16	30	15	59	0	18
gene-b3478	NC_000913.3	3616182	3617015	+	834	14	7	3	18	0	11	20	1	36	0	4
gene-b3479	NC_000913.3	3617015	3617779	+	765	18	18	23	49	0	17	21	2	40	0	14
gene-b3480	NC_000913.3	3617776	3618582	+	807	31	22	19	70	0	34	60	9	25	0	25
gene-b3481	NC_000913.3	3618588	3618989	+	402	281	168	147	420	0	314	408	74	232	0	258
gene-b3482	NC_000913.3	3619192	3623427	+	4236	77	131	104	99	0	71	162	27	239	0	132
gene-b3483	NC_000913.3	3623399	3623782	+	384	14	16	15	12	0	6	25	18	17	0	7
gene-b3484	NC_000913.3	3624378	3625514	+	1137	65	56	46	59	0	43	60	16	142	0	85
gene-b3485	NC_000913.3	3625679	3626803	-	1125	1059	597	576	958	0	734	829	152	545	0	595
gene-b3486	NC_000913.3	3626803	3629538	-	2736	2793	1526	1440	2620	0	1936	2302	504	1211	0	1797
gene-b3487	NC_000913.3	3629535	3630602	-	1068	1324	958	836	1332	0	1002	1066	337	463	0	734
gene-b4790	NC_000913.3	3630665	3630778	-	114	772	539	496	731	0	420	928	192	347	0	508
gene-b3488	NC_000913.3	3630968	3632590	-	1623	71	117	96	73	0	65	101	20	296	0	166
gene-b3491	NC_000913.3	3634841	3635893	+	1053	94	84	92	101	0	58	88	21	112	0	105
gene-b3492	NC_000913.3	3636208	3637410	-	1203	823	671	571	644	0	823	731	219	417	0	546
gene-b3493	NC_000913.3	3637642	3639141	+	1500	3611	3958	3875	3596	0	3334	4226	903	1862	0	2341
gene-b3494	NC_000913.3	3639385	3639720	-	336	198	456	354	229	0	197	359	65	359	0	219
gene-b3495	NC_000913.3	3640111	3640545	+	435	12551	7230	7445	8453	0	8404	9432	2483	5436	0	6106
gene-b4791	NC_000913.3	3640612	3640686	-	75	0	0	0	4	0	3	0	0	0	0	0
gene-b4792	NC_000913.3	3640643	3640696	-	54	1	1	1	0	0	0	2	0	2	0	1
gene-b3496	NC_000913.3	3640862	3642331	+	1470	143	181	146	117	0	151	143	47	139	0	142
gene-b3497	NC_000913.3	3642380	3643132	-	753	603	347	329	538	0	390	468	119	275	0	336
gene-b3498	NC_000913.3	3643140	3645182	-	2043	2976	2488	2407	3368	0	3229	3451	977	1963	0	3019
gene-b3499	NC_000913.3	3645385	3646227	+	843	1016	654	693	1067	0	883	1091	317	425	0	617
gene-b3500	NC_000913.3	3646299	3647651	+	1353	2196	2078	1909	2490	0	2221	2708	673	1038	0	1639
gene-b4613	NC_000913.3	3647705	3647788	-	84	1154	1645	1392	551	0	466	1967	324	2306	0	823
gene-b4712	NC_000913.3	3648063	3648144	+	82	90	95	86	85	0	27	150	27	53	0	49
gene-b4713	NC_000913.3	3648294	3648375	+	82	281	85	74	52	0	44	149	11	109	0	49
gene-b3501	NC_000913.3	3648528	3648881	+	354	72	81	46	47	0	56	100	13	42	0	62
gene-b3502	NC_000913.3	3648935	3650224	+	1290	144	118	109	145	0	132	132	27	103	0	86
gene-b3503	NC_000913.3	3650237	3650662	+	426	105	54	91	105	0	95	114	23	59	0	64
gene-b3505	NC_000913.3	3652182	3653162	-	981	54	70	87	20	0	39	58	21	0	0	0
gene-b3506	NC_000913.3	3653961	3654527	+	567	219	312	361	274	0	98	179	32	130	0	107
gene-b3507	NC_000913.3	3654683	3655213	+	531	21	20	34	33	0	6	27	10	26	0	10
gene-b3508	NC_000913.3	3655255	3655902	-	648	23	46	40	23	0	8	11	2	9	0	11
gene-b3509	NC_000913.3	3655966	3656292	-	327	185	486	566	196	0	131	136	54	90	0	121
gene-b3510	NC_000913.3	3656408	3656740	-	333	409	1539	1343	485	0	312	288	81	293	0	285
gene-b3511	NC_000913.3	3656995	3657567	+	573	120	274	262	79	0	65	64	20	85	0	53
gene-b4704	NC_000913.3	3657985	3658054	-	70	14	55	39	19	0	6	16	0	18	0	3
gene-b3512	NC_000913.3	3658366	3658893	+	528	24	113	121	25	0	22	36	4	43	0	24
gene-b4718	NC_000913.3	3658992	3659082	+	91	5	12	19	4	0	1	4	0	3	0	3
gene-b3513	NC_000913.3	3659232	3660389	+	1158	44	49	48	60	0	50	57	15	64	0	30
gene-b3514	NC_000913.3	3660414	3663527	+	3114	280	391	309	295	0	222	293	52	301	0	148
gene-b3515	NC_000913.3	3663890	3664618	-	729	1102	391	450	769	0	344	557	154	570	0	852
gene-b4452	NC_000913.3	3664864	3664969	+	106	123	34	27	113	0	22	72	17	55	0	30
gene-b3516	NC_000913.3	3664986	3665810	-	825	1303	627	634	1649	0	356	1132	246	601	0	602
gene-b3517	NC_000913.3	3666180	3667580	-	1401	64	193	197	61	0	45	59	12	57	0	30
gene-b3518	NC_000913.3	3667791	3669188	-	1398	112	119	101	56	0	91	78	11	114	0	80
gene-b3519	NC_000913.3	3669592	3671241	+	1650	266	346	390	385	0	407	268	63	209	0	200
gene-b3520	NC_000913.3	3671292	3671894	-	603	113	165	115	132	0	109	74	20	106	0	71
gene-b3521	NC_000913.3	3672414	3673313	+	900	311	273	246	332	0	218	359	58	276	0	279
gene-b3522	NC_000913.3	3673362	3674375	+	1014	259	309	353	358	0	380	342	52	310	0	316
gene-b3523	NC_000913.3	3674786	3676108	+	1323	10175	8075	7759	9852	0	10516	11225	2762	6464	0	10176
gene-b3524	NC_000913.3	3676290	3678350	-	2061	264	1788	1818	308	0	2276	326	90	376	0	352
gene-b3525	NC_000913.3	3678420	3679187	-	768	16	5215	5507	20	0	8129	37	12	58	0	50
gene-b3526	NC_000913.3	3679419	3680348	+	930	936	1061	1064	1178	0	1401	1341	283	330	0	410
gene-b3527	NC_000913.3	3680444	3681940	-	1497	1101	1002	843	777	0	831	983	316	809	0	775
gene-b3528	NC_000913.3	3682161	3683447	-	1287	1159	1292	1184	1243	0	1335	1632	402	1428	0	2478
gene-b3529	NC_000913.3	3683630	3685618	-	1989	556	640	553	578	0	605	754	176	455	0	560
gene-b3530	NC_000913.3	3685700	3689173	-	3474	548	668	482	552	0	625	582	128	1740	0	1730
gene-b3531	NC_000913.3	3689155	3690261	-	1107	83	99	82	81	0	82	96	11	427	0	421
gene-b3532	NC_000913.3	3690268	3692607	-	2340	208	202	233	220	0	238	242	51	1054	0	1278
gene-b3533	NC_000913.3	3692618	3695236	-	2619	194	222	238	156	0	192	134	29	1210	0	935
gene-b3535	NC_000913.3	3695997	3696185	-	189	409	476	417	327	0	342	252	63	488	0	286
gene-b3536	NC_000913.3	3696458	3698029	+	1572	1421	1630	1577	1902	0	1707	1070	365	597	0	321
gene-b3537	NC_000913.3	3698026	3698217	+	192	36	60	52	83	0	77	13	3	6	0	3
gene-b3538	NC_000913.3	3698214	3699893	+	1680	798	1009	909	864	0	925	537	148	116	0	50
gene-b4453	NC_000913.3	3699980	3700087	-	108	49	251	161	122	0	81	93	16	94	0	35
gene-b4454	NC_000913.3	3700136	3700199	+	64	112	172	145	83	0	53	104	16	82	0	21
gene-b3539	NC_000913.3	3700563	3701834	+	1272	558	377	403	512	0	442	389	178	426	0	470
gene-b3540	NC_000913.3	3701864	3702868	-	1005	1035	934	833	986	0	1415	1135	337	455	0	917
gene-b3541	NC_000913.3	3702865	3703848	-	984	1025	907	786	828	0	1391	941	340	405	0	811
gene-b3542	NC_000913.3	3703859	3704761	-	903	685	636	591	601	0	856	808	193	290	0	645
gene-b3543	NC_000913.3	3704771	3705790	-	1020	693	668	593	490	0	711	557	280	246	0	565
gene-b3544	NC_000913.3	3706098	3707705	-	1608	13642	11912	11514	10663	0	16388	11825	4460	7262	0	10627
gene-b3545	NC_000913.3	3708616	3708692	-	77	40	37	33	40	0	10	51	4	16	0	11
gene-b3546	NC_000913.3	3708784	3710475	-	1692	586	531	444	562	0	348	658	153	420	0	376
gene-b3547	NC_000913.3	3710799	3712007	-	1209	52	122	86	38	0	67	77	14	66	0	55
gene-b3548	NC_000913.3	3712236	3712934	-	699	228	432	453	324	0	285	389	95	478	0	317
gene-b3549	NC_000913.3	3713092	3713655	+	564	367	280	305	318	0	383	306	110	171	0	216
gene-b3550	NC_000913.3	3713652	3714092	+	441	126	133	90	162	0	157	117	37	80	0	95
gene-b3551	NC_000913.3	3714061	3716394	-	2334	1305	1266	1273	1223	0	1500	1566	315	866	0	985
gene-b3552	NC_000913.3	3716547	3717206	+	660	291	251	247	352	0	362	394	74	184	0	218
gene-b3553	NC_000913.3	3717310	3718284	+	975	3286	2299	2625	3113	0	3427	3301	910	1523	0	2012
gene-b3554	NC_000913.3	3718334	3719044	-	711	2314	2638	2663	2923	0	2500	3199	576	1930	0	2102
gene-b3555	NC_000913.3	3719478	3719768	+	291	50	674	763	288	0	646	271	52	400	0	202
gene-b3556	NC_000913.3	3720049	3720261	+	213	1394	2547	2758	2136	0	1459	4623	1059	4999	0	1117
gene-b4793	NC_000913.3	3720400	3720471	+	72	0	0	0	1	0	0	2	1	0	0	0
gene-b4455	NC_000913.3	3720448	3720600	-	153	5	5	1	9	0	0	3	0	26	0	6
gene-b3557	NC_000913.3	3720680	3721201	+	522	56	83	55	74	0	60	73	15	319	0	0
gene-b3558	NC_000913.3	3721198	3722049	+	852	141	100	77	106	0	61	151	38	2377	0	0
gene-b3559	NC_000913.3	3722328	3724397	-	2070	9386	7651	7830	11772	0	10728	12386	2972	4125	0	6600
gene-b3560	NC_000913.3	3724407	3725318	-	912	4964	4046	4126	5918	0	5665	5987	1755	2046	0	3592
gene-b4553	NC_000913.3	3725413	3725712	-	300	41	52	62	37	0	41	24	14	41	0	55
gene-b3561	NC_000913.3	3725887	3726882	+	996	126	151	159	135	0	125	86	18	229	0	198
gene-b3562	NC_000913.3	3726924	3727361	-	438	36	35	19	22	0	4	14	2	33	0	26
gene-b3563	NC_000913.3	3727407	3727748	-	342	11	5	9	10	0	10	9	4	21	0	14
gene-b3564	NC_000913.3	3727917	3729371	-	1455	107	140	111	108	0	135	147	36	110	0	82
gene-b4834	NC_000913.3	3729386	3729545	-	160	0	0	0	1	0	0	0	0	0	0	0
gene-b3565	NC_000913.3	3729443	3730765	-	1323	152	141	142	144	0	106	180	38	167	0	123
gene-b3566	NC_000913.3	3731131	3732123	+	993	101	49	36	64	0	50	43	15	61	0	82
gene-b3567	NC_000913.3	3732201	3733742	+	1542	427	400	361	422	0	308	294	62	167	0	149
gene-b3568	NC_000913.3	3733720	3734901	+	1182	81	103	83	116	0	99	82	16	91	0	81
gene-b3569	NC_000913.3	3734979	3736157	+	1179	437	348	332	443	0	390	468	111	314	0	309
gene-b3570	NC_000913.3	3736353	3737177	-	825	2720	3282	3434	3303	0	3157	3240	536	3299	0	3279
gene-b4794	NC_000913.3	3737177	3737203	-	27	3	8	5	49	0	53	4	5	9	0	2
gene-b3571	NC_000913.3	3737497	3739527	+	2031	295	333	270	335	0	260	328	78	270	0	205
gene-b3572	NC_000913.3	3739705	3740958	+	1254	3846	3102	2913	3845	0	3700	4666	1242	1973	0	2467
gene-b3573	NC_000913.3	3741109	3741582	-	474	277	175	195	269	0	213	424	76	192	0	188
gene-b3574	NC_000913.3	3741684	3742532	-	849	705	702	673	745	0	802	868	251	578	0	723
gene-b3575	NC_000913.3	3742733	3743731	+	999	29	21	29	63	0	22	29	6	52	0	31
gene-b3576	NC_000913.3	3743743	3744210	+	468	6	9	9	6	0	9	4	0	6	0	14
gene-b3577	NC_000913.3	3744328	3744801	+	474	8	13	13	4	0	0	9	4	10	0	8
gene-b3578	NC_000913.3	3744804	3746081	+	1278	24	38	37	37	0	24	30	6	31	0	18
gene-b3579	NC_000913.3	3746094	3747080	+	987	9	5	13	11	0	8	6	8	19	0	15
gene-b3580	NC_000913.3	3747084	3748580	+	1497	42	39	56	41	0	39	63	17	54	0	34
gene-b3581	NC_000913.3	3748577	3749239	+	663	23	7	16	26	0	14	18	2	28	0	13
gene-b3582	NC_000913.3	3749232	3750092	+	861	25	15	19	20	0	31	28	4	38	0	35
gene-b3583	NC_000913.3	3750086	3750781	+	696	52	67	43	62	0	49	63	12	62	0	36
gene-b3584	NC_000913.3	3751128	3751868	-	741	61	50	53	44	0	39	48	6	69	0	33
gene-b3585	NC_000913.3	3751992	3752966	+	975	110	125	102	72	0	80	92	32	123	0	109
gene-b3586	NC_000913.3	3752963	3754099	-	1137	49	43	37	41	0	44	35	5	73	0	27
gene-b3587	NC_000913.3	3754105	3754428	-	324	17	8	14	8	0	1	2	0	19	0	6
gene-b3588	NC_000913.3	3754973	3756511	-	1539	38	75	78	87	0	73	79	22	182	0	97
gene-b3589	NC_000913.3	3756676	3757827	-	1152	7	21	23	23	0	22	28	0	37	0	51
gene-b3590	NC_000913.3	3758017	3759861	-	1845	2103	1462	1339	2206	0	2060	2208	664	975	0	1430
gene-b3591	NC_000913.3	3759858	3761249	-	1392	1299	794	768	1480	0	1120	1462	416	648	0	864
gene-b3592	NC_000913.3	3761347	3761955	-	609	441	430	425	572	0	436	471	82	403	0	463
gene-b3593	NC_000913.3	3762183	3766316	+	4134	74	76	86	97	0	69	98	18	172	0	112
gene-b3594	NC_000913.3	3766337	3767179	+	843	172	88	105	121	0	152	158	47	180	0	160
gene-b3596	NC_000913.3	3768177	3768638	+	462	26	18	19	19	0	19	20	8	40	0	15
gene-b4615	NC_000913.3	3769345	3769680	+	336	7	7	3	9	0	5	4	0	12	0	4
gene-b3597	NC_000913.3	3770243	3771379	-	1137	61	66	70	63	0	87	96	14	128	0	79
gene-b3598	NC_000913.3	3771382	3771744	-	363	27	36	59	43	0	46	34	8	61	0	58
gene-b3599	NC_000913.3	3772281	3774194	+	1914	1374	837	749	1160	0	1187	1404	343	525	0	633
gene-b3600	NC_000913.3	3774424	3775572	+	1149	1337	823	801	1494	0	1169	1694	402	728	0	853
gene-b3601	NC_000913.3	3775572	3776159	+	588	539	346	326	773	0	556	618	84	416	0	495
gene-b4554	NC_000913.3	3776171	3776380	-	210	390	263	267	376	0	265	373	91	206	0	159
gene-b3602	NC_000913.3	3776665	3777027	+	363	1678	669	751	1551	0	1143	1825	302	937	0	828
gene-b3603	NC_000913.3	3777399	3779054	+	1656	605	259	236	581	0	398	564	152	305	0	403
gene-b3604	NC_000913.3	3779054	3779830	+	777	173	60	74	155	0	149	126	53	115	0	102
gene-b3605	NC_000913.3	3779827	3781017	+	1191	352	165	159	328	0	316	395	98	235	0	281
gene-b3606	NC_000913.3	3781215	3781688	+	474	227	140	148	270	0	268	304	80	245	0	338
gene-b3607	NC_000913.3	3781741	3782562	-	822	1518	1004	926	1646	0	1720	1705	420	1321	0	1666
gene-b3608	NC_000913.3	3782642	3783661	-	1020	2389	1634	1651	2266	0	3608	2226	481	1596	0	2269
gene-b3609	NC_000913.3	3783661	3784128	-	468	3839	2375	2467	4778	0	5411	4705	977	2271	0	3626
gene-b3610	NC_000913.3	3784191	3784442	-	252	2345	1289	1314	2967	0	3045	2854	724	1274	0	1780
gene-b3611	NC_000913.3	3784584	3785015	-	432	3099	2296	2224	3530	0	3026	4311	840	2132	0	2479
gene-b3612	NC_000913.3	3785260	3786804	+	1545	5405	3332	3359	7685	0	6699	6938	1951	1684	0	3500
gene-b3613	NC_000913.3	3786838	3788097	+	1260	2213	1078	1147	2642	0	2238	2665	533	1424	0	1492
gene-b3614	NC_000913.3	3788101	3789060	+	960	406	319	248	506	0	498	483	110	369	0	387
gene-b3615	NC_000913.3	3789047	3790081	-	1035	34	28	39	47	0	50	39	12	53	0	66
gene-b3616	NC_000913.3	3790320	3791345	-	1026	880	330	402	692	0	521	719	177	219	0	222
gene-b3617	NC_000913.3	3791355	3792551	-	1197	588	229	200	440	0	447	518	144	232	0	200
gene-b3618	NC_000913.3	3792826	3793683	-	858	985	553	625	888	0	771	1032	314	0	0	0
gene-b3619	NC_000913.3	3793987	3794919	+	933	6335	1731	1824	4937	0	3848	5273	1407	1659	0	2763
gene-b3620	NC_000913.3	3794929	3795975	+	1047	1884	630	664	1879	0	1729	1647	522	665	0	1136
gene-b3621	NC_000913.3	3795979	3796938	+	960	909	455	438	727	0	878	628	234	402	0	643
gene-b3622	NC_000913.3	3796948	3798207	+	1260	572	329	406	639	0	673	625	408	0	0	0
gene-b4795	NC_000913.3	3797772	3798014	-	243	0	0	0	0	0	0	0	0	0	0	0
gene-b4796	NC_000913.3	3798039	3798149	-	111	0	0	0	0	0	0	0	0	0	0	0
gene-b3623	NC_000913.3	3798239	3799312	-	1074	704	439	498	1097	0	605	957	450	0	0	0
gene-b3624	NC_000913.3	3799345	3800196	-	852	434	294	368	838	0	473	693	201	0	0	0
gene-b3625	NC_000913.3	3800267	3800965	-	699	565	327	400	837	0	643	772	241	0	0	0
gene-b3626	NC_000913.3	3800983	3801999	-	1017	776	543	666	1353	0	824	1218	376	0	0	0
gene-b3627	NC_000913.3	3802039	3803058	-	1020	778	443	529	1253	0	848	942	409	0	0	0
gene-b3628	NC_000913.3	3803058	3804137	-	1080	755	605	581	1147	0	919	959	231	0	0	0
gene-b3629	NC_000913.3	3804181	3805116	-	936	377	433	549	918	0	433	865	399	0	0	0
gene-b3630	NC_000913.3	3805153	3805950	-	798	640	310	361	673	0	590	588	172	118	0	39
gene-b3631	NC_000913.3	3805943	3807067	-	1125	882	442	478	877	0	783	756	218	211	0	220
gene-b3632	NC_000913.3	3807064	3808098	-	1035	1084	531	550	1211	0	1028	1056	273	207	0	337
gene-b4760	NC_000913.3	3808166	3808238	-	73	56	51	59	103	0	122	48	3	153	0	121
gene-b3633	NC_000913.3	3808540	3809817	+	1278	1563	858	826	1567	0	1492	1289	254	1029	0	1398
gene-b3634	NC_000913.3	3809825	3810304	+	480	515	328	304	555	0	460	454	72	257	0	394
gene-b3635	NC_000913.3	3810343	3811152	-	810	584	153	133	311	0	246	305	99	208	0	266
gene-b3636	NC_000913.3	3811250	3811417	-	168	5528	5813	5989	9699	0	8316	7145	1410	6230	0	7081
gene-b3637	NC_000913.3	3811438	3811674	-	237	30397	18567	18502	26063	0	25234	34584	5307	20410	0	22709
gene-b3638	NC_000913.3	3811891	3812559	-	669	1655	1262	1213	1480	0	1322	2244	337	1736	0	1860
gene-b3639	NC_000913.3	3812731	3813951	+	1221	2471	1134	1094	2251	0	2138	2397	624	1135	0	1562
gene-b3640	NC_000913.3	3813929	3814387	+	459	2119	1080	1117	2008	0	1740	2000	529	1011	0	1220
gene-b3641	NC_000913.3	3814494	3815090	+	597	1890	1023	923	2086	0	1688	2202	469	853	0	1138
gene-b3642	NC_000913.3	3815127	3815768	-	642	248	365	426	708	0	795	801	202	381	0	647
gene-b3643	NC_000913.3	3815863	3816549	-	687	1113	570	596	700	0	661	1246	226	703	0	949
gene-b3644	NC_000913.3	3816676	3817539	+	864	2199	958	965	2247	0	1959	2513	515	961	0	1429
gene-b3645	NC_000913.3	3817760	3818584	+	825	162	57	68	106	0	67	144	45	114	0	97
gene-b3646	NC_000913.3	3818874	3819491	+	618	52	37	38	60	0	30	72	15	58	0	50
gene-b3647	NC_000913.3	3819488	3821170	-	1683	95	76	96	107	0	153	130	24	144	0	96
gene-b3648	NC_000913.3	3821428	3822051	+	624	2417	1595	1603	2847	0	2775	2762	639	1683	0	1638
gene-b3649	NC_000913.3	3822106	3822381	+	276	3067	2155	2075	4057	0	3576	3927	591	1872	0	2089
gene-b3650	NC_000913.3	3822400	3824508	+	2109	4778	3211	3159	5755	0	6789	5974	1470	3461	0	5409
gene-b3651	NC_000913.3	3824515	3825204	+	690	624	526	543	698	0	1039	737	161	583	0	811
gene-b3652	NC_000913.3	3825210	3827291	+	2082	1002	848	758	1056	0	1688	1155	291	1299	0	1722
gene-b3653	NC_000913.3	3827460	3828665	-	1206	606	216	189	514	0	211	684	122	322	0	278
gene-b3654	NC_000913.3	3828945	3830336	+	1392	3121	3083	3135	4068	0	4666	5270	910	3272	0	4246
gene-b3655	NC_000913.3	3830457	3832166	+	1710	1606	1006	928	1771	0	1364	1947	352	1069	0	1161
gene-b3656	NC_000913.3	3832219	3834537	-	2319	232	175	185	233	0	218	254	72	196	0	147
gene-b3657	NC_000913.3	3834547	3835929	-	1383	57	38	29	67	0	59	51	9	58	0	56
gene-b3658	NC_000913.3	3836222	3836316	+	95	182	111	103	141	0	141	172	16	219	0	171
gene-b3659	NC_000913.3	3836953	3838137	+	1185	46	37	11	44	0	11	49	2	51	0	26
gene-b3660	NC_000913.3	3838248	3839171	+	924	434	235	268	503	0	415	231	66	291	0	325
gene-b4797	NC_000913.3	3838642	3838701	-	60	0	0	0	0	0	0	0	0	0	0	0
gene-b3661	NC_000913.3	3839175	3839993	-	819	4082	2131	2390	4928	0	3681	2740	725	2353	0	3082
gene-b4555	NC_000913.3	3840215	3840508	+	294	53	28	46	50	0	49	29	10	91	0	56
gene-b3662	NC_000913.3	3840549	3841739	-	1191	265	198	154	250	0	207	281	66	148	0	113
gene-b3663	NC_000913.3	3841950	3842402	-	453	189	107	117	172	0	162	183	26	179	0	187
gene-b3664	NC_000913.3	3842455	3843789	-	1335	29	24	30	37	0	26	21	8	74	0	38
gene-b3665	NC_000913.3	3843964	3845730	+	1767	498	265	225	429	0	363	277	62	349	0	536
gene-b4829	NC_000913.3	3845730	3845995	-	266	0	0	0	0	0	0	0	0	0	0	0
gene-b3666	NC_000913.3	3845776	3847167	-	1392	25	19	16	25	0	26	33	5	78	0	38
gene-b3667	NC_000913.3	3847305	3848624	-	1320	259	180	169	158	0	207	207	45	164	0	192
gene-b3668	NC_000913.3	3848634	3850136	-	1503	506	284	269	543	0	373	578	92	199	0	255
gene-b3669	NC_000913.3	3850136	3850726	-	591	1126	527	618	1355	0	931	1443	242	191	0	283
gene-b3670	NC_000913.3	3850802	3851092	-	291	612	493	577	528	0	1029	528	148	411	0	599
gene-b3671	NC_000913.3	3851096	3852784	-	1689	5796	3865	3857	4317	0	7427	4631	1440	2617	0	4503
gene-b3672	NC_000913.3	3852890	3852988	-	99	3174	5210	3754	2721	0	3455	3966	531	14411	0	3622
gene-b4616	NC_000913.3	3853118	3853257	-	140	26	10	3	7	0	14	16	0	15	0	12
gene-b4618	NC_000913.3	3853553	3853642	+	90	451	184	166	360	0	223	481	60	1133	0	1057
gene-b4798	NC_000913.3	3853766	3853840	-	75	2	4	2	3	0	1	2	0	2	0	0
gene-b3673	NC_000913.3	3853922	3855106	+	1185	18	12	20	20	0	24	28	7	52	0	22
gene-b3674	NC_000913.3	3855114	3855611	-	498	38	35	40	58	0	43	68	5	90	0	60
gene-b3675	NC_000913.3	3855608	3855970	-	363	34	48	27	90	0	56	52	17	92	0	60
gene-b3676	NC_000913.3	3855960	3856307	-	348	132	123	94	172	0	98	138	13	167	0	175
gene-b3677	NC_000913.3	3856415	3856864	+	450	93	80	94	136	0	142	140	33	31	0	26
gene-b3678	NC_000913.3	3856911	3858404	-	1494	98	37	45	84	0	78	76	21	0	0	0
gene-b3679	NC_000913.3	3858401	3860116	-	1716	56	29	31	39	0	34	63	8	0	0	0
gene-b3680	NC_000913.3	3860283	3861176	+	894	121	88	55	119	0	57	69	27	31	0	15
gene-b3682	NC_000913.3	3861987	3862472	-	486	17	17	11	31	0	31	17	6	20	0	10
gene-b3683	NC_000913.3	3862497	3863603	-	1107	58	29	21	39	0	40	44	4	47	0	22
gene-b3684	NC_000913.3	3863899	3864615	+	717	28	20	19	32	0	33	52	10	67	0	35
gene-b3685	NC_000913.3	3864612	3866273	-	1662	953	648	625	1071	0	846	1043	244	769	0	840
gene-b3686	NC_000913.3	3866469	3866897	-	429	412	133	135	327	0	212	321	56	334	0	415
gene-b3687	NC_000913.3	3867009	3867422	-	414	1353	1030	971	1246	0	1243	1804	333	1558	0	2048
gene-b3688	NC_000913.3	3867728	3868060	+	333	642	549	542	721	0	606	806	138	614	0	589
gene-b3689	NC_000913.3	3868062	3869309	-	1248	478	350	309	701	0	484	726	123	303	0	358
gene-b3690	NC_000913.3	3869377	3870441	+	1065	42	34	32	53	0	41	87	6	84	0	75
gene-b3691	NC_000913.3	3870438	3871730	-	1293	78	41	53	79	0	42	86	24	64	0	35
gene-b4478	NC_000913.3	3871850	3872998	-	1149	82	43	39	65	0	60	87	15	70	0	44
gene-b4477	NC_000913.3	3872995	3873612	-	618	27	17	7	34	0	13	33	3	35	0	22
gene-b3693	NC_000913.3	3873596	3874474	-	879	95	39	41	110	0	108	107	23	58	0	61
gene-b4479	NC_000913.3	3874471	3875160	-	690	209	109	98	242	0	256	261	64	155	0	197
gene-b3696	NC_000913.3	3875438	3876094	+	657	193	199	190	271	0	250	328	31	243	0	186
gene-b3697	NC_000913.3	3876140	3876952	-	813	1236	710	662	1185	0	1277	1523	340	557	0	706
gene-b3698	NC_000913.3	3877067	3877465	-	399	290	212	214	254	0	323	322	80	398	0	410
gene-b3699	NC_000913.3	3877705	3880119	-	2415	7025	3448	3326	6245	0	6177	6886	1916	3630	0	5065
gene-b3700	NC_000913.3	3880148	3881221	-	1074	977	329	337	819	0	709	905	242	492	0	592
gene-b3701	NC_000913.3	3881221	3882321	-	1101	2091	1139	1054	2368	0	1826	2578	504	1155	0	1351
gene-b3702	NC_000913.3	3882326	3883729	-	1404	3591	1905	1914	3880	0	3058	4574	820	2295	0	2782
gene-b4757	NC_000913.3	3884026	3884106	+	81	40	51	46	35	0	40	79	10	61	0	34
gene-b3703	NC_000913.3	3884336	3884476	+	141	9753	7437	7428	10916	0	9763	14551	1503	8671	0	9529
gene-b3704	NC_000913.3	3884493	3884852	+	360	1241	1274	1302	2419	0	2659	1806	376	887	0	1538
gene-b4557	NC_000913.3	3884816	3885073	+	258	337	351	390	571	0	829	420	117	304	0	392
gene-b3705	NC_000913.3	3885076	3886722	+	1647	8759	6613	6829	10982	0	11729	12209	2822	6394	0	10348
gene-b3706	NC_000913.3	3886828	3888192	+	1365	2008	709	732	1637	0	1264	1774	481	802	0	1078
gene-b3707	NC_000913.3	3888435	3888509	+	75	88	16	14	39	0	21	39	3	49	0	62
gene-b3708	NC_000913.3	3888730	3890145	+	1416	325	69	71	210	0	106	116	43	148	0	112
gene-b3709	NC_000913.3	3890236	3891483	+	1248	77	50	40	47	0	41	46	7	79	0	76
gene-b3710	NC_000913.3	3891615	3892790	+	1176	61	66	67	67	0	77	102	34	75	0	81
gene-b3711	NC_000913.3	3892765	3893724	+	960	243	215	185	330	0	237	310	73	239	0	192
gene-b3712	NC_000913.3	3893881	3894630	+	750	428	208	244	413	0	284	354	98	292	0	330
gene-b3713	NC_000913.3	3894652	3895218	+	567	477	343	376	515	0	465	589	89	532	0	547
gene-b3714	NC_000913.3	3895272	3896609	-	1338	4414	2999	2738	5757	0	4724	5770	1215	3284	0	5395
gene-b3715	NC_000913.3	3896774	3897439	+	666	513	366	308	556	0	448	494	99	384	0	449
gene-b3716	NC_000913.3	3897506	3897973	+	468	153	135	125	185	0	173	147	24	138	0	131
gene-b3717	NC_000913.3	3898022	3898609	+	588	199	121	115	208	0	167	171	20	346	0	300
gene-b3718	NC_000913.3	3898671	3899393	-	723	83	53	42	119	0	57	74	19	66	0	82
gene-b3719	NC_000913.3	3899408	3900577	-	1170	73	38	43	56	0	43	53	9	58	0	55
gene-b3720	NC_000913.3	3900604	3902220	-	1617	70	36	59	53	0	35	23	4	65	0	36
gene-b3721	NC_000913.3	3902289	3903701	-	1413	35	37	17	37	0	27	41	4	62	0	33
gene-b3722	NC_000913.3	3903720	3905597	-	1878	901	491	474	726	0	619	902	184	98	0	62
gene-b3723	NC_000913.3	3905731	3906567	-	837	57	14	14	17	0	14	30	4	28	0	12
gene-b3724	NC_000913.3	3906853	3907578	-	726	680	498	483	869	0	892	753	183	450	0	752
gene-b3725	NC_000913.3	3907593	3908366	-	774	759	425	485	935	0	1089	894	227	429	0	568
gene-b3726	NC_000913.3	3908549	3909439	-	891	452	349	383	468	0	549	569	166	297	0	400
gene-b3727	NC_000913.3	3909439	3910398	-	960	478	433	393	573	0	710	526	134	354	0	473
gene-b3728	NC_000913.3	3910485	3911525	-	1041	1567	1183	1269	1766	0	2123	1694	414	1037	0	1445
gene-b3729	NC_000913.3	3911839	3913668	-	1830	8244	7081	7034	10249	0	13430	12623	2787	7728	0	10995
gene-b3730	NC_000913.3	3913830	3915200	-	1371	5510	4729	4367	6850	0	6733	8623	1728	4535	0	6193
gene-b3731	NC_000913.3	3915553	3915972	-	420	15174	7226	7020	13226	0	11989	11166	1919	9231	0	11747
gene-b3732	NC_000913.3	3915993	3917375	-	1383	44128	17921	19092	36943	0	36750	28402	6597	20613	0	36372
gene-b3733	NC_000913.3	3917402	3918265	-	864	29720	10308	10685	24247	0	26544	17212	5846	14745	0	24573
gene-b3734	NC_000913.3	3918316	3919857	-	1542	54256	21404	21984	50359	0	47915	36274	9395	24168	0	47243
gene-b3735	NC_000913.3	3919870	3920403	-	534	14035	6040	6195	16096	0	14049	10930	2454	6394	0	12243
gene-b3736	NC_000913.3	3920418	3920888	-	471	22899	10492	10568	23778	0	21274	16224	4497	11834	0	17897
gene-b3737	NC_000913.3	3920950	3921189	-	240	17861	8797	8858	17753	0	17487	11921	2227	11522	0	15667
gene-b3738	NC_000913.3	3921236	3922051	-	816	18771	10049	9689	19639	0	17529	13651	3660	11072	0	16567
gene-b3739	NC_000913.3	3922060	3922440	-	381	5091	4018	3784	5367	0	4234	4014	788	4431	0	4351
gene-b3740	NC_000913.3	3923057	3923680	-	624	769	478	468	988	0	656	945	209	533	0	622
gene-b3741	NC_000913.3	3923744	3925633	-	1890	4144	2103	1931	3914	0	3795	4332	929	2059	0	2740
gene-b3742	NC_000913.3	3926012	3926455	-	444	2632	2241	2112	2763	0	2283	3104	620	2779	0	1962
gene-b3743	NC_000913.3	3926545	3927003	-	459	182	103	111	214	0	188	255	44	117	0	164
gene-b3744	NC_000913.3	3927155	3928147	+	993	1169	878	722	896	0	1199	1229	247	979	0	1703
gene-b3745	NC_000913.3	3928152	3929603	-	1452	422	330	308	559	0	518	511	107	473	0	414
gene-b3746	NC_000913.3	3929597	3931093	-	1497	613	342	419	735	0	755	732	156	490	0	639
gene-b3747	NC_000913.3	3931316	3933184	+	1869	836	574	483	828	0	871	889	213	637	0	802
gene-b3748	NC_000913.3	3933351	3933770	+	420	838	2409	1398	852	0	740	1189	587	13208	0	9019
gene-b3749	NC_000913.3	3933778	3935283	+	1506	541	427	513	711	0	623	851	181	2941	0	4623
gene-b3750	NC_000913.3	3935288	3936253	+	966	377	327	380	596	0	671	625	125	1855	0	3064
gene-b3751	NC_000913.3	3936278	3937168	+	891	609	577	607	968	0	867	1006	228	2660	0	6445
gene-b4804	NC_000913.3	3937045	3937278	+	234	58	28	22	125	0	120	21	0	80	0	115
gene-b3752	NC_000913.3	3937294	3938223	+	930	704	405	352	861	0	763	885	256	1273	0	2431
gene-b3753	NC_000913.3	3938227	3939219	+	993	232	144	147	256	0	224	266	66	563	0	976
gene-b3754	NC_000913.3	3939185	3940612	-	1428	208	219	162	273	0	261	287	56	288	0	230
gene-b3755	NC_000913.3	3940635	3941327	-	693	804	536	466	825	0	853	943	247	435	0	538
gene-b3756	NC_000913.3	3941808	3943349	+	1542	17	1730	42	148	0	20	113	51335	8	0	20
gene-b3757	NC_000913.3	3943435	3943510	+	76	387	708	513	8	0	3	746	38	7	0	2
gene-b3758	NC_000913.3	3943704	3946607	+	2904	70	4373	311	449	0	91	374	154678	114	0	124
gene-b3759	NC_000913.3	3946700	3946819	+	120	2	1	1	0	0	2	6	6	6	0	4
gene-b3760	NC_000913.3	3946872	3946948	+	77	15	600	416	383	0	356	7	0	2	0	16
gene-b3761	NC_000913.3	3946957	3947032	+	76	37	14	13	162	0	127	17	2	28	0	14
gene-b4480	NC_000913.3	3947128	3947967	-	840	598	330	317	521	0	430	617	168	340	0	343
gene-b3764	NC_000913.3	3948086	3948424	+	339	5530	4529	4206	7147	0	5747	8312	834	4004	0	4192
gene-b3765	NC_000913.3	3948449	3949969	-	1521	318	114	113	253	0	189	267	67	165	0	158
gene-b3766	NC_000913.3	3950322	3950420	+	99	6755	3351	2485	4260	0	5057	6767	639	3742	0	2640
gene-b4669	NC_000913.3	3950507	3950557	+	51	1358	1072	958	916	0	1859	1131	252	302	0	708
gene-b3769	NC_000913.3	3952201	3952464	+	264	152	98	121	191	0	238	178	67	725	0	1127
gene-b3770	NC_000913.3	3952484	3953413	+	930	3205	1200	1201	2682	0	3302	2726	820	3377	0	7523
gene-b3771	NC_000913.3	3953478	3955328	+	1851	3050	1284	1264	2321	0	2728	2380	899	4322	0	8781
gene-b3772	NC_000913.3	3955331	3956875	+	1545	1830	832	836	1542	0	1663	1846	408	3091	0	5494
gene-b3773	NC_000913.3	3956927	3957820	-	894	216	154	131	253	0	224	242	57	164	0	178
gene-b3774	NC_000913.3	3957970	3959445	+	1476	62680	37546	39954	62234	0	79637	74650	17579	16250	0	27618
gene-b3775	NC_000913.3	3959532	3959813	-	282	1393	504	599	1167	0	829	1122	255	589	0	679
gene-b3778	NC_000913.3	3960677	3962698	+	2022	1281	708	738	1388	0	1304	1462	384	845	0	1009
gene-b3779	NC_000913.3	3962745	3964229	-	1485	2421	1471	1528	2614	0	2582	2845	575	1835	0	2385
gene-b3780	NC_000913.3	3964365	3965630	-	1266	5864	3804	3747	7203	0	7144	8124	1815	3885	0	5296
gene-b3781	NC_000913.3	3965761	3966090	+	330	7629	7571	7738	8123	0	6961	11044	1612	7396	0	6227
gene-b3782	NC_000913.3	3966231	3966332	+	102	2951	2224	2244	2818	0	3406	2872	1062	3106	0	2189
gene-b3783	NC_000913.3	3966417	3967676	+	1260	10132	6109	6353	10213	0	12289	11080	2762	6007	0	8230
gene-b3784	NC_000913.3	3967916	3969019	+	1104	2277	1474	1494	2385	0	1982	2628	589	1370	0	1546
gene-b3785	NC_000913.3	3969031	3970077	+	1047	1387	1069	1066	1771	0	1380	1706	328	844	0	1038
gene-b3786	NC_000913.3	3970133	3971263	+	1131	1388	778	780	1685	0	1448	1672	437	821	0	1111
gene-b3787	NC_000913.3	3971260	3972522	+	1263	1381	717	701	1751	0	1458	1667	358	801	0	1150
gene-b3788	NC_000913.3	3972522	3973589	+	1068	1179	599	633	1352	0	1144	1338	342	639	0	1007
gene-b3789	NC_000913.3	3973608	3974489	+	882	674	389	417	872	0	790	845	172	395	0	549
gene-b3790	NC_000913.3	3974467	3975141	+	675	281	167	197	380	0	393	416	101	184	0	201
gene-b3791	NC_000913.3	3975146	3976276	+	1131	777	445	498	1002	0	828	948	259	302	0	373
gene-b3792	NC_000913.3	3976278	3977528	+	1251	499	328	355	501	0	487	568	91	325	0	371
gene-b4481	NC_000913.3	3977525	3978604	+	1080	571	357	338	561	0	546	650	89	353	0	432
gene-b3793	NC_000913.3	3978601	3979953	+	1353	305	221	222	372	0	397	369	88	273	0	289
gene-b3794	NC_000913.3	3979956	3980696	+	741	394	353	359	479	0	438	584	106	315	0	335
gene-b3795	NC_000913.3	3980887	3982272	+	1386	1585	1341	1232	1617	0	2003	1971	593	1257	0	1625
gene-b3796	NC_000913.3	3982375	3982451	+	77	621	3730	2942	4706	0	3381	1807	69	528	0	583
gene-b3797	NC_000913.3	3982509	3982585	+	77	537	2253	1814	2503	0	2028	792	90	853	0	627
gene-b3798	NC_000913.3	3982606	3982692	+	87	535	3199	2763	2683	0	1945	1159	82	957	0	403
gene-b3799	NC_000913.3	3982735	3982811	+	77	81	120	93	264	0	145	100	4	45	0	37
gene-b3800	NC_000913.3	3982958	3984193	+	1236	127	34	44	95	0	45	108	14	106	0	68
gene-b3801	NC_000913.3	3984352	3986007	-	1656	234	118	98	214	0	126	176	24	47	0	27
gene-b4456	NC_000913.3	3986432	3986603	+	172	7464	6306	4945	6504	0	4830	6482	591	15062	0	7161
gene-b3802	NC_000913.3	3986686	3987882	-	1197	2104	1104	1212	1925	0	2005	2329	438	1814	0	2198
gene-b3803	NC_000913.3	3987885	3989066	-	1182	1657	896	940	1734	0	1747	1893	501	1261	0	1805
gene-b3804	NC_000913.3	3989088	3989828	-	741	732	456	422	776	0	876	726	199	607	0	716
gene-b3805	NC_000913.3	3989825	3990766	-	942	1765	1009	940	1953	0	1598	2117	434	1182	0	1543
gene-b3806	NC_000913.3	3991153	3993699	+	2547	6755	4899	4875	8085	0	7614	9866	2042	4425	0	5161
gene-b3807	NC_000913.3	3993739	3994059	-	321	11	41	41	183	0	149	13	0	8	0	8
gene-b3808	NC_000913.3	3993850	3994335	+	486	21	9	20	18	0	29	42	7	16	0	12
gene-b4558	NC_000913.3	3994522	3994725	+	204	901	831	870	1165	0	1132	1243	287	596	0	550
gene-b3809	NC_000913.3	3994762	3995586	+	825	1016	946	878	1160	0	1186	1271	336	475	0	666
gene-b3810	NC_000913.3	3995583	3996290	+	708	533	509	379	760	0	744	745	181	280	0	386
gene-b3811	NC_000913.3	3996287	3997183	+	897	809	615	516	1098	0	1209	1103	344	453	0	602
gene-b3812	NC_000913.3	3997183	3997899	+	717	654	368	388	822	0	910	791	251	408	0	561
gene-b3813	NC_000913.3	3997983	4000145	+	2163	2879	999	1090	3056	0	1901	3807	843	1186	0	1438
gene-b4482	NC_000913.3	4000292	4001056	-	765	110	80	34	105	0	53	129	22	69	0	60
gene-b4799	NC_000913.3	4001218	4001274	+	57	431	290	283	308	0	279	561	71	322	0	412
gene-b3816	NC_000913.3	4001426	4002376	+	951	2475	1346	1287	2212	0	2023	2642	583	1153	0	1175
gene-b3817	NC_000913.3	4002419	4002799	-	381	82	81	80	158	0	69	124	38	86	0	58
gene-b3818	NC_000913.3	4002813	4003193	-	381	24	22	7	22	0	20	23	3	20	0	12
gene-b3819	NC_000913.3	4003288	4004178	-	891	845	214	229	543	0	282	592	93	346	0	458
gene-b3820	NC_000913.3	4004230	4004697	-	468	969	350	309	775	0	629	670	139	580	0	658
gene-b3821	NC_000913.3	4004862	4005731	+	870	1492	672	632	1395	0	1147	1545	305	794	0	1153
gene-b3822	NC_000913.3	4005864	4007693	+	1830	1852	971	924	1795	0	1659	2041	353	1269	0	1607
gene-b3823	NC_000913.3	4007757	4008377	+	621	630	460	456	726	0	546	874	105	494	0	491
gene-b3824	NC_000913.3	4008439	4009059	-	621	310	365	359	525	0	395	662	94	233	0	213
gene-b3825	NC_000913.3	4009170	4010192	+	1023	1472	871	867	1684	0	1312	1921	333	882	0	977
gene-b3826	NC_000913.3	4010200	4011000	+	801	565	361	350	652	0	688	665	161	258	0	457
gene-b3827	NC_000913.3	4011076	4011975	+	900	308	157	192	347	0	222	378	77	251	0	253
gene-b3828	NC_000913.3	4011863	4012816	-	954	1302	617	540	1361	0	1123	1419	269	635	0	1307
gene-b3829	NC_000913.3	4013053	4015314	+	2262	210338	75668	74568	213363	0	197084	199010	77815	71693	0	140336
gene-b3830	NC_000913.3	4015354	4016169	-	816	989	609	624	1507	0	1355	1097	216	1749	0	2118
gene-b3831	NC_000913.3	4016431	4017192	+	762	1074	832	967	1623	0	1636	1586	362	1174	0	1480
gene-b3832	NC_000913.3	4017333	4018760	+	1428	368	251	210	362	0	333	460	117	282	0	326
gene-b3833	NC_000913.3	4018855	4019610	+	756	2379	1104	1127	2776	0	2321	2873	653	919	0	1578
gene-b3834	NC_000913.3	4019624	4020229	+	606	404	256	243	657	0	514	611	100	180	0	283
gene-b4707	NC_000913.3	4019978	4020229	+	252	0	0	0	0	0	0	0	0	0	0	0
gene-b3835	NC_000913.3	4020226	4021866	+	1641	1368	979	977	1488	0	1415	1593	337	1120	0	1480
gene-b3836	NC_000913.3	4021945	4022214	+	270	2101	1696	1605	2481	0	2170	2612	649	1768	0	1640
gene-b3838	NC_000913.3	4022218	4022733	+	516	1918	1127	1116	2257	0	1984	2154	553	1320	0	1475
gene-b3839	NC_000913.3	4022736	4023512	+	777	1458	997	1182	1754	0	1360	1963	333	886	0	1193
gene-b4483	NC_000913.3	4023554	4024336	+	783	699	163	188	538	0	288	552	96	230	0	231
gene-b3842	NC_000913.3	4024333	4024821	-	489	581	516	438	799	0	626	898	142	492	0	492
gene-b3843	NC_000913.3	4024988	4026481	+	1494	3522	1887	1841	3966	0	3057	4236	811	1935	0	2510
gene-b3844	NC_000913.3	4026527	4027228	+	702	1929	1100	1145	1876	0	1722	2127	433	920	0	1133
gene-b3845	NC_000913.3	4027609	4028772	-	1164	396	107	124	235	0	199	249	68	348	0	453
gene-b3846	NC_000913.3	4028782	4030971	-	2190	704	241	217	384	0	389	374	74	777	0	946
gene-b3847	NC_000913.3	4031161	4032492	+	1332	3977	1467	1484	3255	0	3190	3486	1158	1767	0	2908
gene-b3848	NC_000913.3	4032492	4033106	+	615	582	277	274	640	0	506	523	150	234	0	351
gene-b3849	NC_000913.3	4033145	4034596	+	1452	953	786	729	1258	0	967	1269	312	717	0	834
gene-b3850	NC_000913.3	4034608	4035153	+	546	549	355	316	604	0	543	801	165	332	0	357
gene-b3851	NC_000913.3	4035531	4037072	+	1542	4	827	12	6	0	22	12	586	0	0	0
gene-b3852	NC_000913.3	4037141	4037217	+	77	0	23	18	5	0	3	4	3	0	0	0
gene-b3853	NC_000913.3	4037260	4037335	+	76	5	15	16	0	0	2	37	1	25	0	29
gene-b3854	NC_000913.3	4037519	4040423	+	2905	72	2046	142	487	0	54	366	148604	104	0	113
gene-b3855	NC_000913.3	4040517	4040636	+	120	26	14	10	14	0	8	6	40	4	0	2
gene-b3856	NC_000913.3	4040906	4041433	-	528	164	84	74	135	0	93	164	55	102	0	63
gene-b3857	NC_000913.3	4041415	4041999	-	585	303	186	150	340	0	258	364	61	205	0	209
gene-b3858	NC_000913.3	4042069	4042338	+	270	949	747	646	1233	0	1059	1579	178	659	0	585
gene-b3859	NC_000913.3	4042415	4043401	+	987	1456	1248	1170	2252	0	1994	1942	347	995	0	961
gene-b3860	NC_000913.3	4043418	4044044	+	627	3481	3054	2551	4230	0	3863	4670	1009	1631	0	1920
gene-b3861	NC_000913.3	4044199	4045629	+	1431	113	52	49	66	0	48	58	12	107	0	97
gene-b3862	NC_000913.3	4045670	4046602	-	933	278	220	132	337	0	242	208	47	242	0	211
gene-b3863	NC_000913.3	4046966	4049752	+	2787	3114	1421	1389	3215	0	3003	2877	986	1514	0	2403
gene-b3864	NC_000913.3	4049899	4050009	+	111	393	189	122	216	0	140	313	57	312	0	166
gene-b3865	NC_000913.3	4050133	4050765	-	633	1457	736	688	1522	0	1185	1845	339	612	0	836
gene-b4457	NC_000913.3	4051036	4051281	+	246	15225	14889	11248	12179	0	12206	19079	2262	37889	0	13000
gene-b3866	NC_000913.3	4051347	4051856	+	510	2276	1033	1057	2247	0	1962	2427	645	1019	0	1483
gene-b3867	NC_000913.3	4052045	4053418	+	1374	2057	1043	1159	1896	0	1852	2209	554	1481	0	2005
gene-b4686	NC_000913.3	4053647	4053757	-	111	1437	1736	1507	1662	0	1888	2094	298	254	0	332
gene-b3868	NC_000913.3	4053869	4055278	-	1410	1150	557	586	1129	0	1172	1144	268	608	0	954
gene-b3869	NC_000913.3	4055290	4056339	-	1050	1222	544	651	1124	0	1187	1249	367	599	0	1088
gene-b3870	NC_000913.3	4056625	4058034	-	1410	21030	11095	11885	21769	0	21459	24281	6709	12051	0	21632
gene-b3871	NC_000913.3	4058407	4060230	+	1824	19362	10596	11171	23738	0	18759	27260	5212	8487	0	13215
gene-b3872	NC_000913.3	4060447	4061157	+	711	220	80	73	173	0	115	179	41	110	0	135
gene-b3873	NC_000913.3	4061165	4062145	+	981	233	64	85	182	0	175	158	47	119	0	130
gene-b3874	NC_000913.3	4062247	4063512	+	1266	102	60	56	60	0	68	66	32	135	0	165
gene-b3875	NC_000913.3	4063603	4064295	-	693	17	10	14	20	0	7	11	3	0	0	0
gene-b3876	NC_000913.3	4064363	4065766	-	1404	42	56	26	44	0	33	32	2	0	0	0
gene-b3877	NC_000913.3	4065809	4067194	-	1386	54	44	30	51	0	47	50	12	0	0	0
gene-b3878	NC_000913.3	4067240	4069276	-	2037	52	43	26	36	0	47	57	19	0	0	0
gene-b3879	NC_000913.3	4069475	4070401	-	927	22	17	13	24	0	8	37	16	0	0	0
gene-b3880	NC_000913.3	4070515	4071756	-	1242	162	103	125	180	0	154	229	46	0	0	0
gene-b3881	NC_000913.3	4071773	4072651	-	879	66	39	32	77	0	82	77	18	0	0	0
gene-b3882	NC_000913.3	4072675	4073571	-	897	24	22	42	27	0	43	23	5	0	0	0
gene-b3883	NC_000913.3	4073739	4074635	+	897	65	30	33	72	0	67	69	31	0	0	0
gene-b3884	NC_000913.3	4074669	4075454	+	786	543	411	348	563	0	544	646	152	0	0	0
gene-b3885	NC_000913.3	4075553	4076152	+	600	496	275	209	448	0	528	463	117	312	0	456
gene-b3886	NC_000913.3	4076146	4077018	+	873	294	224	201	335	0	410	296	104	212	0	263
gene-b3887	NC_000913.3	4077015	4077452	+	438	375	222	263	359	0	537	291	105	200	0	241
gene-b3888	NC_000913.3	4077449	4078438	+	990	960	570	558	814	0	979	890	339	644	0	641
gene-b3889	NC_000913.3	4079291	4079509	+	219	3	3	1	0	0	5	3	2	2	0	0
gene-b3890	NC_000913.3	4079751	4079969	+	219	77	43	45	49	0	49	71	16	76	0	59
gene-b3891	NC_000913.3	4080299	4081228	-	930	1288	533	563	1592	0	931	1506	298	511	0	809
gene-b3892	NC_000913.3	4081225	4081860	-	636	289	271	243	457	0	333	313	67	203	0	247
gene-b3893	NC_000913.3	4081857	4082759	-	903	292	262	214	553	0	261	505	93	226	0	325
gene-b3894	NC_000913.3	4082772	4085822	-	3051	3759	2347	2083	4812	0	3490	5449	1074	2054	0	3289
gene-b3895	NC_000913.3	4086016	4086849	+	834	337	293	310	372	0	375	517	101	301	0	345
gene-b3896	NC_000913.3	4087002	4088057	+	1056	74	18	17	65	0	58	57	15	55	0	52
gene-b3897	NC_000913.3	4088107	4089855	-	1749	69	32	33	70	0	61	73	6	101	0	69
gene-b3898	NC_000913.3	4089855	4090925	-	1071	66	39	41	70	0	55	95	10	61	0	59
gene-b3899	NC_000913.3	4090915	4092366	-	1452	16	19	24	31	0	22	14	3	75	0	21
gene-b3900	NC_000913.3	4092377	4092823	-	447	15	8	5	15	0	12	16	5	20	0	6
gene-b3901	NC_000913.3	4093124	4093438	-	315	17	12	11	13	0	10	8	7	58	0	26
gene-b3902	NC_000913.3	4093448	4094272	-	825	34	31	14	28	0	46	49	2	63	0	23
gene-b3903	NC_000913.3	4094723	4095982	-	1260	46	28	9	44	0	26	30	5	45	0	31
gene-b3904	NC_000913.3	4095979	4097448	-	1470	46	33	30	31	0	25	45	6	88	0	29
gene-b3905	NC_000913.3	4097736	4098572	+	837	61	48	39	58	0	67	58	14	84	0	110
gene-b3906	NC_000913.3	4098646	4099494	+	849	57	62	54	60	0	50	77	13	60	0	60
gene-b3907	NC_000913.3	4099491	4100525	-	1035	64	52	74	70	0	46	77	15	96	0	56
gene-b3908	NC_000913.3	4100810	4101430	+	621	24078	13571	13576	25155	0	25005	27112	6899	12515	0	16950
gene-b3909	NC_000913.3	4101690	4102673	+	984	351	85	88	86	0	122	174	23	86	0	73
gene-b3910	NC_000913.3	4102822	4103496	+	675	497	214	204	390	0	417	454	106	333	0	418
gene-b3911	NC_000913.3	4103602	4104975	-	1374	1485	987	953	1422	0	1511	1531	366	1234	0	1363
gene-b3912	NC_000913.3	4104972	4105670	-	699	1720	1078	957	1653	0	1866	1683	483	1169	0	1499
gene-b4484	NC_000913.3	4105820	4106320	+	501	1270	1150	976	1198	0	1247	1259	182	654	0	648
gene-b4716	NC_000913.3	4106330	4106387	+	58	0	0	1	5	0	3	1	2	0	0	2
gene-b3915	NC_000913.3	4106469	4107371	+	903	1755	990	965	1543	0	1467	1775	396	1034	0	1180
gene-b3916	NC_000913.3	4107552	4108514	+	963	6119	3284	3186	6501	0	5479	7098	1697	2578	0	4103
gene-b3917	NC_000913.3	4108834	4109823	+	990	661	568	483	901	0	1069	1013	347	867	0	977
gene-b3918	NC_000913.3	4109930	4110685	+	756	270	310	267	434	0	437	435	103	425	0	415
gene-b3919	NC_000913.3	4110740	4111507	-	768	7514	4484	4662	8895	0	8759	9551	1690	4315	0	6368
gene-b3920	NC_000913.3	4111615	4112214	-	600	700	388	339	687	0	682	715	272	526	0	803
gene-b3921	NC_000913.3	4112315	4112755	+	441	299	174	173	260	0	183	282	67	218	0	245
gene-b3922	NC_000913.3	4112967	4113266	+	300	431	319	274	396	0	345	188	32	292	0	421
gene-b3923	NC_000913.3	4113293	4113721	+	429	696	404	419	821	0	636	325	60	523	0	600
gene-b3924	NC_000913.3	4113726	4114472	-	747	809	573	622	879	0	1137	956	226	599	0	621
gene-b3925	NC_000913.3	4114569	4115579	-	1011	505	280	276	699	0	556	730	146	364	0	510
gene-b3926	NC_000913.3	4115714	4117222	-	1509	387	166	197	267	0	334	313	59	277	0	342
gene-b3927	NC_000913.3	4117245	4118090	-	846	90	57	63	78	0	69	85	18	119	0	129
gene-b3928	NC_000913.3	4118515	4118760	+	246	5888	3945	3673	5922	0	5287	6699	1153	4158	0	3334
gene-b3929	NC_000913.3	4118845	4119330	-	486	3013	2500	2449	2804	0	2496	3458	790	2337	0	1991
gene-b3930	NC_000913.3	4119423	4120349	-	927	1306	507	433	1009	0	723	1162	259	462	0	696
gene-b3931	NC_000913.3	4120416	4121747	-	1332	5235	2441	2580	6772	0	4935	7703	1800	2533	0	4158
gene-b3932	NC_000913.3	4121757	4122287	-	531	1593	804	795	1954	0	1503	2070	471	785	0	1138
gene-b3933	NC_000913.3	4122380	4123339	-	960	2845	1455	1381	3139	0	2348	3533	654	1574	0	1927
gene-b3934	NC_000913.3	4123431	4124456	-	1026	1202	723	599	1219	0	1047	1382	360	1020	0	1121
gene-b3935	NC_000913.3	4124612	4126810	-	2199	912	497	490	923	0	847	1042	229	515	0	593
gene-b3936	NC_000913.3	4127013	4127225	+	213	16968	11437	11513	12121	0	15384	18372	3126	15076	0	16267
gene-b3937	NC_000913.3	4127286	4127894	-	609	431	204	182	453	0	263	527	142	256	0	270
gene-b3938	NC_000913.3	4128078	4128395	-	318	2902	1640	1525	2704	0	2222	3752	738	1850	0	1960
gene-b3939	NC_000913.3	4128672	4129832	+	1161	2646	1152	1064	2916	0	2862	2765	906	1454	0	2719
gene-b3940	NC_000913.3	4129835	4132267	+	2433	4264	2257	2377	5069	0	4772	5374	1148	2471	0	4283
gene-b3941	NC_000913.3	4132616	4133506	+	891	5495	4683	4694	8007	0	8077	8525	1920	5088	0	9300
gene-b3942	NC_000913.3	4133835	4136015	+	2181	6006	3301	3586	5906	0	6467	5646	1866	3477	0	5054
gene-b3943	NC_000913.3	4136108	4137013	+	906	118	113	77	173	0	131	160	45	108	0	119
gene-b3944	NC_000913.3	4137040	4137657	-	618	24	19	32	31	0	33	28	5	31	0	8
gene-b3945	NC_000913.3	4137932	4139035	-	1104	139	66	89	124	0	128	182	39	118	0	113
gene-b3946	NC_000913.3	4139046	4139708	-	663	44	13	19	45	0	46	49	13	22	0	39
gene-b3947	NC_000913.3	4139720	4142221	-	2502	56	57	36	64	0	79	75	19	115	0	46
gene-b3949	NC_000913.3	4142530	4143609	+	1080	14	9	14	10	0	10	14	5	43	0	16
gene-b3950	NC_000913.3	4143624	4143944	+	321	17	6	13	13	0	15	12	2	15	0	13
gene-b3951	NC_000913.3	4143995	4146292	+	2298	127	111	112	159	0	143	169	36	172	0	127
gene-b3952	NC_000913.3	4146258	4147136	+	879	28	27	21	29	0	38	40	13	53	0	58
gene-b3953	NC_000913.3	4147138	4147479	+	342	17	6	16	16	0	15	12	4	4	0	4
gene-b3954	NC_000913.3	4147466	4148317	-	852	203	116	103	226	0	181	205	43	121	0	116
gene-b3955	NC_000913.3	4148532	4150265	-	1734	3814	2075	2095	3989	0	3586	3986	1347	2556	0	3753
gene-b3956	NC_000913.3	4150447	4153098	-	2652	25375	11706	11697	25549	0	27348	27147	8631	9926	0	17455
gene-b3957	NC_000913.3	4153696	4154847	-	1152	4139	1781	1929	3303	0	3349	4415	1298	2264	0	3996
gene-b3958	NC_000913.3	4155001	4156005	+	1005	5339	2419	2343	5076	0	4370	6714	1732	2245	0	4839
gene-b3959	NC_000913.3	4156013	4156789	+	777	3513	1503	1427	3216	0	3347	3458	1386	1440	0	2852
gene-b3960	NC_000913.3	4156850	4158223	+	1374	7337	3226	3140	7373	0	6279	8223	1967	2886	0	5870
gene-b4458	NC_000913.3	4158278	4158394	-	117	168	35	35	111	0	60	66	28	44	0	51
gene-b3961	NC_000913.3	4158490	4159407	+	918	2578	1134	1105	2100	0	2115	2189	457	1532	0	1896
gene-b3962	NC_000913.3	4159390	4160790	-	1401	2700	1393	1587	2470	0	3085	2650	905	2264	0	3965
gene-b3963	NC_000913.3	4161067	4161771	+	705	1354	986	914	1636	0	1448	1711	354	1183	0	1162
gene-b3964	NC_000913.3	4161771	4162130	+	360	584	561	549	956	0	800	881	129	435	0	629
gene-b3965	NC_000913.3	4162170	4163270	-	1101	1967	1188	1102	1986	0	2046	2140	428	732	0	1192
gene-b3966	NC_000913.3	4163639	4165483	+	1845	2802	1542	1401	2503	0	2922	3027	1285	2076	0	3632
gene-b3967	NC_000913.3	4165428	4166285	+	858	819	428	392	941	0	678	1005	211	402	0	536
gene-b3968	NC_000913.3	4166659	4168200	+	1542	2	14	2	0	0	1	0	5	3	0	2
gene-b3969	NC_000913.3	4168372	4168447	+	76	1495	2281	1943	514	0	615	3564	345	1072	0	796
gene-b3970	NC_000913.3	4168641	4171544	+	2904	12	262	12	14	0	6	42	97	59	0	16
gene-b3971	NC_000913.3	4171637	4171756	+	120	0	0	0	0	0	0	0	0	3	0	0
gene-b3972	NC_000913.3	4172057	4173085	+	1029	1713	789	830	1502	0	1566	1608	490	700	0	841
gene-b3973	NC_000913.3	4173082	4174047	+	966	727	414	449	613	0	682	600	191	378	0	363
gene-b3974	NC_000913.3	4174076	4175026	-	951	1433	965	1022	1779	0	1676	1989	480	1109	0	1437
gene-b3976	NC_000913.3	4175388	4175463	+	76	96	111	107	607	0	434	200	29	66	0	70
gene-b3977	NC_000913.3	4175472	4175556	+	85	6095	7988	6809	5932	0	6656	8369	1254	7535	0	6892
gene-b3978	NC_000913.3	4175673	4175747	+	75	1322	3000	2841	3100	0	2749	1986	179	1031	0	1304
gene-b3979	NC_000913.3	4175754	4175829	+	76	1793	2012	1989	2608	0	3263	2113	446	1247	0	1886
gene-b3980	NC_000913.3	4175944	4177128	+	1185	62731	34299	35243	51726	0	55779	61459	15495	29646	0	52092
gene-b3981	NC_000913.3	4177358	4177741	+	384	13763	3103	3188	6209	0	5030	7659	1700	3528	0	4904
gene-b3982	NC_000913.3	4177743	4178288	+	546	13324	3923	4096	9056	0	6247	9568	1651	4024	0	4692
gene-b3983	NC_000913.3	4178447	4178875	+	429	24924	17004	16730	31334	0	31348	35065	7051	13537	0	23613
gene-b3984	NC_000913.3	4178879	4179583	+	705	40981	27260	26687	45843	0	47695	53406	11166	21204	0	35352
gene-b3985	NC_000913.3	4179996	4180493	+	498	56128	37507	37776	74498	0	67619	88662	17000	34406	0	54318
gene-b3986	NC_000913.3	4180560	4180925	+	366	46257	29684	31927	65521	0	55041	77984	14491	29171	0	46341
gene-b3987	NC_000913.3	4181245	4185273	+	4029	79680	21743	22707	56154	0	52524	61849	19214	21060	0	40705
gene-b3988	NC_000913.3	4185350	4189573	+	4224	78574	24377	24803	61784	0	53365	69182	17025	21696	0	39223
gene-b3989	NC_000913.3	4189786	4190325	+	540	431	141	138	225	0	195	231	63	0	0	0
gene-b4691	NC_000913.3	4190327	4190487	-	161	866	550	545	699	0	634	1104	143	0	0	0
gene-b3990	NC_000913.3	4190735	4191868	-	1134	6882	2625	2816	5732	0	5836	5928	1490	4086	0	5296
gene-b3991	NC_000913.3	4191865	4192635	-	771	3857	1552	1552	3644	0	3408	3292	878	1925	0	2807
gene-b4407	NC_000913.3	4192637	4192837	-	201	437	213	208	635	0	721	304	160	246	0	274
gene-b3992	NC_000913.3	4192821	4193576	-	756	3937	1546	1441	3721	0	3514	3571	979	1689	0	2474
gene-b3993	NC_000913.3	4193569	4194204	-	636	3103	1080	1142	3206	0	2818	2849	833	1185	0	1967
gene-b3994	NC_000913.3	4194204	4196099	-	1896	14381	4774	5118	12308	0	11084	13280	4794	5983	0	9272
gene-b3995	NC_000913.3	4196332	4196808	-	477	2533	1827	1799	2796	0	1976	3217	508	2079	0	1632
gene-b3996	NC_000913.3	4196903	4197676	+	774	666	530	535	677	0	746	726	219	377	0	490
gene-b3997	NC_000913.3	4197716	4198780	+	1065	2276	870	952	2201	0	2160	2398	409	967	0	1564
gene-b3998	NC_000913.3	4198790	4199461	+	672	591	264	297	578	0	557	616	116	291	0	490
gene-b3999	NC_000913.3	4199504	4200094	+	591	1237	711	663	1339	0	1120	1609	297	741	0	964
gene-b4000	NC_000913.3	4200281	4200553	+	273	13957	11020	10853	12975	0	13669	17753	3546	18708	0	15696
gene-b4001	NC_000913.3	4200566	4201261	+	696	525	247	267	593	0	460	556	91	453	0	470
gene-b4002	NC_000913.3	4201263	4201688	-	426	24	17	24	32	0	28	39	9	19	0	17
gene-b4003	NC_000913.3	4201926	4203323	+	1398	72	43	55	67	0	81	129	32	80	0	47
gene-b4004	NC_000913.3	4203320	4204645	+	1326	170	48	72	143	0	149	123	49	140	0	68
gene-b4005	NC_000913.3	4204642	4205931	-	1290	6251	2047	2325	4109	0	4576	4709	1436	2158	0	3868
gene-b4006	NC_000913.3	4205943	4207532	-	1590	8808	2561	2631	5720	0	5958	6752	2011	2767	0	5401
gene-b4007	NC_000913.3	4208147	4209688	+	1542	2	200	3	0	0	1	3	137	2	0	0
gene-b4008	NC_000913.3	4209774	4209849	+	76	317	512	381	15	0	4	779	37	967	0	719
gene-b4009	NC_000913.3	4210043	4212946	+	2904	21	225	20	17	0	8	75	137	0	0	0
gene-b4010	NC_000913.3	4213040	4213159	+	120	0	1	0	0	0	0	0	0	0	0	0
gene-b4011	NC_000913.3	4213234	4213617	+	384	148	23	14	64	0	23	79	15	0	0	0
gene-b4012	NC_000913.3	4213680	4214123	-	444	49	15	36	47	0	31	50	17	88	0	67
gene-b4013	NC_000913.3	4214280	4215209	+	930	3649	2753	2743	4899	0	5385	6123	1474	3692	0	6249
gene-b4014	NC_000913.3	4215478	4217079	+	1602	21899	9559	9852	14982	0	20996	13403	3995	746	0	804
gene-b4015	NC_000913.3	4217109	4218413	+	1305	20493	7924	8011	13871	0	18969	12260	3406	632	0	869
gene-b4016	NC_000913.3	4218596	4220332	+	1737	3567	1286	1382	2651	0	3137	2519	628	165	0	174
gene-b4830	NC_000913.3	4218879	4218963	+	85	0	0	0	0	0	0	0	0	0	0	0
gene-b4017	NC_000913.3	4220301	4222487	-	2187	120	61	61	101	0	98	67	44	27	0	14
gene-b4018	NC_000913.3	4222804	4223628	-	825	1583	808	847	1547	0	1315	1657	391	568	0	612
gene-b4019	NC_000913.3	4223828	4227511	+	3684	9020	4814	4812	8816	0	9248	10567	2967	5047	0	8056
gene-b4020	NC_000913.3	4227731	4229362	+	1632	1270	326	268	800	0	540	956	219	402	0	538
gene-b4021	NC_000913.3	4229453	4230142	-	690	184	107	124	278	0	207	302	63	211	0	371
gene-b4022	NC_000913.3	4230354	4231226	+	873	655	762	664	1051	0	939	1071	234	882	0	911
gene-b4023	NC_000913.3	4231359	4231631	-	273	855	501	479	865	0	767	1344	357	727	0	946
gene-b4024	NC_000913.3	4231884	4233233	-	1350	15279	8680	8581	20438	0	16312	26441	6323	10579	0	17891
gene-b4025	NC_000913.3	4233758	4235407	+	1650	10974	5682	5854	12127	0	9915	14487	4170	3320	0	5162
gene-b4026	NC_000913.3	4235906	4236148	+	243	109	92	130	135	0	76	133	33	103	0	72
gene-b4027	NC_000913.3	4236262	4236900	+	639	15	9	10	13	0	16	20	14	33	0	19
gene-b4028	NC_000913.3	4236897	4237634	+	738	17	4	11	21	0	10	17	2	25	0	10
gene-b4029	NC_000913.3	4237634	4239730	+	2097	72	85	100	134	0	78	131	14	166	0	73
gene-b4620	NC_000913.3	4239777	4240055	-	279	22	9	11	28	0	22	15	2	28	0	21
gene-b4030	NC_000913.3	4240325	4240735	+	411	94	116	93	107	0	128	123	17	41	0	32
gene-b4031	NC_000913.3	4240779	4242254	-	1476	111	97	116	124	0	117	158	4	136	0	71
gene-b4807	NC_000913.3	4242531	4242633	-	103	17	2	8	11	0	5	4	1	11	0	9
gene-b4032	NC_000913.3	4242626	4243516	-	891	345	118	90	249	0	203	199	31	200	0	337
gene-b4033	NC_000913.3	4243531	4245075	-	1545	877	285	314	623	0	463	481	113	480	0	856
gene-b4034	NC_000913.3	4245229	4246419	-	1191	4438	1385	1529	2738	0	2517	1883	597	2539	0	4555
gene-b4035	NC_000913.3	4246784	4247899	+	1116	965	367	413	723	0	638	524	146	604	0	1279
gene-b4036	NC_000913.3	4247971	4249311	+	1341	2747	977	1006	1966	0	1735	1286	404	1859	0	4206
gene-b4037	NC_000913.3	4249554	4250474	+	921	1351	604	586	1215	0	959	963	281	1072	0	1804
gene-b4039	NC_000913.3	4252506	4253003	+	498	710	407	392	751	0	673	725	224	366	0	371
gene-b4040	NC_000913.3	4253016	4253888	+	873	702	535	469	808	0	638	947	176	320	0	428
gene-b4041	NC_000913.3	4254043	4256466	-	2424	4019	2080	1967	4489	0	4043	4884	1246	2238	0	3239
gene-b4042	NC_000913.3	4256637	4257005	+	369	567	368	399	619	0	657	780	177	326	0	439
gene-b4043	NC_000913.3	4257115	4257723	+	609	1400	1134	1080	1771	0	1383	2153	430	1171	0	1067
gene-b4044	NC_000913.3	4257742	4259121	+	1380	216	129	149	270	0	244	351	47	224	0	211
gene-b4045	NC_000913.3	4259237	4259446	+	210	105	165	165	140	0	172	138	21	227	0	99
gene-b4046	NC_000913.3	4259488	4260003	-	516	329	189	200	379	0	301	374	77	230	0	202
gene-b4047	NC_000913.3	4260321	4260575	+	255	0	1	1	3	0	1	8	2	5	0	2
gene-b4048	NC_000913.3	4260599	4261306	+	708	8	5	4	2	0	4	12	8	20	0	8
gene-b4049	NC_000913.3	4261669	4262706	+	1038	1080	595	643	1178	0	1007	1291	279	767	0	857
gene-b4050	NC_000913.3	4262840	4263082	+	243	91	48	32	48	0	41	72	14	25	0	42
gene-b4758	NC_000913.3	4263139	4263249	+	111	4	3	3	13	0	12	2	0	0	0	0
gene-b4051	NC_000913.3	4263248	4264231	-	984	623	384	359	721	0	816	672	194	427	0	417
gene-b4052	NC_000913.3	4264314	4265729	+	1416	2972	1904	1778	3268	0	3106	3657	891	1598	0	2095
gene-b4053	NC_000913.3	4265782	4266861	+	1080	761	567	591	1066	0	997	1142	260	526	0	809
gene-b4054	NC_000913.3	4267114	4268307	+	1194	4456	2259	2163	4657	0	4407	5235	1293	2312	0	2942
gene-b4621	NC_000913.3	4268809	4269012	-	204	4	8	4	3	0	2	5	1	8	0	0
gene-b4055	NC_000913.3	4269414	4270127	+	714	244	109	131	189	0	254	212	36	284	0	299
gene-b4056	NC_000913.3	4270238	4270654	+	417	324	286	289	361	0	445	405	106	316	0	296
gene-b4057	NC_000913.3	4270658	4271014	+	357	158	167	150	234	0	224	189	44	137	0	106
gene-b4058	NC_000913.3	4271049	4273871	-	2823	2161	927	936	1976	0	1776	2304	570	1116	0	1396
gene-b4059	NC_000913.3	4274125	4274661	+	537	2411	1438	1448	2365	0	2060	2730	527	1467	0	1800
gene-b4060	NC_000913.3	4274760	4275041	-	282	467	188	182	263	0	182	304	61	196	0	98
gene-b4061	NC_000913.3	4275471	4277057	+	1587	221	167	170	210	0	216	138	40	211	0	205
gene-b4062	NC_000913.3	4277060	4277383	-	324	325	362	314	350	0	435	486	76	302	0	357
gene-b4063	NC_000913.3	4277469	4277933	+	465	78	43	40	87	0	81	103	20	64	0	63
gene-b4459	NC_000913.3	4277926	4278066	-	141	34	68	52	38	0	56	65	12	76	0	42
gene-b4064	NC_000913.3	4278479	4279828	+	1350	3156	2239	2194	2017	0	3045	2759	588	2184	0	3491
gene-b4065	NC_000913.3	4279980	4281629	+	1650	911	486	508	855	0	856	1009	201	643	0	876
gene-b4066	NC_000913.3	4281783	4283075	-	1293	25	28	21	24	0	8	24	12	93	0	41
gene-b4067	NC_000913.3	4283253	4284902	-	1650	559	216	270	471	0	384	389	110	778	0	1124
gene-b4068	NC_000913.3	4284899	4285213	-	315	143	41	54	144	0	108	134	42	163	0	357
gene-b4069	NC_000913.3	4285413	4287371	-	1959	2600	753	868	2215	0	1659	1666	615	2487	0	3967
gene-b4821	NC_000913.3	4287611	4287667	+	57	55	37	34	33	0	43	55	16	74	0	52
gene-b4070	NC_000913.3	4287764	4289200	+	1437	92	73	80	111	0	130	134	25	117	0	67
gene-b4071	NC_000913.3	4289245	4289811	+	567	29	23	18	23	0	13	38	1	40	0	15
gene-b4072	NC_000913.3	4289808	4290479	+	672	16	6	9	10	0	13	8	4	22	0	13
gene-b4073	NC_000913.3	4290476	4291432	+	957	13	20	6	16	0	26	20	0	37	0	15
gene-b4074	NC_000913.3	4291512	4293170	+	1659	24	39	23	40	0	24	36	21	74	0	22
gene-b4075	NC_000913.3	4293163	4293546	+	384	15	10	9	10	0	11	13	3	17	0	16
gene-b4076	NC_000913.3	4293543	4294139	+	597	33	25	42	37	0	32	44	7	59	0	34
gene-b4077	NC_000913.3	4294481	4295794	+	1314	509	429	352	378	0	619	856	185	1301	0	2169
gene-b4078	NC_000913.3	4296436	4297125	-	690	1081	612	593	1116	0	810	1328	254	1028	0	1091
gene-b4079	NC_000913.3	4297219	4299366	-	2148	521	489	459	697	0	422	816	105	474	0	310
gene-b4080	NC_000913.3	4299564	4301030	-	1467	41	40	13	33	0	23	45	15	71	0	28
gene-b4081	NC_000913.3	4301027	4303078	-	2052	62	54	37	78	0	42	76	14	143	0	52
gene-b4082	NC_000913.3	4303078	4304109	-	1032	51	45	29	36	0	20	59	6	62	0	30
gene-b4622	NC_000913.3	4304128	4304403	-	276	3	2	2	5	0	4	3	1	2	0	0
gene-b4083	NC_000913.3	4304612	4306597	-	1986	54	33	37	46	0	51	44	20	79	0	32
gene-b4084	NC_000913.3	4306870	4307799	-	930	65	61	64	94	0	89	93	19	93	0	80
gene-b4085	NC_000913.3	4307783	4308478	-	696	26	36	34	36	0	56	53	9	55	0	37
gene-b4086	NC_000913.3	4308489	4309469	-	981	31	41	43	47	0	51	48	16	38	0	28
gene-b4087	NC_000913.3	4309448	4310980	-	1533	57	27	32	95	0	38	99	20	76	0	45
gene-b4088	NC_000913.3	4311107	4312042	-	936	109	83	88	152	0	116	190	39	130	0	149
gene-b4089	NC_000913.3	4312101	4312991	-	891	560	345	338	646	0	596	634	168	408	0	542
gene-b4090	NC_000913.3	4313350	4313799	+	450	136	45	36	36	0	44	39	23	109	0	93
gene-b4487	NC_000913.3	4313868	4314197	+	330	129	101	64	90	0	84	103	44	147	0	75
gene-b4092	NC_000913.3	4314344	4315102	-	759	115	65	80	157	0	107	150	34	134	0	115
gene-b4093	NC_000913.3	4315104	4315538	-	435	53	35	37	122	0	63	80	19	43	0	44
gene-b4094	NC_000913.3	4315525	4316082	-	558	11	8	7	23	0	16	17	3	28	0	6
gene-b4095	NC_000913.3	4316082	4317218	-	1137	29	33	14	21	0	24	42	8	74	0	12
gene-b4096	NC_000913.3	4317215	4317895	-	681	92	77	89	130	0	102	164	8	121	0	84
gene-b4097	NC_000913.3	4318006	4318764	-	759	16	15	10	17	0	19	40	3	36	0	18
gene-b4098	NC_000913.3	4318761	4319606	-	846	12	14	7	21	0	18	14	0	20	0	24
gene-b4099	NC_000913.3	4319599	4320663	-	1065	10	10	10	10	0	13	22	6	57	0	12
gene-b4100	NC_000913.3	4320663	4321247	-	585	21	13	6	14	0	26	21	4	45	0	6
gene-b4101	NC_000913.3	4321244	4321696	-	453	2	0	0	7	0	9	2	0	12	0	2
gene-b4102	NC_000913.3	4321697	4322422	-	726	3	14	3	13	0	10	15	6	26	0	6
gene-b4105	NC_000913.3	4323336	4324352	-	1017	36	10	15	12	0	21	43	10	36	0	12
gene-b4106	NC_000913.3	4324377	4325165	-	789	24	6	4	18	0	25	26	2	26	0	11
gene-b4107	NC_000913.3	4325298	4325741	-	444	49	62	71	53	0	79	57	18	85	0	43
gene-b4108	NC_000913.3	4326399	4326734	-	336	557	308	289	539	0	475	568	149	332	0	368
gene-b4109	NC_000913.3	4327135	4329363	+	2229	263	1093	1046	300	0	2884	184	56	346	0	561
gene-b4110	NC_000913.3	4329360	4330238	+	879	64	972	1060	38	0	2300	64	17	106	0	50
gene-b4111	NC_000913.3	4330502	4332004	+	1503	1841	2168	2196	1792	0	2738	2229	450	1165	0	828
gene-b4703	NC_000913.3	4332116	4332205	+	90	28	55	53	49	0	53	21	7	22	0	28
gene-b4112	NC_000913.3	4332181	4333272	-	1092	168	140	167	345	0	259	286	75	277	0	408
gene-b4113	NC_000913.3	4333282	4333950	-	669	152	155	100	267	0	183	237	43	177	0	308
gene-b4114	NC_000913.3	4333947	4335590	-	1644	116	127	83	204	0	137	152	27	239	0	574
gene-b4115	NC_000913.3	4335694	4337031	-	1338	61	34	26	67	0	26	48	10	59	0	49
gene-b4116	NC_000913.3	4337168	4337929	-	762	40	16	23	38	0	30	26	2	73	0	24
gene-b4117	NC_000913.3	4338254	4340521	-	2268	185	122	103	134	0	128	232	41	171	0	168
gene-b4118	NC_000913.3	4340720	4341628	-	909	120	135	147	201	0	142	222	52	216	0	236
gene-b4119	NC_000913.3	4341911	4343266	+	1356	123	63	64	143	0	130	151	34	217	0	180
gene-b4120	NC_000913.3	4343369	4344790	+	1422	192	163	101	209	0	163	176	60	148	0	160
gene-b4121	NC_000913.3	4344929	4345558	-	630	168	144	156	186	0	127	225	46	168	0	155
gene-b4122	NC_000913.3	4345680	4347326	-	1647	117	71	46	129	0	134	161	35	109	0	124
gene-b4123	NC_000913.3	4347404	4348744	-	1341	74	49	33	83	0	47	77	12	58	0	40
gene-b4124	NC_000913.3	4349315	4350034	-	720	336	219	252	368	0	370	384	64	278	0	327
gene-b4125	NC_000913.3	4350031	4351662	-	1632	627	525	529	838	0	657	773	156	696	0	677
gene-b4126	NC_000913.3	4351843	4352073	+	231	13	17	21	11	0	21	14	9	61	0	33
gene-b4127	NC_000913.3	4352085	4352357	+	273	54	34	44	52	0	74	42	16	105	0	94
gene-b4128	NC_000913.3	4352584	4352880	+	297	8	10	11	10	0	6	6	5	15	0	6
gene-b4559	NC_000913.3	4352908	4353081	+	174	8	9	6	8	0	6	7	1	2	0	10
gene-b4129	NC_000913.3	4353200	4354717	-	1518	919	558	533	1037	0	1070	1010	288	534	0	687
gene-b4130	NC_000913.3	4354954	4356411	-	1458	119	105	82	138	0	106	197	46	156	0	74
gene-b4131	NC_000913.3	4356470	4358617	-	2148	118	101	94	138	0	99	149	18	209	0	156
gene-b4132	NC_000913.3	4358697	4360031	-	1335	28	18	18	16	0	24	36	5	45	0	23
gene-b4133	NC_000913.3	4360396	4361934	-	1539	72	53	45	93	0	61	56	17	80	0	55
gene-b4134	NC_000913.3	4362551	4362626	-	76	60	38	23	29	0	25	56	5	105	0	66
gene-b4135	NC_000913.3	4362733	4363308	-	576	479	467	488	632	0	779	697	165	592	0	589
gene-b4136	NC_000913.3	4363345	4365042	-	1698	797	492	490	874	0	1031	847	273	476	0	612
gene-b4137	NC_000913.3	4365018	4365356	-	339	247	210	196	273	0	342	289	98	191	0	215
gene-b4138	NC_000913.3	4365472	4366773	-	1302	4611	2509	2521	4253	0	4362	4806	1089	2698	0	3583
gene-b4825	NC_000913.3	4366839	4366951	-	113	1	72	59	99	0	34	12	0	6	0	0
gene-b4139	NC_000913.3	4366891	4368327	-	1437	728	894	779	1255	0	845	1350	202	1598	0	1806
gene-b4140	NC_000913.3	4368664	4369140	+	477	442	427	402	710	0	529	693	142	619	0	610
gene-b4141	NC_000913.3	4369156	4370412	-	1257	674	542	475	800	0	581	950	183	447	0	447
gene-b4142	NC_000913.3	4370688	4370981	+	294	5698	4884	5086	7871	0	11205	7677	2161	3978	0	6203
gene-b4143	NC_000913.3	4371025	4372671	+	1647	28281	19557	20248	33337	0	41112	35395	9225	17600	0	29752
gene-b4144	NC_000913.3	4372809	4373162	+	354	2775	1473	1529	2435	0	2054	2834	606	1512	0	1659
gene-b4145	NC_000913.3	4373365	4374234	-	870	610	209	235	535	0	406	699	140	378	0	414
gene-b4146	NC_000913.3	4374629	4375657	-	1029	962	586	659	1299	0	1276	1693	430	575	0	718
gene-b4147	NC_000913.3	4375699	4376265	+	567	9482	6030	6106	11465	0	8482	13217	2086	4586	0	6910
gene-b4410	NC_000913.3	4376317	4376442	+	126	132	71	80	292	0	187	212	47	53	0	83
gene-b4411	NC_000913.3	4376553	4376699	+	147	151	1137	1239	904	0	755	1239	80	1771	0	832
gene-b4148	NC_000913.3	4376875	4377192	+	318	240	245	186	292	0	181	318	46	188	0	102
gene-b4149	NC_000913.3	4377189	4377722	-	534	47	125	110	142	0	192	123	29	164	0	193
gene-b4150	NC_000913.3	4377811	4378944	-	1134	430	222	197	544	0	373	567	180	172	0	204
gene-b4151	NC_000913.3	4379007	4379366	-	360	60	49	35	101	0	87	103	7	82	0	91
gene-b4152	NC_000913.3	4379377	4379772	-	396	55	49	63	82	0	88	97	24	65	0	78
gene-b4153	NC_000913.3	4379783	4380517	-	735	77	83	92	172	0	189	129	52	98	0	146
gene-b4154	NC_000913.3	4380510	4382318	-	1809	369	282	223	495	0	438	568	198	408	0	632
gene-b4155	NC_000913.3	4382643	4383620	+	978	201	297	285	324	0	350	339	88	357	0	328
gene-b4156	NC_000913.3	4383839	4385341	+	1503	87	72	51	111	0	49	106	24	97	0	87
gene-b4157	NC_000913.3	4385393	4385707	+	315	18	17	10	36	0	28	34	6	19	0	9
gene-b4158	NC_000913.3	4385704	4386018	+	315	48	49	37	69	0	80	67	10	46	0	51
gene-b4159	NC_000913.3	4386047	4389370	-	3324	953	984	858	1560	0	1326	1639	268	748	0	835
gene-b4160	NC_000913.3	4389392	4390360	-	969	1930	1255	1248	2355	0	2266	2408	706	1049	0	1376
gene-b4161	NC_000913.3	4390457	4391509	-	1053	2569	1924	1915	3683	0	2929	4083	950	1630	0	1740
gene-b4162	NC_000913.3	4391604	4392149	+	546	1195	619	617	1189	0	1007	1408	295	599	0	720
gene-b4163	NC_000913.3	4392360	4392435	+	76	1797	4355	3576	4032	0	3932	3911	524	3790	0	1400
gene-b4164	NC_000913.3	4392472	4392547	+	76	453	1868	1595	1593	0	1683	1211	112	1126	0	348
gene-b4165	NC_000913.3	4392583	4392658	+	76	229	628	567	472	0	374	740	72	376	0	243
gene-b4670	NC_000913.3	4392892	4392945	+	54	11	6	8	9	0	3	18	8	12	0	3
gene-b4166	NC_000913.3	4392928	4394067	-	1140	336	268	241	432	0	401	501	118	321	0	276
gene-b4167	NC_000913.3	4394066	4395613	+	1548	552	310	336	652	0	741	675	194	403	0	445
gene-b4168	NC_000913.3	4395585	4396046	+	462	281	219	186	302	0	365	340	100	184	0	218
gene-b4169	NC_000913.3	4396065	4397402	+	1338	1004	787	694	1264	0	1143	1304	272	780	0	868
gene-b4170	NC_000913.3	4397412	4399259	+	1848	1259	1007	923	1843	0	1489	1885	357	973	0	1270
gene-b4171	NC_000913.3	4399252	4400202	+	951	6241	6674	6189	8404	0	7079	8864	1779	5617	0	5216
gene-b4172	NC_000913.3	4400288	4400596	+	309	6422	4318	4457	7591	0	6527	8240	1766	5277	0	5165
gene-b4173	NC_000913.3	4400672	4401952	+	1281	4684	3553	3352	6098	0	5845	6207	1585	3269	0	3750
gene-b4174	NC_000913.3	4402038	4403297	+	1260	5929	3955	3820	6966	0	7264	7221	2004	3918	0	5421
gene-b4175	NC_000913.3	4403300	4404304	+	1005	4175	3559	3643	5601	0	5301	6383	1134	3592	0	4212
gene-b4176	NC_000913.3	4404386	4404583	+	198	307	49	55	109	0	76	141	29	56	0	58
gene-b4177	NC_000913.3	4404687	4405985	+	1299	20027	11702	11968	24090	0	18921	25648	5206	10169	0	13786
gene-b4178	NC_000913.3	4406190	4406615	+	426	484	407	301	502	0	467	530	141	425	0	378
gene-b4179	NC_000913.3	4406654	4409095	+	2442	3214	1811	1857	3824	0	3361	3856	905	2238	0	2847
gene-b4180	NC_000913.3	4409275	4410006	+	732	1185	537	602	1328	0	961	1626	267	681	0	960
gene-b4181	NC_000913.3	4410133	4410534	+	402	29	15	9	22	0	14	37	14	27	0	14
gene-b4182	NC_000913.3	4410553	4411251	+	699	52	15	16	28	0	15	34	14	32	0	17
gene-b4183	NC_000913.3	4411302	4411961	+	660	14	9	15	17	0	8	18	3	22	0	15
gene-b4184	NC_000913.3	4411979	4412377	+	399	6	1	4	3	0	8	2	0	20	0	4
gene-b4185	NC_000913.3	4412387	4413025	+	639	20	13	9	10	0	9	8	0	20	0	11
gene-b4186	NC_000913.3	4413028	4414191	+	1164	45	44	35	74	0	35	72	9	56	0	44
gene-b4187	NC_000913.3	4414275	4415900	+	1626	60	111	72	78	0	149	102	32	144	0	105
gene-b4188	NC_000913.3	4416017	4416292	-	276	72	51	57	87	0	64	77	30	72	0	72
gene-b4189	NC_000913.3	4416441	4416770	-	330	104	93	94	115	0	89	162	27	147	0	132
gene-b4190	NC_000913.3	4416952	4417701	+	750	222	130	139	311	0	311	269	73	206	0	176
gene-b4191	NC_000913.3	4417698	4418453	-	756	361	250	171	395	0	359	382	85	240	0	246
gene-b4192	NC_000913.3	4418561	4419625	-	1065	87	70	71	87	0	78	125	28	77	0	46
gene-b4193	NC_000913.3	4419980	4421377	+	1398	46	35	15	41	0	41	54	7	59	0	46
gene-b4194	NC_000913.3	4421393	4421698	+	306	24	13	8	23	0	14	8	9	15	0	17
gene-b4195	NC_000913.3	4421708	4422172	+	465	30	13	14	44	0	27	33	11	35	0	25
gene-b4196	NC_000913.3	4422186	4422836	+	651	88	51	63	97	0	59	88	11	78	0	59
gene-b4197	NC_000913.3	4422846	4423700	+	855	69	42	41	88	0	45	75	26	49	0	37
gene-b4198	NC_000913.3	4423700	4424386	+	687	79	28	40	51	0	71	61	21	46	0	62
gene-b4199	NC_000913.3	4424516	4424791	-	276	42	29	19	46	0	32	15	16	106	0	42
gene-b4200	NC_000913.3	4425118	4425513	+	396	29156	15828	16190	32724	0	33515	35007	6898	17731	0	27090
gene-b4201	NC_000913.3	4425520	4425834	+	315	11334	7671	8043	16454	0	16729	13813	3490	7493	0	10746
gene-b4202	NC_000913.3	4425839	4426066	+	228	7104	5681	5917	14824	0	13292	11253	2064	4387	0	6793
gene-b4203	NC_000913.3	4426108	4426557	+	450	17033	10846	11657	25101	0	20995	29107	4048	9949	0	18319
gene-b4204	NC_000913.3	4426628	4427422	-	795	235	56	76	124	0	111	116	35	0	0	0
gene-b4206	NC_000913.3	4428079	4428717	-	639	1142	923	843	1243	0	1159	1554	311	1231	0	1040
gene-b4207	NC_000913.3	4428935	4429555	+	621	2827	1389	1375	3264	0	3228	3412	776	1271	0	2407
gene-b4208	NC_000913.3	4429864	4431276	+	1413	2508	1265	1360	2449	0	2173	2623	596	1173	0	1800
gene-b4209	NC_000913.3	4431321	4431983	-	663	80	71	42	84	0	89	91	16	48	0	47
gene-b4210	NC_000913.3	4432091	4433056	-	966	227	182	156	231	0	187	290	46	168	0	142
gene-b4211	NC_000913.3	4433164	4434024	-	861	209	111	116	212	0	183	219	54	177	0	127
gene-b4212	NC_000913.3	4434113	4434493	+	381	104	45	37	77	0	81	130	30	145	0	112
gene-b4213	NC_000913.3	4434622	4436565	-	1944	1172	633	630	1324	0	1203	1109	352	1294	0	1620
gene-b4214	NC_000913.3	4436755	4437495	+	741	878	613	681	1210	0	879	1224	257	1366	0	1509
gene-b4215	NC_000913.3	4437707	4438645	+	939	54	24	30	50	0	32	44	14	0	0	0
gene-b4216	NC_000913.3	4438708	4439262	-	555	71	44	47	74	0	90	116	10	194	0	192
gene-b4217	NC_000913.3	4439587	4439793	+	207	255	861	808	405	0	436	646	50	1247	0	448
gene-b4218	NC_000913.3	4439872	4441215	-	1344	916	509	424	938	0	510	1001	153	742	0	712
gene-b4219	NC_000913.3	4441538	4442176	-	639	926	458	585	924	0	790	954	200	561	0	628
gene-b4220	NC_000913.3	4442382	4444115	+	1734	1274	767	776	1422	0	1412	1562	418	1054	0	1231
gene-b4221	NC_000913.3	4444112	4447891	+	3780	1906	2025	1868	2342	0	2264	2768	522	2230	0	2020
gene-b4222	NC_000913.3	4447894	4448235	+	342	1226	1684	1637	2060	0	1384	2235	361	1926	0	1114
gene-b4224	NC_000913.3	4448447	4448698	+	252	80	57	39	60	0	59	54	16	0	0	0
gene-b4225	NC_000913.3	4448692	4449042	+	351	87	34	38	66	0	81	62	27	0	0	0
gene-b4226	NC_000913.3	4449122	4449652	-	531	18133	9034	9274	20877	0	17159	21871	5348	6526	0	8683
gene-b4227	NC_000913.3	4449962	4450918	+	957	181	129	111	190	0	190	175	68	109	0	174
gene-b4485	NC_000913.3	4451058	4452560	+	1503	85	69	63	131	0	104	111	24	108	0	109
gene-b4230	NC_000913.3	4452571	4453596	+	1026	19	39	28	34	0	38	30	10	43	0	14
gene-b4231	NC_000913.3	4453583	4454578	+	996	75	59	54	103	0	100	71	14	84	0	46
gene-b4232	NC_000913.3	4454611	4455609	-	999	4846	1858	2006	4391	0	3772	4535	1075	2187	0	2939
gene-b4233	NC_000913.3	4455785	4457158	+	1374	3494	1785	1674	3384	0	3239	3409	776	1942	0	2056
gene-b4234	NC_000913.3	4457314	4457865	-	552	1331	905	1038	1366	0	1529	1493	374	1241	0	1251
gene-b4235	NC_000913.3	4457959	4459311	+	1353	1829	1063	1173	1963	0	1878	2142	566	1084	0	1474
gene-b4237	NC_000913.3	4459900	4460364	-	465	29	30	27	52	0	52	57	26	66	0	82
gene-b4238	NC_000913.3	4460522	4462660	-	2139	142	226	211	260	0	299	329	66	235	0	282
gene-b4239	NC_000913.3	4463054	4464709	-	1656	95	108	101	125	0	123	168	54	146	0	117
gene-b4240	NC_000913.3	4464759	4466180	-	1422	200	83	114	163	0	160	229	55	156	0	165
gene-b4241	NC_000913.3	4466299	4467246	-	948	489	267	234	461	0	428	418	104	439	0	560
gene-b4702	NC_000913.3	4467431	4467484	+	54	1119	1355	1121	801	0	1163	1187	164	1200	0	880
gene-b4242	NC_000913.3	4467625	4470321	+	2697	1587	857	817	1296	0	1367	1597	369	549	0	426
gene-b4243	NC_000913.3	4470527	4470913	-	387	4253	2197	2162	3088	0	3352	3373	662	1302	0	1935
gene-b4244	NC_000913.3	4470986	4471447	-	462	3577	1756	1892	2106	0	2144	1776	523	253	0	418
gene-b4245	NC_000913.3	4471460	4472395	-	936	7527	2859	3266	4521	0	4952	3595	1393	356	0	814
gene-b4246	NC_000913.3	4472399	4472533	-	135	1206	142	124	114	0	108	339	17	365	0	389
gene-b4248	NC_000913.3	4472814	4473209	-	396	44	45	57	65	0	82	67	22	78	0	68
gene-b4249	NC_000913.3	4473340	4474053	-	714	109	71	80	93	0	97	119	26	99	0	71
gene-b4251	NC_000913.3	4474124	4474717	+	594	238	151	174	341	0	310	327	91	290	0	252
gene-b4252	NC_000913.3	4474862	4475314	+	453	481	357	366	581	0	499	702	197	236	0	252
gene-b4253	NC_000913.3	4475437	4477251	+	1815	157	124	169	169	0	186	206	55	128	0	96
gene-b4254	NC_000913.3	4477307	4478311	-	1005	2374	1368	1373	2741	0	3008	2596	850	1117	0	2988
gene-b4255	NC_000913.3	4478473	4478889	+	417	2927	1828	1815	3300	0	2842	3751	841	847	0	1252
gene-b4256	NC_000913.3	4479034	4479537	-	504	675	418	414	897	0	469	787	179	440	0	465
gene-b4257	NC_000913.3	4479730	4480926	+	1197	53	17	36	56	0	36	44	14	58	0	22
gene-b4258	NC_000913.3	4480982	4483837	-	2856	15385	7508	7622	16541	0	14618	17788	3959	6858	0	10497
gene-b4259	NC_000913.3	4483837	4484280	-	444	1024	450	406	1202	0	959	1133	386	373	0	527
gene-b4260	NC_000913.3	4484440	4485951	-	1512	6783	3013	3078	6926	0	6206	7230	1523	3378	0	5091
gene-b4822	NC_000913.3	4486043	4486099	+	57	154	230	280	474	0	458	91	42	165	0	84
gene-b4800	NC_000913.3	4486105	4486155	+	51	21	43	40	98	0	117	4	0	10	0	4
gene-b4261	NC_000913.3	4486218	4487318	+	1101	816	787	616	895	0	947	1001	319	549	0	627
gene-b4262	NC_000913.3	4487318	4488400	+	1083	1297	1088	1038	1604	0	1259	1988	290	1023	0	1095
gene-b4263	NC_000913.3	4488561	4490063	-	1503	382	348	258	343	0	497	402	109	253	0	294
gene-b4264	NC_000913.3	4490141	4491139	-	999	439	287	283	467	0	491	388	112	0	0	0
gene-b4265	NC_000913.3	4491206	4492525	-	1320	208	160	163	281	0	191	240	46	0	0	0
gene-b4266	NC_000913.3	4492587	4493351	-	765	54	38	26	67	0	57	65	16	0	0	0
gene-b4267	NC_000913.3	4493375	4494406	-	1032	49	35	41	56	0	47	46	16	0	0	0
gene-b4268	NC_000913.3	4494623	4495186	+	564	21	23	21	26	0	22	41	4	0	0	0
gene-b4269	NC_000913.3	4495190	4496209	-	1020	50	156	133	176	0	275	160	25	252	0	245
gene-b4270	NC_000913.3	4496405	4496489	+	85	447	111	79	117	0	92	253	27	780	0	424
gene-b4272	NC_000913.3	4498272	4498637	+	366	40	10	10	23	0	11	21	6	0	0	0
gene-b4273	NC_000913.3	4498595	4499500	+	906	105	28	23	22	0	31	51	10	0	0	0
gene-b4277	NC_000913.3	4501260	4501589	+	330	17	8	7	13	0	12	24	8	104	0	0
gene-b4278	NC_000913.3	4502103	4503431	-	1329	490	251	250	479	0	469	598	148	0	0	0
gene-b4279	NC_000913.3	4504058	4505275	+	1218	28	75	64	77	0	85	148	39	0	0	0
gene-b4280	NC_000913.3	4505287	4506405	+	1119	101	122	129	230	0	238	234	98	0	0	0
gene-b4655	NC_000913.3	4506448	4506573	+	126	23	11	14	29	0	12	15	7	0	0	0
gene-b4284	NC_000913.3	4507466	4508617	-	1152	50	40	24	53	0	30	36	3	13	0	11
gene-b4287	NC_000913.3	4510690	4511457	-	768	159	109	90	131	0	179	160	53	205	0	115
gene-b4288	NC_000913.3	4511458	4512414	-	957	78	56	45	135	0	48	73	17	71	0	49
gene-b4289	NC_000913.3	4512411	4513409	-	999	90	50	52	80	0	87	98	12	82	0	45
gene-b4290	NC_000913.3	4513406	4514308	-	903	183	101	131	195	0	159	158	35	220	0	124
gene-b4291	NC_000913.3	4514353	4516677	-	2325	267	298	302	395	0	355	495	122	699	0	327
gene-b4292	NC_000913.3	4516764	4517717	-	954	240	207	198	365	0	406	455	61	367	0	194
gene-b4293	NC_000913.3	4517714	4518235	-	522	357	271	238	476	0	450	501	111	828	0	297
gene-b4801	NC_000913.3	4518372	4518440	+	69	40	44	32	61	0	47	52	5	86	0	52
gene-b4294	NC_000913.3	4518527	4518802	+	276	209	172	120	236	0	217	198	33	336	0	265
gene-b4295	NC_000913.3	4519338	4520324	-	987	1520	1208	1049	1763	0	1480	1695	392	0	0	0
gene-b4296	NC_000913.3	4520671	4522020	-	1350	245	137	131	224	0	164	210	53	0	0	0
gene-b4297	NC_000913.3	4522127	4524094	-	1968	373	153	177	333	0	257	322	83	0	0	1
gene-b4298	NC_000913.3	4524105	4525010	-	906	105	57	71	121	0	88	127	27	0	0	0
gene-b4299	NC_000913.3	4525015	4525803	-	789	30	18	16	12	0	15	9	5	0	0	0
gene-b4300	NC_000913.3	4526106	4526888	-	783	123	80	64	93	0	132	123	30	0	0	0
gene-b4301	NC_000913.3	4526905	4527537	-	633	38	17	54	0	0	61	56	20	0	0	0
gene-b4302	NC_000913.3	4527549	4527980	-	432	53	40	20	0	0	67	71	18	0	0	0
gene-b4624	NC_000913.3	4527977	4528066	+	90	12	27	21	0	0	26	9	0	0	0	0
gene-b4303	NC_000913.3	4528111	4528917	-	807	168	183	152	0	0	183	203	38	0	0	0
gene-b4304	NC_000913.3	4528930	4530243	-	1314	48	22	41	0	0	39	66	11	0	0	0
gene-b4565	NC_000913.3	4530255	4530533	-	279	8	4	10	0	0	9	15	3	0	0	0
gene-b4305	NC_000913.3	4530530	4531651	-	1122	84	68	92	0	0	95	123	34	0	0	0
gene-b4306	NC_000913.3	4532437	4533183	-	747	71	22	30	0	0	61	42	17	0	0	0
gene-b4307	NC_000913.3	4533239	4533784	-	546	51	24	33	0	0	51	49	3	0	0	0
gene-b4566	NC_000913.3	4533796	4534053	-	258	154	76	86	0	0	70	130	22	0	0	0
gene-b4802	NC_000913.3	4536597	4536695	+	99	2	0	0	0	0	0	1	1	0	0	0
gene-b4309	NC_000913.3	4536614	4537594	-	981	59	50	38	0	0	52	33	10	0	0	0
gene-b4310	NC_000913.3	4537659	4538765	-	1107	145	73	77	0	0	121	88	17	52	0	46
gene-b4311	NC_000913.3	4538785	4539501	-	717	34	21	16	0	0	16	16	6	0	0	0
gene-b4312	NC_000913.3	4540957	4541559	+	603	937	367	376	0	0	585	829	230	0	0	0
gene-b4313	NC_000913.3	4542037	4542633	+	597	150	54	51	0	0	78	98	25	0	0	0
gene-b4314	NC_000913.3	4543115	4543663	+	549	31280	4859	4819	0	0	10431	4325	1190	0	0	0
gene-b4315	NC_000913.3	4543728	4544267	+	540	1559	268	301	0	0	680	126	28	0	0	0
gene-b4316	NC_000913.3	4544304	4545029	+	726	1128	199	185	0	0	440	122	55	0	0	0
gene-b4317	NC_000913.3	4545096	4547732	+	2637	1478	338	332	0	0	459	185	50	0	0	0
gene-b4318	NC_000913.3	4547742	4548272	+	531	130	39	40	0	0	68	18	7	0	0	0
gene-b4319	NC_000913.3	4548285	4548788	+	504	182	58	46	0	0	85	41	8	38	0	26
gene-b4320	NC_000913.3	4548808	4549710	+	903	366	167	141	0	0	196	142	14	175	0	79
gene-b4321	NC_000913.3	4549953	4551296	-	1344	130	91	81	0	0	137	187	31	18	0	23
gene-b4322	NC_000913.3	4551636	4552820	+	1185	447	210	198	0	0	417	410	122	252	0	370
gene-b4323	NC_000913.3	4552901	4554361	+	1461	389	183	195	0	0	380	394	112	207	0	264
gene-b4324	NC_000913.3	4554576	4555349	+	774	781	509	493	0	0	559	971	209	526	0	504
gene-b4325	NC_000913.3	4555490	4556320	-	831	19	11	17	0	0	12	25	9	24	0	13
gene-b4720	NC_000913.3	4556574	4556675	+	102	0	0	0	0	0	0	0	0	0	0	0
gene-b4721	NC_000913.3	4556654	4556797	+	144	19	5	7	0	0	16	24	7	15	0	3
gene-b4722	NC_000913.3	4556913	4556996	+	84	5	11	12	0	0	19	10	1	14	0	8
gene-b4326	NC_000913.3	4556993	4557385	+	393	33	33	19	0	0	45	40	8	37	0	30
gene-b4327	NC_000913.3	4557378	4558289	-	912	323	176	175	0	0	387	478	116	264	0	229
gene-b4328	NC_000913.3	4558354	4559526	-	1173	1129	481	508	0	0	999	1260	328	826	0	1181
gene-b4329	NC_000913.3	4559539	4560000	-	462	76	56	37	0	0	168	76	12	55	0	52
gene-b4330	NC_000913.3	4559997	4560680	-	684	24	21	10	0	0	23	26	6	38	0	23
gene-b4331	NC_000913.3	4560930	4561484	+	555	59	49	60	0	0	60	98	19	65	0	49
gene-b4332	NC_000913.3	4561497	4562675	-	1179	192	127	131	0	0	127	198	47	304	0	248
gene-b4333	NC_000913.3	4562743	4563603	-	861	115	83	73	0	0	138	74	35	118	0	85
gene-b4715	NC_000913.3	4563668	4563925	-	258	39	26	36	0	0	55	19	4	27	0	47
gene-b4334	NC_000913.3	4563922	4564689	-	768	25	23	30	0	0	31	41	8	73	0	39
gene-b4335	NC_000913.3	4564699	4565850	-	1152	35	23	24	0	0	60	75	33	102	0	97
gene-b4336	NC_000913.3	4565966	4567246	-	1281	95	122	104	0	0	175	178	39	127	0	118
gene-b4337	NC_000913.3	4567287	4568519	-	1233	153	90	82	0	0	108	136	35	189	0	135
gene-b4823	NC_000913.3	4568692	4568727	-	36	29	18	20	0	0	8	15	4	67	0	94
gene-b4340	NC_000913.3	4570162	4571574	-	1413	641	343	322	0	0	496	696	125	281	0	264
gene-b4341	NC_000913.3	4571751	4571915	+	165	36	16	13	0	0	9	17	3	9	0	2
gene-b4342	NC_000913.3	4572414	4573931	+	1518	1862	539	504	0	0	998	405	140	0	0	2
gene-b4345	NC_000913.3	4576912	4577958	-	1047	168	112	128	0	0	239	93	40	0	0	0
gene-b4346	NC_000913.3	4577958	4579337	-	1380	804	469	567	0	0	870	628	229	0	0	0
gene-b4347	NC_000913.3	4579499	4579840	-	342	24	26	30	0	0	24	39	7	71	0	25
gene-b4625	NC_000913.3	4579835	4579911	+	77	52	64	35	0	0	33	44	17	136	0	60
gene-b4348	NC_000913.3	4580068	4581462	-	1395	1059	624	583	0	0	1216	1272	602	0	0	0
gene-b4349	NC_000913.3	4581459	4583048	-	1590	1880	826	776	0	0	1796	1972	551	0	0	0
gene-b4350	NC_000913.3	4583249	4586761	-	3513	3578	1867	1981	0	0	3865	3893	1144	0	0	0
gene-b4351	NC_000913.3	4586949	4587863	+	915	661	555	449	0	0	691	889	202	0	0	0
gene-b4352	NC_000913.3	4587909	4588865	-	957	791	450	474	0	0	1004	1048	253	396	0	560
gene-b4353	NC_000913.3	4588876	4589079	-	204	145	106	114	0	0	210	151	18	107	0	92
gene-b4354	NC_000913.3	4589129	4591279	-	2151	146	126	133	0	0	131	117	36	142	0	110
gene-b4355	NC_000913.3	4591657	4593312	+	1656	251	7338	7617	0	0	10550	207	44	228	0	256
gene-b4356	NC_000913.3	4593361	4594722	-	1362	144	677	716	0	0	0	152	28	103	0	66
gene-b4357	NC_000913.3	4594937	4595851	-	915	46	53	53	0	0	0	65	5	121	0	160
gene-b4358	NC_000913.3	4595990	4597012	+	1023	40	49	28	0	0	0	94	22	55	0	32
gene-b4359	NC_000913.3	4597150	4599441	-	2292	1929	1949	1762	0	0	0	3093	538	2080	0	2171
gene-b4360	NC_000913.3	4599695	4600189	-	495	789	498	487	0	0	0	1061	224	730	0	634
gene-b4361	NC_000913.3	4600238	4600975	-	738	642	204	239	0	0	0	567	114	377	0	518
gene-b4362	NC_000913.3	4600978	4601517	-	540	736	215	232	0	0	0	643	106	429	0	578
gene-b4363	NC_000913.3	4601624	4602097	-	474	55	43	29	0	0	0	50	10	47	0	45
gene-b4364	NC_000913.3	4602088	4602858	-	771	94	64	54	0	0	0	116	18	78	0	95
gene-b4365	NC_000913.3	4603477	4604202	+	726	15	13	5	0	0	0	12	2	16	0	18
gene-b4366	NC_000913.3	4604160	4604837	+	678	339	312	282	0	0	0	396	95	144	0	40
gene-b4367	NC_000913.3	4604875	4605663	-	789	4950	3753	3539	0	0	0	5958	1149	3673	0	1439
gene-b4567	NC_000913.3	4605804	4606040	+	237	73	52	38	0	0	0	70	14	228	0	28
gene-b4368	NC_000913.3	4606079	4606165	-	87	136	131	131	0	0	0	178	16	80	0	71
gene-b4369	NC_000913.3	4606200	4606286	-	87	249	778	621	0	0	0	1035	123	518	0	186
gene-b4370	NC_000913.3	4606315	4606401	-	87	883	1965	1566	0	0	0	1558	217	998	0	620
gene-b4371	NC_000913.3	4606669	4607700	-	1032	1245	695	751	0	0	0	1586	286	705	0	1021
gene-b4372	NC_000913.3	4607803	4608216	+	414	450	319	276	0	0	0	537	101	264	0	251
gene-b4373	NC_000913.3	4608185	4608631	+	447	362	232	266	0	0	0	347	142	220	0	246
gene-b4374	NC_000913.3	4608646	4609323	+	678	460	320	354	0	0	0	581	141	306	0	378
gene-b4375	NC_000913.3	4609414	4611003	+	1590	6903	2789	2834	0	0	0	7950	1982	1890	0	3103
gene-b4376	NC_000913.3	4611396	4612001	+	606	211	898	1078	0	0	0	815	211	776	0	571
gene-b4568	NC_000913.3	4612128	4612289	+	162	49	291	438	0	0	0	266	52	243	0	127
gene-b4377	NC_000913.3	4612411	4613484	+	1074	194	228	153	0	0	0	216	54	141	0	154
gene-b4378	NC_000913.3	4613481	4614260	+	780	68	122	62	0	0	0	142	31	91	0	72
gene-b4379	NC_000913.3	4614680	4615543	-	864	50	14	40	0	0	0	45	17	47	0	26
gene-b4380	NC_000913.3	4615515	4617065	-	1551	88	45	51	0	0	0	117	45	69	0	53
gene-b4381	NC_000913.3	4617323	4618102	+	780	349	244	317	0	0	0	487	157	203	0	208
gene-b4382	NC_000913.3	4618229	4619551	+	1323	378	306	309	0	0	0	531	114	374	0	335
gene-b4383	NC_000913.3	4619603	4620826	+	1224	2423	1402	1558	0	0	0	3032	714	1232	0	1781
gene-b4384	NC_000913.3	4620883	4621602	+	720	4062	1439	1572	0	0	0	4222	1181	2019	0	2758
gene-b4385	NC_000913.3	4621769	4623100	+	1332	805	397	423	0	0	0	837	171	1	0	1
gene-b4386	NC_000913.3	4623101	4624117	-	1017	262	240	178	0	0	0	316	61	304	0	380
gene-b4387	NC_000913.3	4624145	4624789	-	645	260	188	160	0	0	0	364	115	245	0	341
gene-b4388	NC_000913.3	4624895	4625863	+	969	1705	916	981	0	0	0	2245	529	984	0	1628
gene-b4389	NC_000913.3	4625912	4627294	+	1383	1781	832	854	0	0	0	2169	523	986	0	1486
gene-b4390	NC_000913.3	4627315	4628547	+	1233	1337	675	769	0	0	0	1623	393	939	0	1146
gene-b4391	NC_000913.3	4628855	4630522	-	1668	7458	4098	4175	0	0	0	9852	1972	4382	0	7014
gene-b4392	NC_000913.3	4630733	4632670	+	1938	1233	936	789	0	0	0	1397	339	784	0	896
gene-b4393	NC_000913.3	4632760	4633086	+	327	833	516	487	0	0	0	1090	153	587	0	513
gene-b4394	NC_000913.3	4633233	4633745	-	513	566	378	413	0	0	0	831	140	260	0	293
gene-b4395	NC_000913.3	4633797	4634444	+	648	742	710	633	0	0	0	1179	191	649	0	978
gene-b4396	NC_000913.3	4634441	4635310	-	870	2267	1253	1285	0	0	0	2335	521	1475	0	1772
gene-b4397	NC_000913.3	4635521	4635994	+	474	673	539	531	0	0	0	777	232	587	0	621
gene-b4398	NC_000913.3	4636007	4636696	+	690	401	261	233	0	0	0	409	110	260	0	243
gene-b4399	NC_000913.3	4636696	4638120	+	1425	376	230	233	0	0	0	373	78	230	0	193
gene-b4400	NC_000913.3	4638178	4639530	+	1353	124	118	84	0	0	0	135	32	129	0	67
gene-b4401	NC_000913.3	4639590	4640306	-	717	7853	3688	4105	0	0	0	7129	1370	3315	0	3054
gene-b4402	NC_000913.3	4640402	4640542	+	141	1902	1098	1082	0	0	0	1559	320	1339	0	991
gene-b4824	NC_000913.3	4640718	4640771	+	54	164	87	110	0	0	0	213	85	185	0	100
gene-b4403	NC_000913.3	4640942	4641628	+	687	473	212	191	0	0	0	412	142	234	0	237
