# Program:featureCounts v2.0.3; Command:"featureCounts" "-a" "ref_genomes/NC_007779.1.gff3" "-o" "counts/NC_007779.1_counts.txt" "aligned/SRR12170043.unique.sorted.bam" "aligned/SRR12170044.unique.sorted.bam" "aligned/SRR12170045.unique.sorted.bam" "aligned/SRR12170046.unique.sorted.bam" "aligned/SRR12170047.unique.sorted.bam" "aligned/SRR12170048.unique.sorted.bam" "aligned/SRR12170049.unique.sorted.bam" "aligned/SRR12170057.unique.sorted.bam" "aligned/SRR12170071.unique.sorted.bam" "aligned/SRR12170072.unique.sorted.bam" "-T" "4" "-p" "-B" "-C" "-t" "gene" "-g" "ID" 
Geneid	Chr	Start	End	Strand	Length	aligned/SRR12170043.unique.sorted.bam	aligned/SRR12170044.unique.sorted.bam	aligned/SRR12170045.unique.sorted.bam	aligned/SRR12170046.unique.sorted.bam	aligned/SRR12170047.unique.sorted.bam	aligned/SRR12170048.unique.sorted.bam	aligned/SRR12170049.unique.sorted.bam	aligned/SRR12170057.unique.sorted.bam	aligned/SRR12170071.unique.sorted.bam	aligned/SRR12170072.unique.sorted.bam
gene-Y75_RS00005	NC_007779.1	190	255	+	66	14043	5146	10505	11062	17329	15547	16310	37543	6939	7205
gene-Y75_RS00010	NC_007779.1	337	2799	+	2463	40968	27784	33408	31258	43716	38707	40945	108456	19579	20371
gene-Y75_RS00015	NC_007779.1	2801	3733	+	933	10937	7570	8646	8250	12087	10654	10782	32336	5153	5601
gene-Y75_RS00020	NC_007779.1	3734	5020	+	1287	14930	9734	12738	11910	15861	14097	14584	43767	7029	7223
gene-Y75_RS00030	NC_007779.1	5234	5530	+	297	595	391	2077	1777	2689	2211	2859	1327	2007	2012
gene-Y75_RS00035	NC_007779.1	5683	6459	-	777	935	754	775	687	933	783	811	2288	906	836
gene-Y75_RS00040	NC_007779.1	6529	7959	-	1431	147	191	140	129	146	155	162	388	121	116
gene-Y75_RS00045	NC_007779.1	8238	9191	+	954	23703	13948	15953	14756	20140	18503	19015	54674	11148	10906
gene-Y75_RS00050	NC_007779.1	9306	9893	+	588	446	425	475	417	489	501	596	1260	465	419
gene-Y75_RS00055	NC_007779.1	9928	10494	-	567	201	262	272	240	218	205	188	594	409	393
gene-Y75_RS00060	NC_007779.1	10643	11356	-	714	31	37	58	43	44	43	37	111	51	28
gene-Y75_RS00065	NC_007779.1	11382	11786	-	405	39	34	24	26	35	20	39	94	19	14
gene-Y75_RS00070	NC_007779.1	12163	14079	+	1917	24405	18190	21003	19756	25123	23206	22198	77660	28192	28859
gene-Y75_RS00075	NC_007779.1	14168	15298	+	1131	3177	2809	5158	4888	6283	5721	4978	10011	3017	3264
gene-Y75_RS00080	NC_007779.1	15445	16557	+	1113	234	224	381	385	413	420	361	428	232	213
gene-Y75_RS00085	NC_007779.1	16751	16903	-	153	77	78	79	85	134	88	101	144	55	36
gene-Y75_RS00090	NC_007779.1	17489	18655	+	1167	651	553	784	679	755	630	736	1854	746	772
gene-Y75_RS00095	NC_007779.1	18721	19620	+	900	358	422	321	334	367	385	553	901	189	170
gene-Y75_RS00100	NC_007779.1	19811	20508	-	698	41	77	104	75	70	80	84	120	6	8
gene-Y75_RS00110	NC_007779.1	20815	21078	-	264	15577	10391	15378	14086	16250	15036	15036	53678	19060	20712
gene-Y75_RS00115	NC_007779.1	21181	21399	+	219	1722	100	957	884	1804	1367	1948	4496	1110	1303
gene-Y75_RS00120	NC_007779.1	21407	22348	+	942	2682	3016	2741	2715	3286	3040	3006	7717	2537	2589
gene-Y75_RS00125	NC_007779.1	22391	25207	+	2817	12631	13339	12851	12106	16149	14832	13183	34500	9176	9976
gene-Y75_RS00130	NC_007779.1	25207	25701	+	495	1268	1158	1294	1182	1699	1400	1283	3490	971	1027
gene-Y75_RS00135	NC_007779.1	25826	26275	+	450	889	910	946	891	1175	989	947	2301	552	575
gene-Y75_RS00140	NC_007779.1	26277	27227	+	951	1362	1280	1628	1591	2018	1899	1573	3644	1061	1099
gene-Y75_RS00145	NC_007779.1	27293	28207	+	915	159	111	399	327	504	378	410	627	209	174
gene-Y75_RS00150	NC_007779.1	28374	29195	+	822	2350	1343	4853	4420	4975	4561	3448	12405	7664	8406
gene-Y75_RS00165	NC_007779.1	29651	30799	+	1149	15009	4470	9199	8200	11594	10122	10417	23632	17818	17551
gene-Y75_RS00170	NC_007779.1	30817	34038	+	3222	27484	8016	16546	15558	21265	18872	17430	44722	28931	30587
gene-Y75_RS00180	NC_007779.1	34300	34695	+	396	378	135	595	461	719	559	843	502	137	158
gene-Y75_RS00185	NC_007779.1	34781	35371	-	591	43	23	49	58	73	47	53	110	35	44
gene-Y75_RS00190	NC_007779.1	35377	36162	-	786	17	18	36	33	47	29	50	47	18	18
gene-Y75_RS00195	NC_007779.1	36271	37824	-	1554	152	135	103	91	163	121	127	366	54	67
gene-Y75_RS00200	NC_007779.1	37898	39115	-	1218	48	74	76	70	100	64	74	199	24	27
gene-Y75_RS00205	NC_007779.1	39244	40386	-	1143	96	115	132	123	156	135	135	261	60	83
gene-Y75_RS00210	NC_007779.1	40417	41931	-	1515	14	20	16	14	32	19	18	53	19	10
gene-Y75_RS00215	NC_007779.1	42403	43173	+	771	15	15	18	17	36	26	28	40	25	27
gene-Y75_RS00220	NC_007779.1	43188	44129	+	942	15	10	22	30	28	15	16	71	19	21
gene-Y75_RS00225	NC_007779.1	44180	45466	+	1287	18	31	17	18	20	18	18	128	18	23
gene-Y75_RS00230	NC_007779.1	45463	45750	+	288	3	0	3	1	4	7	7	22	2	5
gene-Y75_RS00235	NC_007779.1	45807	47138	+	1332	14	22	17	22	20	22	23	72	18	18
gene-Y75_RS00240	NC_007779.1	47246	47776	+	531	132	112	81	72	126	134	117	381	94	110
gene-Y75_RS00245	NC_007779.1	47769	49631	+	1863	249	269	241	223	285	250	260	919	255	250
gene-Y75_RS00250	NC_007779.1	49823	50302	+	480	680	381	969	868	1050	959	789	2070	1154	1233
gene-Y75_RS00255	NC_007779.1	50380	51222	-	843	391	383	355	347	491	407	392	1263	445	515
gene-Y75_RS00260	NC_007779.1	51229	51606	-	378	308	356	246	242	305	277	271	1230	289	311
gene-Y75_RS00265	NC_007779.1	51609	52430	-	822	1231	1067	1068	919	1125	1034	1013	3797	1041	1058
gene-Y75_RS00270	NC_007779.1	52427	53416	-	990	981	902	742	620	916	742	859	2964	703	838
gene-Y75_RS00275	NC_007779.1	53416	54702	-	1287	4201	4179	3596	3439	4664	3985	4209	12224	3430	3320
gene-Y75_RS00280	NC_007779.1	54755	57109	-	2355	8164	8560	8214	7427	9783	8525	8719	21614	6608	6563
gene-Y75_RS00285	NC_007779.1	57364	58179	+	816	505	444	407	374	521	470	387	1149	426	467
gene-Y75_RS00290	NC_007779.1	58474	59124	+	651	439	498	415	364	509	398	477	1082	0	0
gene-Y75_RS24700	NC_007779.1	59121	59279	+	159	130	71	82	98	140	118	144	396	0	0
gene-Y75_RS00295	NC_007779.1	59687	60346	-	660	247	246	385	360	403	410	298	894	298	292
gene-Y75_RS00300	NC_007779.1	60358	63264	-	2907	1326	977	1707	1651	2135	1817	1670	4353	1773	1757
gene-Y75_RS00305	NC_007779.1	63429	65780	-	2352	338	317	323	342	423	381	330	957	293	302
gene-Y75_RS00310	NC_007779.1	65855	66550	-	696	32	11	30	22	30	18	24	59	24	20
gene-Y75_RS00315	NC_007779.1	66835	68337	-	1503	59	75	74	71	122	72	66	236	68	71
gene-Y75_RS00320	NC_007779.1	68348	70048	-	1701	35	50	44	55	66	34	47	134	52	41
gene-Y75_RS00325	NC_007779.1	70387	71265	+	879	587	466	669	660	787	616	660	1133	395	389
gene-Y75_RS00330	NC_007779.1	71351	72115	+	765	253	335	315	251	316	344	285	683	323	251
gene-Y75_RS00335	NC_007779.1	72229	72927	-	699	299	193	265	248	299	294	246	842	256	266
gene-Y75_RS00340	NC_007779.1	72911	74521	-	1611	453	284	456	493	608	523	399	1439	477	483
gene-Y75_RS00345	NC_007779.1	74497	75480	-	984	1997	1111	1889	1678	2312	1958	1861	4684	1966	1928
gene-Y75_RS00350	NC_007779.1	75644	77299	-	1656	494	414	422	465	535	590	522	1164	215	199
gene-Y75_RS00355	NC_007779.1	77388	77519	+	132	415	328	97	90	98	95	143	493	123	147
gene-Y75_RS00360	NC_007779.1	77621	78799	+	1179	274	323	331	369	426	373	429	997	315	339
gene-Y75_RS00365	NC_007779.1	78848	79453	-	606	5641	11933	5124	4749	6488	5951	6299	14932	3174	3565
gene-Y75_RS00370	NC_007779.1	79464	80864	-	1401	12458	25769	11192	10425	15501	12972	13804	31423	7023	7449
gene-Y75_RS00375	NC_007779.1	80867	81958	-	1092	8742	18400	7727	7535	10960	9699	9966	21907	4840	5289
gene-Y75_RS00380	NC_007779.1	81958	83529	-	1572	10651	19850	10025	9223	13486	12103	11926	24102	6885	7084
gene-Y75_RS00385	NC_007779.1	83622	83708	-	87	1736	630	1389	1443	1721	1700	1365	4210	987	1077
gene-Y75_RS00390	NC_007779.1	84368	85312	+	945	75	168	53	36	67	55	85	135	20	24
gene-Y75_RS24710	NC_007779.1	85467	85511	-	45	6	2	0	2	2	2	4	3	0	5
gene-Y75_RS00395	NC_007779.1	85630	87354	+	1725	5477	5520	4974	4531	6070	5463	6133	11894	3223	3290
gene-Y75_RS00400	NC_007779.1	87357	87848	+	492	1666	1700	1400	1207	1729	1612	1882	3871	821	843
gene-Y75_RS00405	NC_007779.1	87860	87946	+	87	54	39	47	45	104	83	82	261	27	20
gene-Y75_RS00410	NC_007779.1	88028	89032	+	1005	1677	1888	1840	1623	2029	1916	2008	3885	1098	1000
gene-Y75_RS00415	NC_007779.1	89634	90092	+	459	1019	1110	1180	1035	1373	1295	1154	3087	1161	1167
gene-Y75_RS00420	NC_007779.1	90094	91035	+	942	1406	1456	1334	1245	1681	1436	1463	3555	1317	1463
gene-Y75_RS00425	NC_007779.1	91032	91397	+	366	321	348	348	304	421	344	335	1174	326	424
gene-Y75_RS00430	NC_007779.1	91413	93179	+	1767	2525	2605	2170	2031	2684	2114	2363	6674	2337	2749
gene-Y75_RS00435	NC_007779.1	93166	94653	+	1488	2009	2258	1822	1715	2348	2076	1972	5423	2057	2348
gene-Y75_RS00440	NC_007779.1	94650	96008	+	1359	1770	1892	1562	1466	2025	1697	1600	4732	1703	1839
gene-Y75_RS00445	NC_007779.1	96002	97084	+	1083	881	912	907	789	930	844	832	2663	924	1005
gene-Y75_RS00450	NC_007779.1	97087	98403	+	1317	1674	1798	1438	1347	1860	1700	1627	4381	1722	1720
gene-Y75_RS00455	NC_007779.1	98403	99647	+	1245	1074	1135	1046	976	1232	1116	1175	2888	1075	1086
gene-Y75_RS00460	NC_007779.1	99644	100711	+	1068	1068	1133	938	849	1190	1038	1074	2976	946	1058
gene-Y75_RS00465	NC_007779.1	100765	102240	+	1476	1988	2160	1865	1779	2363	2187	2027	5798	1843	1822
gene-Y75_RS00470	NC_007779.1	102233	103153	+	921	1392	1650	1430	1267	1620	1476	1483	4401	1306	1252
gene-Y75_RS00475	NC_007779.1	103155	103985	+	831	1075	1166	1141	965	1353	1121	1084	3167	906	941
gene-Y75_RS00480	NC_007779.1	103982	105244	+	1263	2609	2798	2204	2136	2919	2443	2598	6972	1935	1878
gene-Y75_RS00485	NC_007779.1	105305	106456	+	1152	8054	9012	6501	5923	8357	7555	7625	20647	5622	6082
gene-Y75_RS00490	NC_007779.1	106557	107474	+	918	12257	13392	12366	11349	13212	11493	11795	30725	7885	7771
gene-Y75_RS00495	NC_007779.1	107705	108217	+	513	1545	1448	1826	1670	2396	1922	1956	4206	1158	1335
gene-Y75_RS00500	NC_007779.1	108279	110984	+	2706	5569	4979	7394	6767	8500	7837	7313	16347	4375	4527
gene-Y75_RS00505	NC_007779.1	111044	111433	+	390	221	179	441	387	446	412	464	463	145	139
gene-Y75_RS00515	NC_007779.1	111649	111846	-	198	321	274	430	368	491	397	408	815	287	326
gene-Y75_RS00520	NC_007779.1	111856	112599	-	744	816	667	891	791	995	1024	1024	2500	790	677
gene-Y75_RS00525	NC_007779.1	112599	113219	-	621	445	445	502	474	692	582	602	1518	405	433
gene-Y75_RS25160	NC_007779.1	113244	113288	+	45	2	2	3	1	3	1	1	147	0	1
gene-Y75_RS00530	NC_007779.1	113444	114487	+	1044	7005	4352	3969	3322	4111	3790	4582	12382	3789	3670
gene-Y75_RS00535	NC_007779.1	114522	115724	-	1203	107	78	65	84	100	91	74	228	82	67
gene-Y75_RS00540	NC_007779.1	115714	117099	-	1386	98	120	105	85	136	88	102	261	69	103
gene-Y75_RS00545	NC_007779.1	117109	117549	-	441	4	10	6	13	8	10	11	21	12	9
gene-Y75_RS00555	NC_007779.1	117752	118645	-	894	923	1093	1022	872	1116	941	913	2413	665	674
gene-Y75_RS00560	NC_007779.1	118733	119284	+	552	252	240	139	129	172	173	193	617	162	182
gene-Y75_RS00565	NC_007779.1	119281	120135	+	855	307	371	245	257	325	289	308	915	254	259
gene-Y75_RS00570	NC_007779.1	120178	121551	-	1374	9505	8407	10228	9118	12186	11080	10171	22650	8086	7943
gene-Y75_RS00575	NC_007779.1	122092	122856	+	765	1794	1371	2008	1737	2208	1990	1929	3982	1340	1349
gene-Y75_RS00580	NC_007779.1	123017	125680	+	2664	33548	26255	30412	28192	38447	35244	33335	85781	26061	26920
gene-Y75_RS00585	NC_007779.1	125695	127587	+	1893	16535	13136	15453	14720	20217	17927	16211	43109	13078	13830
gene-Y75_RS00590	NC_007779.1	127912	129336	+	1425	23370	16078	23175	21377	29070	25173	24978	53497	15160	15636
gene-Y75_RS00595	NC_007779.1	129407	131260	-	1854	114	171	131	100	154	147	141	260	74	58
gene-Y75_RS00600	NC_007779.1	131615	134212	+	2598	42682	30740	20559	19275	26297	22774	23973	82268	26528	28745
gene-Y75_RS00605	NC_007779.1	134388	134750	+	363	308	284	530	523	671	612	654	879	374	380
gene-Y75_RS00610	NC_007779.1	134788	135582	-	795	3710	2433	3282	3011	3945	3479	3402	11655	4177	4076
gene-Y75_RS00615	NC_007779.1	135598	136464	-	867	3877	2357	3243	2988	4071	3430	3311	10351	3887	3846
gene-Y75_RS00620	NC_007779.1	136570	136917	-	348	359	620	399	324	395	354	385	1133	355	345
gene-Y75_RS00625	NC_007779.1	137083	138633	+	1551	2884	1894	2036	1798	2530	2345	2789	7437	1563	1575
gene-Y75_RS00630	NC_007779.1	138835	141225	-	2391	1546	2474	1189	1110	1496	1208	1236	4314	657	697
gene-Y75_RS00635	NC_007779.1	141431	141967	+	537	1372	1093	1563	1446	1747	1517	1319	4335	1329	1260
gene-Y75_RS00640	NC_007779.1	142008	142670	-	663	8985	5841	9695	8952	11661	9852	8657	22024	7651	7531
gene-Y75_RS00645	NC_007779.1	142779	143705	+	927	623	826	551	483	748	645	685	1557	296	302
gene-Y75_RS00650	NC_007779.1	143702	144472	+	771	334	410	403	359	454	349	401	939	216	175
gene-Y75_RS00655	NC_007779.1	144577	145017	+	441	98	103	81	74	100	71	108	248	48	93
gene-Y75_RS00660	NC_007779.1	145081	146310	+	1230	153	155	174	184	216	207	176	504	175	189
gene-Y75_RS00665	NC_007779.1	146314	146694	-	381	3824	3178	4951	4452	5575	4860	3711	13182	5849	5677
gene-Y75_RS00670	NC_007779.1	146968	147870	+	903	130	136	123	119	126	125	124	366	103	62
gene-Y75_RS00675	NC_007779.1	147944	148795	-	852	3961	3273	3321	3060	3948	3464	3816	9801	2486	2362
gene-Y75_RS00680	NC_007779.1	148807	149601	-	795	3059	2556	2957	2705	3600	3047	3562	7784	1899	1964
gene-Y75_RS00685	NC_007779.1	149715	150965	-	1251	105	98	113	92	105	82	134	198	37	62
gene-Y75_RS00690	NC_007779.1	151003	151599	-	597	15	30	11	8	16	14	13	40	12	4
gene-Y75_RS00695	NC_007779.1	151626	152231	-	606	21	49	16	21	31	16	26	65	28	19
gene-Y75_RS00700	NC_007779.1	152243	152812	-	570	33	36	15	11	8	8	28	62	14	12
gene-Y75_RS00705	NC_007779.1	152829	155426	-	2598	58	121	82	69	126	82	100	223	28	18
gene-Y75_RS00710	NC_007779.1	155461	156201	-	741	28	24	22	22	30	15	25	47	17	9
gene-Y75_RS00715	NC_007779.1	156299	156883	-	585	17	12	8	8	13	4	14	21	20	16
gene-Y75_RS00720	NC_007779.1	157253	157732	-	480	333	244	265	278	291	266	297	1006	270	337
gene-Y75_RS00725	NC_007779.1	157729	159126	-	1398	4624	3517	4490	4088	5497	4923	4564	12139	4191	3998
gene-Y75_RS00730	NC_007779.1	159186	160082	-	897	171	174	577	517	663	596	615	744	253	268
gene-Y75_RS00735	NC_007779.1	160149	160604	-	456	5711	4365	5126	4595	5595	4819	4942	15375	5936	6357
gene-Y75_RS00740	NC_007779.1	160782	161486	-	705	477	458	345	345	475	366	371	1329	515	500
gene-Y75_RS00745	NC_007779.1	161501	162031	-	531	237	234	213	210	248	229	209	691	281	303
gene-Y75_RS00750	NC_007779.1	162105	164534	+	2430	827	818	831	758	879	862	803	1999	646	688
gene-Y75_RS00760	NC_007779.1	164730	167264	+	2535	1924	1895	1909	1680	2214	1882	1825	5040	2063	2190
gene-Y75_RS00765	NC_007779.1	167484	169727	+	2244	6469	5040	8973	8251	10562	10707	8552	17546	9046	8631
gene-Y75_RS00770	NC_007779.1	169778	170575	+	798	561	433	588	483	653	674	465	1771	657	691
gene-Y75_RS00775	NC_007779.1	170575	171465	+	891	302	265	360	344	421	414	344	1112	523	501
gene-Y75_RS00780	NC_007779.1	171462	173444	+	1983	549	446	642	665	766	730	579	1601	672	642
gene-Y75_RS00785	NC_007779.1	173602	174882	-	1281	3496	3227	3904	3652	4818	4117	3811	8134	2714	2568
gene-Y75_RS25215	NC_007779.1	175048	175095	+	48	13	17	10	16	12	12	16	65	14	12
gene-Y75_RS00790	NC_007779.1	175107	176528	+	1422	388	482	424	388	443	446	428	1336	323	370
gene-Y75_RS24715	NC_007779.1	176552	176617	+	66	0	0	0	0	0	0	2	24	0	2
gene-Y75_RS00795	NC_007779.1	176610	176954	+	345	1354	1115	1464	1514	1582	1370	1325	4918	1501	1413
gene-Y75_RS00800	NC_007779.1	177001	177624	-	624	203	117	177	208	265	212	216	664	245	207
gene-Y75_RS00805	NC_007779.1	177662	178462	-	801	194	170	263	193	190	229	209	613	140	143
gene-Y75_RS00810	NC_007779.1	178455	179153	-	699	2148	2028	2152	2018	2514	2084	2206	5233	1436	1378
gene-Y75_RS00815	NC_007779.1	179237	180754	+	1518	957	872	694	554	761	631	678	1898	459	634
gene-Y75_RS00820	NC_007779.1	180884	182308	+	1425	2811	2696	1681	1653	1951	1938	2000	5821	6044	6126
gene-Y75_RS00825	NC_007779.1	182463	183620	+	1158	164	106	125	134	148	136	139	311	75	92
gene-Y75_RS00830	NC_007779.1	183709	184095	-	387	1556	1736	995	780	1117	1072	1307	2962	754	801
gene-Y75_RS00835	NC_007779.1	184257	185069	-	813	112	114	163	151	196	158	174	263	120	87
gene-Y75_RS00840	NC_007779.1	185123	185947	-	825	10553	8055	19949	18162	21654	20056	16499	35891	14183	14425
gene-Y75_RS00845	NC_007779.1	185978	188650	-	2673	1681	1696	1741	1493	1973	1801	1679	3894	1033	1086
gene-Y75_RS00850	NC_007779.1	188712	189506	-	795	3537	3013	3300	3059	4181	3584	3559	9175	2331	2400
gene-Y75_RS00855	NC_007779.1	189874	190599	+	726	37203	28499	42187	38089	49087	42936	42783	98972	38478	37500
gene-Y75_RS00860	NC_007779.1	190857	191708	+	852	16354	11675	18553	16998	22354	20112	19327	46300	20110	19888
gene-Y75_RS00865	NC_007779.1	191855	192580	+	726	4168	2177	5321	5125	7104	6176	6683	7257	2266	2202
gene-Y75_RS00870	NC_007779.1	192872	193429	+	558	8310	6700	8795	8073	10192	9313	9780	20645	7554	7427
gene-Y75_RS00875	NC_007779.1	193521	194717	+	1197	440	516	785	731	953	818	797	1188	445	497
gene-Y75_RS00880	NC_007779.1	194906	195664	+	759	1949	1659	2800	2620	3304	2835	2850	4878	1605	1578
gene-Y75_RS00885	NC_007779.1	195677	196534	+	858	1000	881	1473	1324	1482	1243	1386	3071	940	846
gene-Y75_RS00890	NC_007779.1	196546	197898	+	1353	3275	3196	3769	3363	4406	3867	3931	9270	3775	3573
gene-Y75_RS00895	NC_007779.1	197928	200360	+	2433	11717	11151	13500	12139	16350	14276	14975	30895	11863	11868
gene-Y75_RS00900	NC_007779.1	200482	200967	+	486	6059	5726	5930	5415	7533	6812	6921	16648	4722	4555
gene-Y75_RS00905	NC_007779.1	200971	201996	+	1026	7144	6705	9250	8419	11532	9800	9700	21253	5732	5680
gene-Y75_RS00910	NC_007779.1	202101	202556	+	456	2791	2427	5249	4746	6074	5326	5422	8097	1851	1689
gene-Y75_RS00915	NC_007779.1	202560	203348	+	789	2886	2519	5779	5477	7047	6259	5592	9195	1848	1866
gene-Y75_RS00920	NC_007779.1	203348	204496	+	1149	1433	1424	2725	2489	3088	2795	2733	4230	1040	1056
gene-Y75_RS00925	NC_007779.1	204493	205089	+	597	415	351	763	691	944	728	718	1258	345	409
gene-Y75_RS00930	NC_007779.1	205126	208608	+	3483	3175	2891	6165	5588	7460	6500	5916	10447	3243	3451
gene-Y75_RS00935	NC_007779.1	208621	209580	+	960	4226	3377	6119	5461	7246	6635	6010	12707	4710	4657
gene-Y75_RS00940	NC_007779.1	209679	211820	+	2142	284	249	587	546	682	560	782	962	235	193
gene-Y75_RS00945	NC_007779.1	211877	212266	+	390	161	136	159	148	185	128	185	451	164	190
gene-Y75_RS00950	NC_007779.1	212331	213629	+	1299	592	575	609	572	773	624	614	1962	643	713
gene-Y75_RS00955	NC_007779.1	213678	213938	-	261	347	337	282	212	350	288	320	1024	291	268
gene-Y75_RS00960	NC_007779.1	213925	214125	-	201	565	559	500	469	558	506	459	1324	402	377
gene-Y75_RS00965	NC_007779.1	214291	214836	+	546	356	297	307	255	440	359	322	801	204	242
gene-Y75_RS00970	NC_007779.1	214833	215255	+	423	147	110	165	118	184	162	163	478	106	117
gene-Y75_RS00975	NC_007779.1	215269	215979	+	711	394	383	400	356	517	416	424	993	364	380
gene-Y75_RS00980	NC_007779.1	216179	217003	-	825	75	114	135	103	139	111	135	186	93	89
gene-Y75_RS00985	NC_007779.1	217057	218775	-	1719	8423	6366	10283	9721	12958	11555	10344	24170	7218	7170
gene-Y75_RS00990	NC_007779.1	218887	219594	-	708	513	361	695	634	830	725	663	1473	383	406
gene-Y75_RS00995	NC_007779.1	219591	219995	-	405	1100	865	1131	1030	1500	1343	1354	2906	961	898
gene-Y75_RS01000	NC_007779.1	220113	220928	-	816	11006	7865	9490	8766	11869	10411	10651	31161	9289	8979
gene-Y75_RS01005	NC_007779.1	220968	221621	-	654	1478	1013	1649	1601	1881	1611	1595	5643	1323	1315
gene-Y75_RS01010	NC_007779.1	221614	222645	-	1032	3490	1876	3757	3611	4547	3899	3810	11414	3605	3677
gene-Y75_RS01015	NC_007779.1	222833	223408	+	576	646	661	533	519	671	647	676	1453	391	407
gene-Y75_RS01020	NC_007779.1	223771	225312	+	1542	26	28	80	37	30	37	71	64	59	122
gene-Y75_RS01025	NC_007779.1	225381	225457	+	77	0	1	0	0	0	0	0	178	0	0
gene-Y75_RS01030	NC_007779.1	225500	225575	+	76	328	171	413	362	438	301	345	563	0	0
gene-Y75_RS01035	NC_007779.1	225759	228662	+	2904	110	54	266	161	160	143	178	140	144	422
gene-Y75_RS01040	NC_007779.1	228758	228873	+	116	4	0	0	0	2	0	0	2	0	0
gene-Y75_RS01045	NC_007779.1	228928	229004	+	77	122	54	95	87	52	96	117	328	28	21
gene-Y75_RS01050	NC_007779.1	229167	229970	+	804	328	327	375	303	388	336	403	867	251	260
gene-Y75_RS01055	NC_007779.1	229967	230881	-	915	303	308	361	365	533	454	442	924	213	209
gene-Y75_RS01060	NC_007779.1	231122	231922	+	801	1028	1376	906	855	1128	950	957	2318	717	771
gene-Y75_RS01065	NC_007779.1	231926	232549	+	624	114	141	182	141	236	169	151	381	64	50
gene-Y75_RS01070	NC_007779.1	232597	233955	-	1359	9361	5992	7695	7088	8999	7674	9729	19459	3644	3670
gene-Y75_RS01075	NC_007779.1	234027	234782	-	756	550	605	466	387	489	494	488	1437	499	385
gene-Y75_RS01080	NC_007779.1	234816	235538	+	723	391	384	346	328	423	325	365	1037	321	368
gene-Y75_RS01085	NC_007779.1	235535	236002	-	468	305	331	314	275	407	355	365	1092	292	278
gene-Y75_RS01090	NC_007779.1	236067	236798	+	732	960	931	982	926	1195	1105	1043	2714	703	742
gene-Y75_RS01095	NC_007779.1	236931	237007	+	77	632	207	541	539	617	643	614	1952	273	223
gene-Y75_RS01100	NC_007779.1	237335	238120	+	786	58	34	43	40	57	34	58	104	26	27
gene-Y75_RS01105	NC_007779.1	238257	238736	-	480	11	14	18	9	18	23	6	20	6	1
gene-Y75_RS01120	NC_007779.1	239419	240189	-	771	231	301	208	182	259	253	239	635	140	190
gene-Y75_RS01125	NC_007779.1	240370	240816	+	447	973	1212	437	448	517	540	698	2351	760	737
gene-Y75_RS01130	NC_007779.1	240859	243303	-	2445	708	671	417	343	461	471	570	1210	184	205
gene-Y75_RS01135	NC_007779.1	243543	244121	+	579	2536	2155	2540	2330	2804	2498	2567	5952	1966	1794
gene-Y75_RS01140	NC_007779.1	244327	245094	+	768	1084	1094	1003	836	1220	971	948	2331	649	749
gene-Y75_RS01145	NC_007779.1	245065	245805	-	741	2252	3449	1537	1395	1805	1663	1840	5865	1239	1107
gene-Y75_RS01150	NC_007779.1	245961	246239	-	279	269	387	188	114	198	209	301	494	127	92
gene-Y75_RS01155	NC_007779.1	246242	246502	-	261	596	686	431	434	557	518	520	1414	239	252
gene-Y75_RS01160	NC_007779.1	246712	247461	+	750	37	42	28	35	51	33	56	102	10	18
gene-Y75_RS01165	NC_007779.1	247637	248134	+	498	123	108	109	106	105	125	127	260	42	38
gene-Y75_RS01175	NC_007779.1	250042	250827	+	786	31	30	21	32	35	31	29	64	10	7
gene-Y75_RS01180	NC_007779.1	250898	251953	+	1056	202	189	190	187	234	189	219	546	142	189
gene-Y75_RS01185	NC_007779.1	252005	252298	+	294	56	62	76	62	62	82	74	210	74	52
gene-Y75_RS01190	NC_007779.1	252301	252699	+	399	49	46	49	38	38	58	53	137	55	36
gene-Y75_RS01195	NC_007779.1	252709	253161	+	453	72	41	48	49	51	46	63	116	35	33
gene-Y75_RS01210	NC_007779.1	254259	255716	-	1458	4809	5612	3339	2878	4482	3560	4103	10618	3270	3061
gene-Y75_RS01215	NC_007779.1	255977	256435	+	459	2000	1309	1617	1448	2108	1709	1693	4492	1992	1824
gene-Y75_RS01220	NC_007779.1	256527	257771	+	1245	921	920	834	761	985	815	778	1985	767	680
gene-Y75_RS01225	NC_007779.1	257829	258230	+	402	3657	3325	2904	2642	2988	2749	2691	4811	1516	1720
gene-Y75_RS01230	NC_007779.1	258269	259324	-	1056	127	113	137	141	196	160	146	356	30	38
gene-Y75_RS01235	NC_007779.1	259612	260715	+	1104	2508	3077	2984	2701	3749	3233	3044	6738	1814	2079
gene-Y75_RS01240	NC_007779.1	260727	261980	+	1254	2369	2784	2883	2606	3311	3118	2639	6709	2106	2219
gene-Y75_RS01245	NC_007779.1	262095	262170	+	76	548	544	552	539	663	565	538	1398	200	296
gene-Y75_RS01250	NC_007779.1	262552	262893	-	342	76	78	146	123	160	129	107	95	0	0
gene-Y75_RS01255	NC_007779.1	262914	263231	-	318	17	20	39	32	61	38	50	63	0	0
gene-Y75_RS23085	NC_007779.1	263250	263471	-	222	3	7	17	2	12	9	10	23	0	0
gene-Y75_RS01260	NC_007779.1	263480	263956	-	477	36	20	31	12	40	20	18	52	0	0
gene-Y75_RS01265	NC_007779.1	263972	264430	-	459	175	153	141	107	158	159	144	401	0	0
gene-Y75_RS01270	NC_007779.1	264528	264767	-	240	86	64	72	59	70	64	52	162	0	0
gene-Y75_RS01275	NC_007779.1	264844	265311	-	468	150	233	159	116	184	154	130	1851	0	0
gene-Y75_RS24725	NC_007779.1	265334	265777	-	444	41	31	34	26	45	28	33	576	0	0
gene-Y75_RS24730	NC_007779.1	265777	266016	-	240	19	17	10	5	16	9	22	46	0	0
gene-Y75_RS01290	NC_007779.1	266408	267229	-	822	75	99	83	79	79	82	79	197	0	0
gene-Y75_RS01295	NC_007779.1	267321	268184	-	864	155	191	228	224	280	231	260	340	0	0
gene-Y75_RS01300	NC_007779.1	268513	269406	-	894	200	120	181	154	179	175	174	344	0	0
gene-Y75_RS01310	NC_007779.1	269827	270978	+	1152	247	254	190	177	261	217	253	227	12	20
gene-Y75_RS01335	NC_007779.1	273325	274305	-	981	9	9	7	3	13	9	13	15	0	0
gene-Y75_RS01340	NC_007779.1	274549	275952	+	1404	348	184	494	469	529	416	341	1492	0	0
gene-Y75_RS01345	NC_007779.1	275939	276871	+	933	366	256	352	323	495	412	390	1448	0	0
gene-Y75_RS01350	NC_007779.1	276980	278026	-	1047	51	56	59	60	84	67	64	135	0	0
gene-Y75_RS01360	NC_007779.1	278402	279099	-	698	28	32	13	17	19	33	36	37	4	2
gene-Y75_RS01375	NC_007779.1	279609	279959	-	351	289	324	222	188	328	223	209	669	4	0
gene-Y75_RS01380	NC_007779.1	280053	281207	-	1155	28	16	16	22	29	22	24	42	0	0
gene-Y75_RS01385	NC_007779.1	281502	282410	+	909	57	38	83	62	92	87	75	200	0	0
gene-Y75_RS01390	NC_007779.1	282425	284392	+	1968	126	103	183	165	250	208	211	378	0	0
gene-Y75_RS01395	NC_007779.1	284619	286001	+	1383	59	96	75	56	71	55	85	154	0	0
gene-Y75_RS01400	NC_007779.1	286013	287623	+	1611	129	139	109	100	163	128	134	296	0	0
gene-Y75_RS01405	NC_007779.1	287628	288386	-	759	777	524	798	749	899	828	689	1897	0	0
gene-Y75_RS01410	NC_007779.1	288525	289529	-	1005	3766	1026	2858	2562	3433	3142	2949	8438	0	0
gene-Y75_RS25220	NC_007779.1	289499	289594	-	96	6	3	6	5	4	8	4	22	0	0
gene-Y75_RS01415	NC_007779.1	289873	290570	-	698	61	48	59	52	49	49	39	115	2	2
gene-Y75_RS01420	NC_007779.1	290724	291455	+	732	150	185	155	154	149	137	136	367	0	0
gene-Y75_RS01425	NC_007779.1	291546	292172	-	627	177	241	224	125	215	201	187	342	0	0
gene-Y75_RS01430	NC_007779.1	292444	293142	-	699	60	80	57	48	70	51	71	72	0	0
gene-Y75_RS01435	NC_007779.1	293169	294023	-	855	28	37	19	24	42	32	34	47	0	0
gene-Y75_RS01440	NC_007779.1	294142	294366	-	225	5	6	6	5	4	9	16	44	0	0
gene-Y75_RS01445	NC_007779.1	294363	294803	-	441	1483	1408	987	920	1149	1058	1125	3454	0	0
gene-Y75_RS01450	NC_007779.1	294920	296320	-	1401	1548	1029	1308	1277	1570	1699	1634	3123	0	0
gene-Y75_RS01465	NC_007779.1	296994	297950	-	957	38	39	18	30	26	35	29	121	53	57
gene-Y75_RS01470	NC_007779.1	297960	300158	-	2199	83	93	55	41	62	57	67	183	70	78
gene-Y75_RS01475	NC_007779.1	300155	301111	-	957	23	35	26	22	29	29	28	54	7	8
gene-Y75_RS01480	NC_007779.1	301108	301797	-	690	14	30	17	8	32	10	22	69	15	18
gene-Y75_RS01485	NC_007779.1	302215	302829	+	615	1678	1840	989	958	1446	1102	1403	3022	255	246
gene-Y75_RS01490	NC_007779.1	303077	303406	-	330	245	209	265	246	315	247	307	381	188	185
gene-Y75_RS01495	NC_007779.1	303719	304429	-	711	79	100	115	80	110	107	99	215	66	67
gene-Y75_RS01500	NC_007779.1	304398	306041	-	1644	143	179	129	138	177	126	140	387	116	127
gene-Y75_RS01505	NC_007779.1	306031	308556	-	2526	123	174	122	104	137	101	128	275	87	84
gene-Y75_RS01510	NC_007779.1	308582	309250	-	669	16	39	14	21	15	17	19	54	12	8
gene-Y75_RS01515	NC_007779.1	309308	309895	-	588	217	292	152	129	184	146	225	329	33	38
gene-Y75_RS01520	NC_007779.1	309970	310512	-	543	58	50	30	15	23	43	43	80	71	55
gene-Y75_RS01525	NC_007779.1	311336	311563	+	228	56	40	39	40	55	41	36	73	30	29
gene-Y75_RS01530	NC_007779.1	311598	311738	-	141	1	1	0	3	2	2	4	16	10	6
gene-Y75_RS01535	NC_007779.1	311738	312001	-	264	17	6	53	40	30	20	25	54	44	32
gene-Y75_RS25620	NC_007779.1	312365	312466	-	102	2	0	2	2	4	8	6	3	1	4
gene-Y75_RS01555	NC_007779.1	314515	315677	+	1163	26	32	25	26	15	23	29	40	11	18
gene-Y75_RS01565	NC_007779.1	316950	317543	-	594	25	17	21	16	14	23	21	69	2	2
gene-Y75_RS01570	NC_007779.1	317555	317791	-	237	12	23	4	6	14	9	9	32	0	0
gene-Y75_RS01575	NC_007779.1	317900	319225	-	1326	56	66	36	40	27	39	40	163	28	40
gene-Y75_RS01580	NC_007779.1	319451	320305	+	855	86	120	72	67	78	97	96	200	60	64
gene-Y75_RS01585	NC_007779.1	320832	321551	+	720	32	21	49	59	53	34	47	126	48	34
gene-Y75_RS01590	NC_007779.1	321562	322989	+	1428	124	119	99	77	126	134	98	332	133	112
gene-Y75_RS01595	NC_007779.1	322982	323677	+	696	68	82	61	63	95	80	66	204	65	80
gene-Y75_RS01600	NC_007779.1	323920	324588	-	669	22	22	24	21	28	32	39	44	33	46
gene-Y75_RS01605	NC_007779.1	324801	326471	-	1671	473	629	431	406	572	483	446	958	912	911
gene-Y75_RS01610	NC_007779.1	326485	327957	-	1473	911	1077	844	819	1135	909	898	1478	1176	1282
gene-Y75_RS01615	NC_007779.1	327971	328558	-	588	729	907	778	721	1044	777	850	1314	1039	1205
gene-Y75_RS01620	NC_007779.1	328687	330720	+	2034	594	782	744	675	750	709	648	1363	838	886
gene-Y75_RS24750	NC_007779.1	331026	331100	+	75	1	8	2	6	5	8	6	9	5	3
gene-Y75_RS01630	NC_007779.1	331595	332683	+	1089	462	431	229	207	215	176	311	2120	233	208
gene-Y75_RS01635	NC_007779.1	332725	333657	-	933	159	183	184	164	183	155	185	430	101	83
gene-Y75_RS01640	NC_007779.1	333749	334246	-	498	4	17	4	11	24	12	4	13	5	8
gene-Y75_RS01645	NC_007779.1	334504	335109	+	606	49	91	8	23	25	20	32	78	33	24
gene-Y75_RS01650	NC_007779.1	335149	336012	+	864	12	11	0	1	10	4	8	18	4	2
gene-Y75_RS01655	NC_007779.1	336002	337549	+	1548	19	24	14	16	18	11	29	66	25	21
gene-Y75_RS01660	NC_007779.1	337549	338967	+	1419	34	30	27	14	48	28	25	121	18	15
gene-Y75_RS01665	NC_007779.1	339017	339313	+	297	3	7	8	10	10	8	6	43	7	8
gene-Y75_RS01670	NC_007779.1	339389	340339	+	951	24	19	28	29	35	28	28	59	10	23
gene-Y75_RS01675	NC_007779.1	340349	341731	+	1383	432	361	268	278	430	360	328	899	254	220
gene-Y75_RS01680	NC_007779.1	342108	343157	+	1050	330	427	220	184	239	243	294	2125	314	293
gene-Y75_RS01685	NC_007779.1	343400	344215	+	816	31	24	18	10	15	12	6	30	12	8
gene-Y75_RS01690	NC_007779.1	344628	344873	+	246	76	93	93	46	60	68	74	108	130	100
gene-Y75_RS01695	NC_007779.1	344890	345561	-	672	32	39	36	37	44	45	34	115	38	10
gene-Y75_RS01700	NC_007779.1	345708	345983	+	276	158	240	59	70	58	86	88	1487	235	238
gene-Y75_RS01705	NC_007779.1	346081	347667	-	1587	44	51	39	35	48	39	27	171	103	85
gene-Y75_RS01710	NC_007779.1	347906	348796	+	891	11	12	25	15	15	17	15	54	7	9
gene-Y75_RS01715	NC_007779.1	349236	350405	+	1170	21	12	8	16	12	17	18	54	30	12
gene-Y75_RS01720	NC_007779.1	350439	351890	+	1452	12	26	16	18	27	13	21	41	6	8
gene-Y75_RS01725	NC_007779.1	351930	353816	+	1887	41	48	48	47	53	51	42	104	32	34
gene-Y75_RS01730	NC_007779.1	354146	355405	+	1260	4142	1636	1153	1135	1475	1357	1315	5649	1375	1507
gene-Y75_RS01735	NC_007779.1	355395	356678	+	1284	5801	2437	2010	1851	2708	2459	2336	9471	2568	2583
gene-Y75_RS01740	NC_007779.1	357015	357914	-	900	189	186	204	128	240	219	202	424	123	121
gene-Y75_RS01745	NC_007779.1	358023	358682	+	660	48	43	54	41	47	62	57	134	61	46
gene-Y75_RS01750	NC_007779.1	358713	359183	+	471	51	48	34	29	36	17	35	140	36	19
gene-Y75_RS01755	NC_007779.1	359189	360370	+	1182	50	62	42	78	65	36	50	139	36	45
gene-Y75_RS01760	NC_007779.1	360473	361084	-	612	40	41	16	34	28	41	37	97	28	8
gene-Y75_RS01765	NC_007779.1	361150	362403	-	1254	77	73	56	60	73	47	90	103	7	19
gene-Y75_RS01770	NC_007779.1	362455	365529	-	3075	111	108	185	181	226	197	176	228	52	59
gene-Y75_RS01775	NC_007779.1	365652	366734	-	1083	542	587	465	479	622	571	490	1415	547	515
gene-Y75_RS01780	NC_007779.1	366811	367644	-	834	316	261	326	355	405	352	353	904	238	261
gene-Y75_RS01785	NC_007779.1	367835	369499	+	1665	52	24	39	34	42	23	22	72	34	35
gene-Y75_RS01790	NC_007779.1	369501	370445	+	945	17	11	23	13	8	14	20	54	13	18
gene-Y75_RS01795	NC_007779.1	370463	371329	+	867	36	42	43	28	35	28	44	116	23	22
gene-Y75_RS01800	NC_007779.1	371339	372148	+	810	25	30	21	25	35	23	38	103	15	17
gene-Y75_RS01805	NC_007779.1	372145	373095	+	951	28	37	30	18	39	29	22	95	26	29
gene-Y75_RS01810	NC_007779.1	373092	374105	+	1014	43	44	26	34	49	42	49	120	43	60
gene-Y75_RS01815	NC_007779.1	374683	375894	+	1212	71	106	60	73	96	93	60	183	73	64
gene-Y75_RS01820	NC_007779.1	375996	376535	+	540	331	320	281	312	344	374	323	842	239	302
gene-Y75_RS01825	NC_007779.1	376759	377592	-	834	363	454	621	631	622	649	761	597	264	324
gene-Y75_RS01830	NC_007779.1	377686	378795	-	1110	853	1080	1225	1131	1054	1334	1407	1414	334	468
gene-Y75_RS01835	NC_007779.1	378830	379105	-	276	207	356	315	311	315	348	374	450	103	146
gene-Y75_RS01840	NC_007779.1	379293	380066	-	774	64	80	84	52	68	66	58	111	103	74
gene-Y75_RS01845	NC_007779.1	380068	380511	-	444	9	16	10	12	7	10	22	20	0	1
gene-Y75_RS01860	NC_007779.1	380575	381803	+	1229	28	49	27	25	27	30	31	63	0	0
gene-Y75_RS01865	NC_007779.1	381963	383159	-	1197	64	74	59	56	78	88	78	138	0	0
gene-Y75_RS01875	NC_007779.1	384456	385418	+	963	23	32	4	14	22	23	21	88	320	387
gene-Y75_RS01880	NC_007779.1	385431	386198	+	768	16	17	4	10	15	13	13	74	183	159
gene-Y75_RS01885	NC_007779.1	386195	387022	+	828	19	26	6	9	12	22	9	64	121	112
gene-Y75_RS01890	NC_007779.1	387019	387870	+	852	63	62	47	55	69	45	56	151	298	291
gene-Y75_RS01895	NC_007779.1	387977	388951	-	975	2003	1596	1793	1686	2294	2055	2026	4429	1515	1634
gene-Y75_RS01905	NC_007779.1	390963	392125	-	1163	102	149	118	105	127	121	136	229	10	12
gene-Y75_RS01920	NC_007779.1	393730	394353	+	624	6	16	20	10	8	10	10	47	8	3
gene-Y75_RS01925	NC_007779.1	394354	395511	-	1158	622	603	545	483	746	589	522	1839	844	915
gene-Y75_RS01935	NC_007779.1	395863	397083	+	1221	183	248	253	179	234	224	221	714	324	244
gene-Y75_RS01940	NC_007779.1	397096	398190	+	1095	418	390	322	289	440	414	402	1197	474	517
gene-Y75_RS01945	NC_007779.1	398249	398557	-	309	46	60	30	47	50	48	57	93	119	127
gene-Y75_RS24765	NC_007779.1	398817	399029	+	213	84	97	115	104	99	103	109	266	58	107
gene-Y75_RS01955	NC_007779.1	399053	400147	-	1095	976	1327	679	581	691	659	898	2147	856	854
gene-Y75_RS01960	NC_007779.1	400225	400428	+	204	0	8	0	0	2	2	2	9	1	4
gene-Y75_RS01965	NC_007779.1	400610	400870	+	261	1384	1575	657	611	783	750	1267	1737	195	195
gene-Y75_RS01970	NC_007779.1	400971	402386	+	1416	624	790	397	332	490	398	549	846	100	126
gene-Y75_RS01975	NC_007779.1	402505	402825	+	321	156	117	108	108	108	81	86	430	74	61
gene-Y75_RS01980	NC_007779.1	402927	404042	+	1116	56	55	85	54	83	65	83	233	40	41
gene-Y75_RS01985	NC_007779.1	404059	404868	-	810	1414	1339	1103	965	1228	1206	1333	3408	869	938
gene-Y75_RS01990	NC_007779.1	404988	405446	+	459	286	327	271	249	256	268	233	771	191	169
gene-Y75_RS01995	NC_007779.1	405629	406153	+	525	1901	1650	2589	2405	3261	2705	2700	5598	1183	1103
gene-Y75_RS02000	NC_007779.1	406203	406394	+	192	465	401	554	501	712	572	616	1763	247	275
gene-Y75_RS02010	NC_007779.1	406652	407329	+	678	257	220	508	481	516	481	429	767	120	108
gene-Y75_RS02015	NC_007779.1	407401	407685	+	285	989	1308	1045	958	1234	1075	1175	2116	617	669
gene-Y75_RS24770	NC_007779.1	408171	408254	+	84	34	80	56	54	89	41	76	143	61	60
gene-Y75_RS02025	NC_007779.1	408332	409243	-	912	1249	901	1162	1049	1352	1296	1353	3087	930	993
gene-Y75_RS02030	NC_007779.1	409368	410276	+	909	248	208	242	174	309	280	265	712	245	208
gene-Y75_RS02035	NC_007779.1	410521	411705	-	1185	272	322	192	231	278	232	246	657	180	192
gene-Y75_RS02040	NC_007779.1	411831	414977	-	3147	967	767	840	776	1049	1000	1005	2415	806	862
gene-Y75_RS02045	NC_007779.1	414974	416176	-	1203	510	393	559	485	644	476	500	1339	450	468
gene-Y75_RS02050	NC_007779.1	416366	417055	+	690	326	271	339	258	343	308	316	804	189	209
gene-Y75_RS02055	NC_007779.1	417113	418408	+	1296	222	247	252	197	293	259	252	630	115	106
gene-Y75_RS02060	NC_007779.1	418815	420134	+	1320	722	900	655	590	681	679	629	1969	1588	1557
gene-Y75_RS02065	NC_007779.1	420210	421583	+	1374	514	587	1262	1187	1453	1221	1128	1677	557	611
gene-Y75_RS02070	NC_007779.1	421739	423556	+	1818	508	501	395	399	558	488	495	1262	323	313
gene-Y75_RS02075	NC_007779.1	423561	424142	-	582	150	140	211	144	215	191	180	557	180	179
gene-Y75_RS02080	NC_007779.1	424235	425305	+	1071	774	626	841	787	1091	914	707	2378	1043	1161
gene-Y75_RS02085	NC_007779.1	425361	426488	+	1128	3576	1775	3184	2795	3802	3187	3427	9520	3056	2937
gene-Y75_RS02090	NC_007779.1	426511	426843	+	333	4016	3174	4007	3417	4616	3988	4418	14972	3433	3203
gene-Y75_RS02095	NC_007779.1	426871	428718	+	1848	5221	5252	6275	5874	7504	6924	6304	17374	5348	5349
gene-Y75_RS02100	NC_007779.1	428729	429700	+	972	2156	2118	2788	2699	2959	2700	2476	7112	2241	2187
gene-Y75_RS02105	NC_007779.1	429829	430176	+	348	685	728	933	845	1246	1029	1089	1665	633	567
gene-Y75_RS02115	NC_007779.1	430353	431237	-	885	5657	2969	7116	6307	8024	6677	6573	15699	6783	6423
gene-Y75_RS02120	NC_007779.1	431536	432075	-	540	103	71	84	60	74	64	74	202	96	73
gene-Y75_RS02125	NC_007779.1	432226	432675	+	450	799	732	766	750	891	786	861	2179	479	509
gene-Y75_RS02130	NC_007779.1	432679	433782	+	1104	1326	1121	1265	1204	1522	1347	1326	3560	814	827
gene-Y75_RS02135	NC_007779.1	433871	434341	+	471	2111	1455	1782	1851	2485	2097	2243	5928	1576	1552
gene-Y75_RS02140	NC_007779.1	434361	434780	+	420	1962	1480	1905	1866	2313	2003	2017	5549	1544	1611
gene-Y75_RS02145	NC_007779.1	434858	435835	+	978	707	656	628	515	767	619	672	2192	252	283
gene-Y75_RS02150	NC_007779.1	435813	436331	+	519	493	710	538	406	567	527	502	1376	431	385
gene-Y75_RS02155	NC_007779.1	436385	437359	-	975	468	531	414	371	595	496	451	1743	285	333
gene-Y75_RS02160	NC_007779.1	437539	439401	-	1863	2428	2235	2373	2228	2915	2515	2342	7092	1859	1795
gene-Y75_RS02165	NC_007779.1	439426	440325	-	900	1368	1139	1261	1136	1610	1355	1252	4046	894	1026
gene-Y75_RS02170	NC_007779.1	440325	440567	-	243	673	498	463	475	686	598	561	1478	422	471
gene-Y75_RS02175	NC_007779.1	440773	442221	+	1449	1487	953	1459	1448	1812	1640	1425	4283	1758	1829
gene-Y75_RS02180	NC_007779.1	442275	442865	-	591	361	412	301	252	332	308	270	988	297	270
gene-Y75_RS02185	NC_007779.1	442828	443739	-	912	644	564	508	488	596	535	573	1689	399	487
gene-Y75_RS02190	NC_007779.1	443907	444398	+	492	5060	3707	4781	4501	5819	5053	5435	12952	4568	4972
gene-Y75_RS02195	NC_007779.1	444526	445890	-	1365	503	429	584	516	668	589	633	1202	333	318
gene-Y75_RS02200	NC_007779.1	446039	446929	-	891	5740	4184	5038	5002	5863	5535	6203	14079	3622	3705
gene-Y75_RS02205	NC_007779.1	446941	447270	-	330	2289	1621	2108	2041	2651	2433	2515	7020	1398	1497
gene-Y75_RS02210	NC_007779.1	447270	447884	-	615	3919	2940	3747	3765	4780	4210	4461	12102	2640	2934
gene-Y75_RS02215	NC_007779.1	447874	449865	-	1992	23271	17947	20765	19878	26203	24153	25872	59517	13703	14657
gene-Y75_RS02220	NC_007779.1	449887	450834	-	948	17691	14476	16484	15240	20459	18389	19795	45337	11941	11940
gene-Y75_RS02225	NC_007779.1	451294	452769	-	1476	923	692	885	871	940	859	778	3285	740	774
gene-Y75_RS02230	NC_007779.1	452813	453391	-	579	2721	1714	2437	2387	3239	2860	2689	8085	2363	2401
gene-Y75_RS02235	NC_007779.1	453696	454013	+	318	1040	792	714	600	819	692	869	2860	877	836
gene-Y75_RS02245	NC_007779.1	454357	455655	+	1299	24623	19079	36463	33111	43115	38521	38761	68711	22055	22684
gene-Y75_RS02250	NC_007779.1	455901	456524	+	624	4617	4281	6294	5740	7248	6387	7159	10425	3045	3069
gene-Y75_RS02255	NC_007779.1	456650	457924	+	1275	7140	7109	9551	8543	10794	9908	10202	18714	6256	6251
gene-Y75_RS02260	NC_007779.1	458112	460466	+	2355	8469	6551	12286	11384	13815	13109	11890	23293	8409	8317
gene-Y75_RS02265	NC_007779.1	460657	460947	+	291	14706	12412	13156	12784	15028	13508	14100	35309	14407	13901
gene-Y75_RS02270	NC_007779.1	461139	463010	+	1872	5139	6150	7009	6700	8700	7710	8110	14866	4432	4557
gene-Y75_RS02275	NC_007779.1	463161	463532	+	372	76	75	180	194	230	188	252	151	59	54
gene-Y75_RS02280	NC_007779.1	463626	464024	+	399	49	50	79	56	85	73	96	146	39	40
gene-Y75_RS02285	NC_007779.1	464076	464771	-	696	461	462	516	443	551	449	405	1238	371	309
gene-Y75_RS02290	NC_007779.1	464836	466536	-	1701	135	135	112	152	154	140	151	426	193	165
gene-Y75_RS02295	NC_007779.1	466636	467454	+	819	292	340	247	177	276	268	221	765	242	196
gene-Y75_RS02300	NC_007779.1	467607	468065	+	459	172	155	157	153	187	176	184	391	141	137
gene-Y75_RS02305	NC_007779.1	468095	469867	+	1773	249	273	262	269	263	290	259	662	178	218
gene-Y75_RS02310	NC_007779.1	469860	471641	+	1782	211	228	213	182	256	206	188	525	208	219
gene-Y75_RS02315	NC_007779.1	471822	472160	+	339	103	2	101	38	43	56	42	20	33	25
gene-Y75_RS02320	NC_007779.1	472190	473476	+	1287	415	149	284	266	279	263	248	358	164	159
gene-Y75_RS02325	NC_007779.1	473525	474385	-	861	459	613	353	288	350	291	379	1158	118	163
gene-Y75_RS02330	NC_007779.1	474603	475175	+	573	303	358	172	162	201	152	257	1617	133	141
gene-Y75_RS02335	NC_007779.1	475206	475517	-	312	200	337	140	120	138	173	187	578	94	82
gene-Y75_RS02340	NC_007779.1	475680	475776	+	97	352	14	358	299	459	417	416	48	306	500
gene-Y75_RS02345	NC_007779.1	475896	476249	+	354	10	23	20	20	24	31	19	61	17	27
gene-Y75_RS02350	NC_007779.1	476291	477841	-	1551	238	293	204	161	258	209	236	784	278	313
gene-Y75_RS02355	NC_007779.1	478005	478475	-	471	893	670	704	698	802	762	637	1889	597	533
gene-Y75_RS02360	NC_007779.1	478591	479142	-	552	762	454	842	837	809	876	833	1187	552	525
gene-Y75_RS02365	NC_007779.1	479314	479532	-	219	1205	993	1535	1469	1781	1511	1802	3414	1251	1217
gene-Y75_RS02370	NC_007779.1	479558	479932	-	375	728	723	891	805	996	853	1038	2564	757	759
gene-Y75_RS02375	NC_007779.1	480478	483627	-	3150	5959	6896	6663	6480	7978	7208	7109	15943	3299	3366
gene-Y75_RS02380	NC_007779.1	483650	484843	-	1194	3137	3258	3098	2784	3849	3254	3688	7067	1547	1548
gene-Y75_RS02385	NC_007779.1	484985	485632	+	648	856	914	857	764	910	803	985	1695	477	543
gene-Y75_RS02390	NC_007779.1	485760	489122	+	3363	1897	1829	1748	1699	2055	2035	1920	5217	1226	1282
gene-Y75_RS02400	NC_007779.1	489334	489495	-	162	128	105	92	72	122	116	111	311	78	75
gene-Y75_RS02405	NC_007779.1	489509	490036	-	528	345	267	287	258	341	291	338	832	232	252
gene-Y75_RS02410	NC_007779.1	490106	490483	+	378	464	493	355	320	397	379	344	1038	329	332
gene-Y75_RS02415	NC_007779.1	490636	491187	+	552	2431	2007	3389	3084	3731	3604	2686	8117	2422	2773
gene-Y75_RS02420	NC_007779.1	491316	493247	+	1932	2260	2361	2367	2215	2961	2679	2443	6582	1911	2070
gene-Y75_RS02425	NC_007779.1	493300	493629	+	330	2401	1741	2255	2181	3048	2703	2708	7175	2050	2147
gene-Y75_RS02430	NC_007779.1	493629	494234	+	606	1934	1329	2152	2041	2621	2205	2025	5898	1936	2010
gene-Y75_RS02435	NC_007779.1	494344	496218	+	1875	5961	3757	5841	5568	6532	5936	6069	19231	7818	7590
gene-Y75_RS02440	NC_007779.1	496399	497043	+	645	7141	6947	6895	6300	8473	7445	7885	13538	4236	4166
gene-Y75_RS02445	NC_007779.1	497279	498241	+	963	287	249	315	338	456	372	360	930	366	289
gene-Y75_RS02450	NC_007779.1	498238	499197	-	960	97	42	111	87	87	96	74	237	107	125
gene-Y75_RS02455	NC_007779.1	499349	500653	+	1305	1286	1016	1424	1198	1717	1472	1430	3550	1527	1364
gene-Y75_RS02460	NC_007779.1	500786	502462	-	1677	1096	706	740	809	989	856	938	3292	868	805
gene-Y75_RS02465	NC_007779.1	502700	503920	-	1221	195	238	350	308	378	312	205	786	173	169
gene-Y75_RS02470	NC_007779.1	504138	505790	+	1653	1478	1425	800	759	1014	873	1242	3505	727	797
gene-Y75_RS02475	NC_007779.1	505827	506306	-	480	617	435	478	536	751	721	682	1360	588	604
gene-Y75_RS02480	NC_007779.1	506510	507304	-	795	394	539	477	319	443	407	341	1073	293	294
gene-Y75_RS02485	NC_007779.1	507442	507783	+	342	1017	915	816	727	913	837	804	1944	510	513
gene-Y75_RS02490	NC_007779.1	508099	510603	-	2505	8415	6362	6872	6176	8250	8723	8640	21492	4100	4405
gene-Y75_RS02495	NC_007779.1	510865	511797	+	933	36	53	23	30	19	21	18	47	8	16
gene-Y75_RS02500	NC_007779.1	511800	513092	+	1293	67	125	78	70	78	67	78	175	50	43
gene-Y75_RS02505	NC_007779.1	513217	513624	+	408	370	423	233	248	320	324	286	875	211	175
gene-Y75_RS02510	NC_007779.1	513625	514083	-	459	161	180	118	106	139	114	144	389	75	56
gene-Y75_RS02515	NC_007779.1	514080	514997	-	918	597	647	308	224	318	296	509	914	164	177
gene-Y75_RS02520	NC_007779.1	515143	515820	+	678	320	280	156	132	190	145	291	618	112	97
gene-Y75_RS02525	NC_007779.1	515807	516586	+	780	261	277	186	147	181	157	244	580	95	78
gene-Y75_RS02530	NC_007779.1	516649	517503	-	855	2852	2199	2740	2593	3472	3278	3021	7634	1978	2088
gene-Y75_RS02535	NC_007779.1	517564	518373	-	810	575	734	694	604	888	800	778	1534	323	344
gene-Y75_RS02540	NC_007779.1	518363	518986	-	624	579	668	497	473	631	547	561	1461	328	317
gene-Y75_RS02545	NC_007779.1	518957	519643	+	687	156	242	144	138	151	155	153	334	92	142
gene-Y75_RS02550	NC_007779.1	519640	522054	+	2415	362	523	261	274	362	316	309	775	221	281
gene-Y75_RS02555	NC_007779.1	522485	526765	+	4281	218	362	235	280	280	281	305	584	327	319
gene-Y75_RS02560	NC_007779.1	526805	527173	+	369	30	61	15	23	26	28	53	75	31	21
gene-Y75_RS02570	NC_007779.1	527864	528124	+	261	8	15	3	3	2	10	11	22	8	3
gene-Y75_RS25115	NC_007779.1	528181	528354	+	174	6	1	1	2	4	1	3	9	3	2
gene-Y75_RS02580	NC_007779.1	529356	530450	-	1095	155	135	153	132	184	152	143	411	126	177
gene-Y75_RS02585	NC_007779.1	530519	531445	-	927	15	18	24	18	35	31	22	57	19	16
gene-Y75_RS02590	NC_007779.1	531675	532157	+	483	45	53	29	41	45	40	72	125	22	22
gene-Y75_RS02595	NC_007779.1	532235	533050	+	816	1543	1778	1624	1585	1918	1729	1699	4855	1171	1093
gene-Y75_RS02600	NC_007779.1	533140	534921	+	1782	56	40	55	49	50	62	37	94	13	25
gene-Y75_RS02605	NC_007779.1	534934	535710	+	777	10	23	20	14	25	24	23	22	6	6
gene-Y75_RS02610	NC_007779.1	535810	536688	+	879	27	21	38	28	39	45	26	59	22	6
gene-Y75_RS02615	NC_007779.1	536857	538311	+	1455	4	10	6	7	10	7	10	18	6	11
gene-Y75_RS02620	NC_007779.1	538371	539732	+	1362	48	66	31	38	56	56	44	119	34	29
gene-Y75_RS02625	NC_007779.1	539789	541090	+	1302	31	45	25	33	17	34	19	72	23	27
gene-Y75_RS02630	NC_007779.1	541112	542257	+	1146	58	62	50	43	59	79	59	138	46	24
gene-Y75_RS02635	NC_007779.1	542485	543270	-	786	294	516	188	173	226	239	266	550	142	142
gene-Y75_RS02640	NC_007779.1	543281	544516	-	1236	117	167	91	99	104	120	101	243	63	84
gene-Y75_RS02645	NC_007779.1	544538	545587	-	1050	32	35	22	24	24	24	36	65	14	12
gene-Y75_RS02650	NC_007779.1	545904	547571	+	1668	16	28	18	15	19	18	18	62	9	15
gene-Y75_RS02665	NC_007779.1	548850	549665	+	816	19	16	20	18	42	17	19	62	12	16
gene-Y75_RS02670	NC_007779.1	549662	550555	+	894	99	92	122	75	119	105	115	221	68	72
gene-Y75_RS02675	NC_007779.1	550750	551817	-	1068	3174	1933	3320	2973	3945	3554	3047	8198	2958	3293
gene-Y75_RS02680	NC_007779.1	551814	552323	-	510	2152	1256	2276	1973	2722	2444	2110	5639	1927	2219
gene-Y75_RS02685	NC_007779.1	552441	553163	-	723	501	386	717	689	897	770	766	1455	270	271
gene-Y75_RS02690	NC_007779.1	553166	553660	-	495	7942	5941	6178	5766	8097	6866	7547	21558	7013	7276
gene-Y75_RS02695	NC_007779.1	553834	555219	+	1386	2297	2069	2321	2063	2812	2585	2301	6483	2568	2392
gene-Y75_RS02700	NC_007779.1	555255	555776	-	522	29	42	44	38	45	71	47	130	41	22
gene-Y75_RS02705	NC_007779.1	555884	556096	-	213	173	179	183	180	184	205	162	724	116	161
gene-Y75_RS02710	NC_007779.1	556098	556964	-	867	2580	1984	2554	2202	3151	2699	2752	7296	1968	1899
gene-Y75_RS02715	NC_007779.1	557435	557977	+	543	4	13	6	6	4	5	14	32	10	8
gene-Y75_RS02720	NC_007779.1	558197	558889	+	693	6	14	4	10	12	8	18	22	6	6
gene-Y75_RS02725	NC_007779.1	558920	561523	+	2604	63	76	40	78	80	65	85	143	33	38
gene-Y75_RS02730	NC_007779.1	561565	562542	+	978	14	22	10	14	24	18	12	26	13	7
gene-Y75_RS02735	NC_007779.1	562553	563068	+	516	2	12	3	14	10	2	4	24	4	2
gene-Y75_RS02740	NC_007779.1	563071	563703	-	633	14	29	23	12	19	32	29	42	3	10
gene-Y75_RS02745	NC_007779.1	563946	564022	+	77	12	11	17	14	11	12	12	414	15	4
gene-Y75_RS02750	NC_007779.1	564038	565201	-	1164	767	925	577	638	810	743	803	1974	503	577
gene-Y75_RS02775	NC_007779.1	566065	567227	+	1163	47	64	46	53	72	40	63	80	0	0
gene-Y75_RS02785	NC_007779.1	567538	567870	+	333	202	230	178	199	227	183	192	543	194	190
gene-Y75_RS24780	NC_007779.1	567918	568067	+	150	0	3	0	2	1	1	5	7	0	0
gene-Y75_RS02795	NC_007779.1	568125	569651	+	1527	35	10	40	36	29	33	35	58	14	6
gene-Y75_RS02800	NC_007779.1	570116	570667	+	552	115	121	30	64	46	57	62	137	51	43
gene-Y75_RS02805	NC_007779.1	570677	571474	+	798	283	474	129	128	179	142	246	435	134	155
gene-Y75_RS23245	NC_007779.1	571591	571692	+	102	17	10	3	10	19	8	14	17	6	10
gene-Y75_RS02810	NC_007779.1	571689	572144	+	456	5	6	4	0	6	2	4	7	4	5
gene-Y75_RS02815	NC_007779.1	572144	572314	+	171	0	0	0	0	0	0	0	0	0	0
gene-Y75_RS02820	NC_007779.1	572307	572597	+	291	1	7	6	0	3	2	2	9	9	3
gene-Y75_RS02825	NC_007779.1	572594	572956	+	363	3	2	0	6	5	6	1	5	0	2
gene-Y75_RS02830	NC_007779.1	572953	573093	+	141	3	4	4	2	2	3	3	6	0	3
gene-Y75_RS02835	NC_007779.1	573179	573562	+	384	32	35	28	31	57	35	53	56	24	49
gene-Y75_RS02845	NC_007779.1	573960	574940	-	981	543	301	483	413	448	412	782	1891	0	0
gene-Y75_RS02850	NC_007779.1	574981	576048	-	1068	34663	20028	30277	27524	36516	32399	47697	58909	33488	29644
gene-Y75_RS02855	NC_007779.1	576621	576836	+	216	28	68	87	99	99	91	90	44	28	32
gene-Y75_RS02860	NC_007779.1	576836	577333	+	498	58	68	77	76	87	87	100	142	28	20
gene-Y75_RS25635	NC_007779.1	577330	577791	+	462	88	48	144	74	136	109	143	1567	520	421
gene-Y75_RS02870	NC_007779.1	577823	578116	-	294	849	197	849	746	793	863	1062	10784	12838	12071
gene-Y75_RS02875	NC_007779.1	578407	578817	-	411	4	6	10	7	4	2	14	12	0	0
gene-Y75_RS02880	NC_007779.1	579103	579309	+	207	69	72	72	79	60	74	99	126	0	0
gene-Y75_RS02885	NC_007779.1	579474	579668	-	195	12	25	20	21	24	18	19	29	18	7
gene-Y75_RS02890	NC_007779.1	580057	580602	+	546	13	26	31	26	27	44	37	36	0	0
gene-Y75_RS25600	NC_007779.1	581293	581430	+	138	23	23	19	38	24	35	30	66	0	0
gene-Y75_RS02910	NC_007779.1	582904	583653	+	750	346	477	135	110	196	184	182	552	519	455
gene-Y75_RS02915	NC_007779.1	583903	584856	-	954	62575	44090	31113	29941	40903	37079	45267	139969	19687	19554
gene-Y75_RS02925	NC_007779.1	585370	586131	-	762	97	142	72	95	79	99	78	178	63	68
gene-Y75_RS02930	NC_007779.1	586314	587204	-	891	109	130	80	92	127	103	86	295	53	54
gene-Y75_RS02935	NC_007779.1	587205	590177	-	2973	423	356	366	297	463	382	449	935	220	228
gene-Y75_RS02940	NC_007779.1	590164	592401	-	2238	232	236	211	156	238	218	199	487	84	81
gene-Y75_RS02945	NC_007779.1	592551	593993	-	1443	1017	1082	937	831	1186	1160	857	2450	612	558
gene-Y75_RS02950	NC_007779.1	593983	594666	-	684	915	991	867	755	878	945	696	2052	532	485
gene-Y75_RS02955	NC_007779.1	594823	596196	+	1374	5799	7136	4813	4765	5996	6862	4604	12873	3234	2936
gene-Y75_RS02960	NC_007779.1	596354	596686	+	333	3612	4701	2270	2137	2895	3484	2395	7256	1962	1544
gene-Y75_RS02965	NC_007779.1	596702	597925	+	1224	3991	5219	2894	2573	3481	4154	2852	8736	1942	1781
gene-Y75_RS02970	NC_007779.1	597937	601080	+	3144	3463	4922	3123	3039	3542	4749	2966	8733	1797	1748
gene-Y75_RS02975	NC_007779.1	601182	602558	+	1377	861	836	816	675	872	906	711	2667	1543	1510
gene-Y75_RS02980	NC_007779.1	602639	603886	-	1248	655	714	560	509	584	464	588	1502	442	465
gene-Y75_RS02985	NC_007779.1	603994	604647	-	654	2529	2280	2487	2176	2803	2528	2559	6695	2603	2625
gene-Y75_RS02990	NC_007779.1	604741	605109	-	369	218	236	143	140	148	143	170	596	132	139
gene-Y75_RS02995	NC_007779.1	605174	605422	-	249	96	159	125	110	103	99	115	376	113	123
gene-Y75_RS03000	NC_007779.1	605488	606606	-	1119	45	58	46	40	66	58	54	426	77	74
gene-Y75_RS03010	NC_007779.1	607059	607211	+	153	4	15	18	9	17	12	9	39	0	5
gene-Y75_RS03015	NC_007779.1	607288	608400	+	1113	11	14	12	15	6	10	10	20	16	8
gene-Y75_RS03020	NC_007779.1	608682	609302	-	621	103	55	76	68	89	107	78	196	314	284
gene-Y75_RS03025	NC_007779.1	609477	611717	-	2241	1221	552	1179	1084	1565	1701	1274	2685	5865	5371
gene-Y75_RS03030	NC_007779.1	611960	613162	+	1203	216	162	231	184	300	314	256	588	175	177
gene-Y75_RS03035	NC_007779.1	613165	613383	+	219	42	17	11	15	41	57	27	148	17	14
gene-Y75_RS03040	NC_007779.1	613380	617261	+	3882	1477	814	1251	1022	1619	1654	1413	3603	980	937
gene-Y75_RS03045	NC_007779.1	617477	618610	+	1134	6	19	23	22	25	30	20	72	72	76
gene-Y75_RS03050	NC_007779.1	618607	619422	-	816	231	113	218	244	282	273	218	657	354	389
gene-Y75_RS03055	NC_007779.1	619419	620411	-	993	138	110	173	185	235	237	197	470	288	247
gene-Y75_RS03060	NC_007779.1	620408	621412	-	1005	240	208	305	287	303	300	282	669	427	434
gene-Y75_RS03065	NC_007779.1	621523	622773	+	1251	422	328	471	338	487	478	413	1087	495	442
gene-Y75_RS03070	NC_007779.1	622777	623733	-	957	398	329	374	371	562	453	481	869	408	377
gene-Y75_RS03075	NC_007779.1	624108	625283	+	1176	883	341	648	593	797	841	792	1998	513	507
gene-Y75_RS03080	NC_007779.1	625293	626903	+	1611	830	307	660	563	869	820	831	2150	629	591
gene-Y75_RS03085	NC_007779.1	626917	627774	+	858	512	171	344	338	452	445	517	1358	416	410
gene-Y75_RS03090	NC_007779.1	627774	628520	+	747	324	149	242	210	345	352	306	947	365	359
gene-Y75_RS03095	NC_007779.1	628523	628936	+	414	189	105	196	197	227	242	209	533	134	166
gene-Y75_RS03100	NC_007779.1	629117	631222	+	2106	2851	1891	1811	1776	2231	2066	2257	7311	961	941
gene-Y75_RS03105	NC_007779.1	631405	631602	+	198	119	103	121	121	115	91	120	374	76	70
gene-Y75_RS03110	NC_007779.1	631612	632700	-	1089	890	365	996	1005	1187	1014	1025	2505	1003	1061
gene-Y75_RS03115	NC_007779.1	632809	633969	+	1161	658	321	709	661	879	854	723	2306	717	761
gene-Y75_RS03120	NC_007779.1	633970	634599	-	630	117	83	70	55	105	84	86	345	78	69
gene-Y75_RS03125	NC_007779.1	634572	635792	-	1221	35	34	33	28	48	46	55	126	41	38
gene-Y75_RS03130	NC_007779.1	635939	636841	-	903	30	53	25	47	51	39	56	113	0	0
gene-Y75_RS03135	NC_007779.1	637050	637796	-	747	376	404	439	349	587	479	471	1246	413	360
gene-Y75_RS03140	NC_007779.1	638168	638731	+	564	32681	28517	26168	23152	32700	28652	32143	75520	29175	28459
gene-Y75_RS03145	NC_007779.1	638976	640541	+	1566	3986	3531	6226	5760	8070	7365	7599	11152	3385	3724
gene-Y75_RS03150	NC_007779.1	640662	641090	-	429	948	1373	399	416	497	485	732	1493	358	314
gene-Y75_RS03155	NC_007779.1	641311	642549	+	1239	90	124	69	84	73	77	84	235	80	60
gene-Y75_RS25470	NC_007779.1	642553	642642	-	90	7	11	16	8	21	10	9	20	8	2
gene-Y75_RS03165	NC_007779.1	642780	643190	-	411	643	516	3500	3134	4209	3653	3982	1632	530	451
gene-Y75_RS03170	NC_007779.1	643420	644226	-	807	818	919	1034	882	1237	1073	1009	2173	887	887
gene-Y75_RS03175	NC_007779.1	644340	645803	-	1464	58	75	64	50	61	70	38	106	43	64
gene-Y75_RS03180	NC_007779.1	645854	646732	-	879	31	30	11	22	34	23	36	68	22	32
gene-Y75_RS03185	NC_007779.1	646707	647258	-	552	5	10	10	3	10	14	4	20	8	13
gene-Y75_RS03190	NC_007779.1	647262	648794	-	1533	11	18	13	18	20	14	14	38	39	25
gene-Y75_RS03195	NC_007779.1	648805	649713	-	909	30	30	36	24	44	22	25	49	28	30
gene-Y75_RS03200	NC_007779.1	649710	650006	-	297	0	0	0	2	1	1	0	3	5	2
gene-Y75_RS03205	NC_007779.1	650021	651079	-	1059	12	48	16	18	24	23	23	48	48	26
gene-Y75_RS03210	NC_007779.1	651458	653116	+	1659	244	299	211	183	261	227	209	511	214	235
gene-Y75_RS03215	NC_007779.1	653085	653765	+	681	107	125	127	107	154	139	143	345	138	157
gene-Y75_RS03225	NC_007779.1	654281	655261	+	981	0	0	0	0	0	0	0	0	0	0
gene-Y75_RS03235	NC_007779.1	656979	657539	+	561	51	94	48	27	57	48	48	114	23	22
gene-Y75_RS03240	NC_007779.1	657714	657923	+	210	18505	19795	22310	19395	20136	17154	20426	67152	459	425
gene-Y75_RS03245	NC_007779.1	657977	658360	-	384	185	194	199	224	334	232	274	578	115	124
gene-Y75_RS03255	NC_007779.1	659369	659572	+	204	858	984	1011	984	966	990	874	2534	2655	2783
gene-Y75_RS03260	NC_007779.1	659673	660638	-	966	1985	2221	1372	1082	1512	1233	1331	4263	1895	1915
gene-Y75_RS03265	NC_007779.1	660847	661800	-	954	155	142	162	118	147	161	147	311	96	100
gene-Y75_RS03275	NC_007779.1	662059	662700	-	642	828	698	1111	993	1309	1143	977	2341	862	807
gene-Y75_RS03280	NC_007779.1	662801	663064	-	264	937	1058	1966	1756	2227	1863	1922	2893	915	914
gene-Y75_RS03285	NC_007779.1	663174	664385	-	1212	3602	2772	3781	3654	4692	4050	4138	9375	3650	3404
gene-Y75_RS03290	NC_007779.1	664524	665612	-	1089	2148	2030	1565	1556	2176	1781	1748	5939	1815	1889
gene-Y75_RS03295	NC_007779.1	665623	666735	-	1113	793	499	663	582	777	634	678	2884	742	750
gene-Y75_RS03300	NC_007779.1	666738	668639	-	1902	1162	993	1228	1067	1381	1187	1110	4032	1424	1523
gene-Y75_RS03305	NC_007779.1	668670	669137	-	468	553	427	450	420	538	527	478	1719	580	630
gene-Y75_RS03310	NC_007779.1	669141	669458	-	318	977	729	768	709	976	862	721	2658	1095	1099
gene-Y75_RS03315	NC_007779.1	669718	670329	-	612	159	113	164	146	207	148	178	476	167	174
gene-Y75_RS03320	NC_007779.1	670353	670994	-	642	400	398	544	471	547	528	446	1346	371	335
gene-Y75_RS03325	NC_007779.1	670996	672027	-	1032	927	835	951	920	1291	1101	1128	2873	731	812
gene-Y75_RS03330	NC_007779.1	672027	672608	-	582	1338	1253	1543	1377	1892	1715	1609	4694	1157	1458
gene-Y75_RS03335	NC_007779.1	672623	675205	-	2583	8228	7373	8546	7960	10790	9412	8681	24007	6914	7039
gene-Y75_RS03340	NC_007779.1	675440	675922	+	483	353	344	211	207	269	293	294	1311	339	398
gene-Y75_RS03345	NC_007779.1	675992	676969	-	978	78	102	84	46	91	68	102	329	78	55
gene-Y75_RS03350	NC_007779.1	677133	677840	+	708	8	3	2	2	12	9	4	9	8	12
gene-Y75_RS03355	NC_007779.1	677837	679264	+	1428	49	95	42	42	62	73	54	156	3	0
gene-Y75_RS03360	NC_007779.1	679274	679828	-	555	10	15	7	6	9	8	7	39	0	0
gene-Y75_RS03365	NC_007779.1	679930	680637	+	708	12	22	11	15	19	9	18	37	0	0
gene-Y75_RS03370	NC_007779.1	680634	682085	+	1452	85	151	78	83	99	90	134	202	117	80
gene-Y75_RS03375	NC_007779.1	682145	683815	-	1671	90	73	58	86	79	86	103	210	54	35
gene-Y75_RS03380	NC_007779.1	683899	684834	-	936	682	332	348	325	555	353	503	1250	524	614
gene-Y75_RS03385	NC_007779.1	684952	685677	-	726	431	349	430	434	504	420	485	1232	533	581
gene-Y75_RS03390	NC_007779.1	685677	686351	-	675	208	178	258	265	298	241	228	709	539	481
gene-Y75_RS03395	NC_007779.1	686351	687091	-	741	415	334	421	374	457	376	393	973	899	825
gene-Y75_RS03400	NC_007779.1	687261	688169	-	909	5133	3828	2278	2022	2615	2365	2567	7584	9748	9228
gene-Y75_RS03405	NC_007779.1	688419	689399	-	981	71	50	64	38	63	46	54	101	0	0
gene-Y75_RS03410	NC_007779.1	689765	691303	-	1539	1158	976	1233	1160	1368	1159	1087	3411	1129	1182
gene-Y75_RS03415	NC_007779.1	691328	692206	-	879	3635	3253	2707	2499	3515	2957	2855	9953	3279	3246
gene-Y75_RS03420	NC_007779.1	692296	692763	-	468	830	772	769	836	1104	823	839	2715	762	909
gene-Y75_RS03425	NC_007779.1	692760	693800	-	1041	2341	1941	2264	2036	2751	2463	2217	6544	2087	2112
gene-Y75_RS03430	NC_007779.1	693953	695377	-	1425	2893	2226	3193	2936	3737	3364	2756	7444	2753	2865
gene-Y75_RS03435	NC_007779.1	695523	696698	+	1176	952	859	919	881	1079	1044	985	2382	491	612
gene-Y75_RS03440	NC_007779.1	696852	696926	-	75	76	36	119	113	140	97	106	1030	127	179
gene-Y75_RS03445	NC_007779.1	696964	697038	-	75	303	123	354	314	368	286	374	2402	379	412
gene-Y75_RS03450	NC_007779.1	697086	697162	-	77	170	40	137	152	163	145	126	2982	85	70
gene-Y75_RS03455	NC_007779.1	697178	697252	-	75	394	137	465	455	478	403	363	3675	497	672
gene-Y75_RS03460	NC_007779.1	697287	697361	-	75	517	162	641	543	558	499	462	5736	602	619
gene-Y75_RS03465	NC_007779.1	697385	697469	-	85	266	5	128	196	253	217	171	7276	249	288
gene-Y75_RS03470	NC_007779.1	697479	697555	-	77	246	21	196	192	218	213	237	6142	490	486
gene-Y75_RS03475	NC_007779.1	697935	699599	-	1665	2780	2974	3059	2807	3705	3414	3224	7340	2349	2359
gene-Y75_RS03480	NC_007779.1	699996	700748	-	753	1596	1572	1673	1454	1905	1684	1581	4232	1437	1326
gene-Y75_RS03485	NC_007779.1	700796	702016	-	1221	1379	1196	850	906	1132	1016	966	3352	739	812
gene-Y75_RS03490	NC_007779.1	702025	703173	-	1149	821	804	875	855	1060	859	960	2598	612	613
gene-Y75_RS03495	NC_007779.1	703233	704033	-	801	809	594	940	770	1074	917	955	2085	486	436
gene-Y75_RS03500	NC_007779.1	704366	706312	+	1947	2697	1429	3008	2604	3560	3035	2932	4489	1157	1277
gene-Y75_RS03505	NC_007779.1	706515	708179	+	1665	6268	5764	6532	5673	8078	7073	6323	17405	5250	5229
gene-Y75_RS03510	NC_007779.1	708756	710162	+	1407	68	66	129	95	123	120	113	175	68	70
gene-Y75_RS03515	NC_007779.1	710212	710538	+	327	43	34	54	78	131	80	117	102	15	14
gene-Y75_RS03520	NC_007779.1	710622	711068	-	447	3184	2768	3109	2792	3970	3230	3340	9704	2152	2200
gene-Y75_RS03525	NC_007779.1	711061	711147	-	87	585	500	539	537	641	573	630	1934	491	330
gene-Y75_RS03535	NC_007779.1	711357	711887	-	531	3683	2465	3847	3474	4490	3753	3935	7899	2561	2303
gene-Y75_RS03540	NC_007779.1	712027	712320	-	294	383	305	488	372	524	518	339	916	354	353
gene-Y75_RS03545	NC_007779.1	712460	713224	-	765	587	538	610	533	625	649	615	1570	342	424
gene-Y75_RS03550	NC_007779.1	713409	713954	+	546	2224	2210	2322	2015	2967	2704	2626	5940	2069	2179
gene-Y75_RS03555	NC_007779.1	713980	715620	+	1641	4643	5344	4501	4138	5505	5075	4972	12274	4032	4259
gene-Y75_RS03560	NC_007779.1	715834	716328	+	495	94	113	160	174	360	246	282	187	83	68
gene-Y75_RS03575	NC_007779.1	717368	718687	-	1320	114	126	80	114	83	108	90	218	76	52
gene-Y75_RS03580	NC_007779.1	718684	720882	-	2199	70	74	62	59	40	45	42	124	40	40
gene-Y75_RS25225	NC_007779.1	721140	721244	-	105	0	2	0	0	0	2	2	0	0	0
gene-Y75_RS03590	NC_007779.1	721478	722155	-	678	121	103	102	90	111	97	80	321	71	69
gene-Y75_RS03595	NC_007779.1	722152	724836	-	2685	581	606	525	575	705	608	620	1448	406	419
gene-Y75_RS03600	NC_007779.1	724829	725401	-	573	58	41	47	32	65	57	63	123	23	32
gene-Y75_RS03605	NC_007779.1	725410	727458	-	2049	74	93	57	68	58	84	60	149	34	33
gene-Y75_RS03610	NC_007779.1	727481	729154	-	1674	11	23	19	15	35	20	17	62	8	22
gene-Y75_RS03615	NC_007779.1	729154	729243	-	90	1	0	1	2	0	0	0	0	0	0
gene-Y75_RS03620	NC_007779.1	729556	729762	+	207	229	315	114	128	100	135	159	510	111	118
gene-Y75_RS03625	NC_007779.1	730005	734198	+	4194	243	276	264	204	277	275	370	516	138	146
gene-Y75_RS03630	NC_007779.1	734198	734524	+	327	14	10	8	9	17	12	18	25	19	5
gene-Y75_RS03640	NC_007779.1	736072	736641	+	570	30	59	22	10	24	14	22	67	20	14
gene-Y75_RS03660	NC_007779.1	739423	739932	+	510	20	51	18	22	35	28	14	190	45	47
gene-Y75_RS03665	NC_007779.1	739929	741347	+	1419	177	195	162	153	229	165	192	575	122	92
gene-Y75_RS03670	NC_007779.1	741497	742978	-	1482	315	145	478	503	588	517	574	857	262	228
gene-Y75_RS03675	NC_007779.1	743249	743992	+	744	1586	1805	1628	1576	2108	1877	1850	3367	925	918
gene-Y75_RS03680	NC_007779.1	744015	744671	+	657	1186	1471	1216	1055	1505	1303	1372	2834	621	699
gene-Y75_RS03685	NC_007779.1	744665	745597	+	933	1199	1417	1196	1082	1521	1383	1263	2699	667	689
gene-Y75_RS03690	NC_007779.1	745587	746321	+	735	710	931	663	639	835	769	797	1736	560	672
gene-Y75_RS03695	NC_007779.1	746357	747148	+	792	288	387	253	192	321	260	326	736	254	234
gene-Y75_RS03700	NC_007779.1	747145	748191	-	1047	173	208	157	112	181	157	152	373	98	106
gene-Y75_RS03705	NC_007779.1	748343	749404	-	1062	99	154	103	96	120	107	94	258	23	38
gene-Y75_RS03710	NC_007779.1	749401	750129	-	729	37	33	25	27	27	22	33	71	4	10
gene-Y75_RS03715	NC_007779.1	750144	752600	-	2457	70	56	47	54	34	43	35	119	48	49
gene-Y75_RS03720	NC_007779.1	752651	753217	-	567	11	8	26	26	31	28	51	20	0	0
gene-Y75_RS03725	NC_007779.1	753607	754890	-	1284	22760	13678	23444	21970	26423	23731	24328	53000	20516	20676
gene-Y75_RS24790	NC_007779.1	755096	755203	-	108	1391	947	1499	1378	1537	1389	1645	2358	1080	982
gene-Y75_RS03735	NC_007779.1	755584	755988	+	405	5147	3055	3777	3489	4498	3941	4749	10516	3123	3167
gene-Y75_RS03740	NC_007779.1	755982	756329	+	348	1658	957	1398	1305	1506	1303	1579	5274	1130	1099
gene-Y75_RS03745	NC_007779.1	756329	758095	+	1767	16581	7785	12254	11484	15592	13583	15583	40158	9732	10694
gene-Y75_RS03750	NC_007779.1	758111	758827	+	717	7588	3459	5901	5447	7524	6140	7940	18567	4871	5386
gene-Y75_RS03760	NC_007779.1	759128	761929	+	2802	24379	12204	14997	14356	20042	17845	18091	51758	23812	26016
gene-Y75_RS03765	NC_007779.1	761944	763161	+	1218	16335	7915	10002	9557	13576	12013	12775	37058	15434	17786
gene-Y75_RS03770	NC_007779.1	763436	764602	+	1167	16194	7138	10144	9596	13650	12127	13732	34575	12450	12981
gene-Y75_RS03775	NC_007779.1	764602	765471	+	870	11508	5130	7967	7775	10109	8998	9662	26370	9484	10071
gene-Y75_RS03780	NC_007779.1	765575	766297	-	723	286	201	263	251	298	225	279	581	150	158
gene-Y75_RS03785	NC_007779.1	766466	768382	+	1917	20	14	20	13	10	14	8	23	6	8
gene-Y75_RS03790	NC_007779.1	768400	771033	+	2634	300	250	224	193	249	202	256	546	159	146
gene-Y75_RS03800	NC_007779.1	771880	773448	+	1569	4328	5904	2571	2487	3289	3118	3786	7053	2013	2058
gene-Y75_RS03805	NC_007779.1	773464	774603	+	1140	2508	3462	1574	1504	1938	1798	2205	4752	1151	1132
gene-Y75_RS03810	NC_007779.1	774618	774731	+	114	13	8	10	5	11	2	16	436	13	9
gene-Y75_RS03815	NC_007779.1	774731	775024	+	294	282	421	236	223	251	248	322	779	124	170
gene-Y75_RS03820	NC_007779.1	775174	775578	+	405	801	738	729	682	828	731	643	2720	885	898
gene-Y75_RS03825	NC_007779.1	775575	776267	+	693	1229	917	974	842	1183	1124	1018	3842	1448	1501
gene-Y75_RS03830	NC_007779.1	776271	776699	+	429	430	328	395	342	423	391	348	1589	537	584
gene-Y75_RS03835	NC_007779.1	776764	778029	+	1266	1673	1493	1367	1246	1828	1651	1580	5466	2157	2143
gene-Y75_RS03840	NC_007779.1	778162	779454	+	1293	10349	9476	8308	7740	10059	8995	8772	32769	7403	7528
gene-Y75_RS03845	NC_007779.1	779489	780010	+	522	15775	13202	13196	12138	17025	14988	16038	49370	8560	8732
gene-Y75_RS03850	NC_007779.1	780020	780811	+	792	5782	4500	5215	4744	6525	6036	5883	17529	4471	4304
gene-Y75_RS03855	NC_007779.1	780976	781051	+	76	14422	8505	11647	10670	12740	12336	12827	34154	10485	12019
gene-Y75_RS03865	NC_007779.1	781187	781262	+	76	3654	2069	3556	3011	3459	3302	3123	9016	1429	1566
gene-Y75_RS03870	NC_007779.1	781265	781340	+	76	2614	1693	2645	2489	3023	2753	2557	5709	27	25
gene-Y75_RS03880	NC_007779.1	781490	781565	+	76	1744	1087	1760	1612	1988	1770	1540	3461	1237	1276
gene-Y75_RS03885	NC_007779.1	781569	781644	+	76	1464	1034	1739	1507	1890	1625	1589	2729	1518	1536
gene-Y75_RS03895	NC_007779.1	781791	781866	+	76	2348	1654	2918	2444	3185	2796	2594	3545	1922	1663
gene-Y75_RS03905	NC_007779.1	781999	782074	+	76	174	104	262	274	270	286	200	439	134	151
gene-Y75_RS03910	NC_007779.1	782105	782230	+	126	6	4	30	29	41	35	26	24	1	1
gene-Y75_RS03915	NC_007779.1	782507	783550	+	1044	2831	1836	2866	2447	3241	2771	2567	6546	2087	2071
gene-Y75_RS03920	NC_007779.1	783588	784307	+	720	1189	831	1024	1098	1125	1045	960	3221	970	978
gene-Y75_RS03925	NC_007779.1	784304	785245	-	942	392	397	312	321	378	338	301	1005	194	224
gene-Y75_RS03930	NC_007779.1	785359	785739	-	381	77	121	36	20	38	39	19	314	35	45
gene-Y75_RS03940	NC_007779.1	786055	787107	+	1053	12283	11136	9798	8845	12293	11156	11197	31765	11080	11172
gene-Y75_RS03945	NC_007779.1	787265	788017	-	753	10959	11195	10590	9660	13334	11901	12059	29725	7986	7929
gene-Y75_RS03950	NC_007779.1	788219	789259	-	1041	1831	2094	1686	1600	2028	1668	1982	6904	1523	1482
gene-Y75_RS03955	NC_007779.1	789253	790401	-	1149	790	713	695	553	893	825	921	4476	652	737
gene-Y75_RS03960	NC_007779.1	790405	791451	-	1047	467	277	431	386	620	526	626	1364	464	533
gene-Y75_RS03965	NC_007779.1	791461	792477	-	1017	699	466	868	764	1028	930	1068	1942	656	703
gene-Y75_RS03970	NC_007779.1	792738	794210	-	1473	2349	2115	1578	1476	2445	2042	2203	7186	1324	1351
gene-Y75_RS03975	NC_007779.1	794278	795066	-	789	514	591	370	339	460	337	406	1262	455	445
gene-Y75_RS03980	NC_007779.1	795195	795344	+	150	749	779	944	796	756	658	707	1903	566	669
gene-Y75_RS03985	NC_007779.1	795511	796284	+	774	346	272	720	670	979	861	731	4027	243	220
gene-Y75_RS03990	NC_007779.1	796284	796973	+	690	163	189	236	190	297	229	222	1715	123	107
gene-Y75_RS03995	NC_007779.1	796976	798034	+	1059	219	222	255	230	267	246	240	2272	123	180
gene-Y75_RS04000	NC_007779.1	798035	798853	-	819	609	483	651	552	752	636	650	1660	558	574
gene-Y75_RS04005	NC_007779.1	799008	800003	+	996	1346	1388	1208	1094	1441	1365	1180	4073	1158	1240
gene-Y75_RS04010	NC_007779.1	800044	800997	-	954	51	52	43	53	38	37	46	120	41	27
gene-Y75_RS04015	NC_007779.1	801181	802233	+	1053	6	6	4	14	10	2	8	19	6	7
gene-Y75_RS04020	NC_007779.1	802309	803742	+	1434	41	38	32	25	40	24	32	74	9	20
gene-Y75_RS04025	NC_007779.1	803925	806186	+	2262	179	207	170	181	275	239	211	386	141	133
gene-Y75_RS04030	NC_007779.1	806420	807703	-	1284	4521	3541	4667	4343	5657	5000	4891	11910	4406	4247
gene-Y75_RS04035	NC_007779.1	807855	808331	-	477	479	408	488	442	483	534	491	1535	500	577
gene-Y75_RS04040	NC_007779.1	808390	809679	-	1290	904	764	770	716	1119	1046	880	1752	371	357
gene-Y75_RS04045	NC_007779.1	809766	810806	+	1041	2027	2163	1810	1575	2718	2402	2311	4051	1121	1182
gene-Y75_RS04050	NC_007779.1	810803	811957	+	1155	1104	1208	1098	1134	1556	1401	1260	2652	708	743
gene-Y75_RS04055	NC_007779.1	811944	812699	+	756	511	478	562	450	666	585	520	1123	319	348
gene-Y75_RS04060	NC_007779.1	812692	813369	+	678	685	715	600	619	926	835	778	1405	449	498
gene-Y75_RS04065	NC_007779.1	813948	815969	+	2022	1326	1372	1022	1038	1249	1135	1092	2809	914	993
gene-Y75_RS04070	NC_007779.1	816161	817069	-	909	526	751	609	482	615	546	611	1695	407	419
gene-Y75_RS04075	NC_007779.1	817466	818455	+	990	2135	1688	2346	2311	2869	2430	2464	4629	1441	1668
gene-Y75_RS04080	NC_007779.1	818477	818989	+	513	1531	1022	803	799	1071	945	1120	3522	499	535
gene-Y75_RS04085	NC_007779.1	818992	819477	+	486	1057	720	604	572	784	726	849	2362	373	459
gene-Y75_RS04090	NC_007779.1	819470	819715	+	246	171	122	96	118	122	141	142	635	87	91
gene-Y75_RS04095	NC_007779.1	819717	820169	+	453	886	629	578	558	812	687	657	1903	384	377
gene-Y75_RS04100	NC_007779.1	820306	821010	+	705	1261	1322	1018	943	1170	978	1085	2782	640	713
gene-Y75_RS04105	NC_007779.1	821215	821928	+	714	47	46	52	58	64	55	77	148	29	33
gene-Y75_RS04110	NC_007779.1	821964	822920	-	957	33	33	24	18	34	18	23	148	38	28
gene-Y75_RS04115	NC_007779.1	822920	824161	-	1242	27	41	26	22	29	33	25	287	68	71
gene-Y75_RS04120	NC_007779.1	824158	824919	-	762	31	28	20	29	12	25	14	316	61	63
gene-Y75_RS04125	NC_007779.1	825052	825462	+	411	176	146	233	189	189	220	212	533	189	234
gene-Y75_RS04130	NC_007779.1	825424	826530	-	1107	106	132	76	94	98	78	128	335	151	119
gene-Y75_RS04135	NC_007779.1	826541	827674	-	1134	131	139	110	89	110	91	120	352	105	124
gene-Y75_RS04140	NC_007779.1	827667	829403	-	1737	420	430	295	305	420	395	343	1112	286	298
gene-Y75_RS04145	NC_007779.1	829396	830391	-	996	394	334	238	198	329	274	234	942	183	217
gene-Y75_RS04150	NC_007779.1	830394	831065	-	672	179	208	231	160	263	209	228	574	211	210
gene-Y75_RS04155	NC_007779.1	831294	832658	+	1365	526	673	628	535	709	617	591	1679	675	752
gene-Y75_RS04160	NC_007779.1	832890	833372	-	483	115	82	59	67	56	68	77	153	78	76
gene-Y75_RS04165	NC_007779.1	833492	835642	+	2151	359	346	318	295	374	291	308	827	326	312
gene-Y75_RS04170	NC_007779.1	835670	836632	+	963	1096	1312	711	656	808	782	903	2664	540	669
gene-Y75_RS04175	NC_007779.1	836773	837858	+	1086	5203	5085	3268	2977	4358	3854	4501	11250	2091	2136
gene-Y75_RS25230	NC_007779.1	837925	837984	+	60	124	155	90	77	102	119	89	442	62	83
gene-Y75_RS04180	NC_007779.1	838087	838347	-	261	294	384	208	179	237	214	253	670	196	164
gene-Y75_RS04185	NC_007779.1	838612	838878	-	267	55	63	45	52	53	43	41	147	26	58
gene-Y75_RS04190	NC_007779.1	838952	839629	-	678	192	198	228	176	235	233	240	558	116	128
gene-Y75_RS04195	NC_007779.1	839671	841953	-	2283	1400	436	932	928	1430	1355	1199	3563	199	207
gene-Y75_RS24795	NC_007779.1	842218	842478	-	261	27	55	31	30	45	47	31	174	28	46
gene-Y75_RS04205	NC_007779.1	842754	843680	+	927	520	378	471	350	538	446	408	1186	483	488
gene-Y75_RS04210	NC_007779.1	843677	845902	-	2226	125	145	115	126	142	125	113	406	112	130
gene-Y75_RS04215	NC_007779.1	846163	846885	-	723	1582	1442	1521	1394	2016	1713	1662	4730	1674	1766
gene-Y75_RS04220	NC_007779.1	846882	847541	-	660	1399	1298	1209	999	1491	1399	1378	3918	1350	1340
gene-Y75_RS04225	NC_007779.1	847680	848426	-	747	6330	5192	5177	4680	7197	6134	6972	13691	5878	5880
gene-Y75_RS04235	NC_007779.1	848830	849333	-	504	2190	3894	502	434	596	562	823	6957	497	491
gene-Y75_RS04240	NC_007779.1	849632	850519	-	888	107	141	106	84	134	110	115	275	165	150
gene-Y75_RS24800	NC_007779.1	850754	850819	+	66	1892	1705	2760	2361	3442	2895	2979	3419	1185	1069
gene-Y75_RS04245	NC_007779.1	850872	851387	+	516	13548	14128	26554	23259	28548	24650	25002	33540	9263	8250
gene-Y75_RS04250	NC_007779.1	851436	853019	-	1584	323	230	500	425	570	489	466	844	399	370
gene-Y75_RS04255	NC_007779.1	853291	853419	-	129	988	942	722	724	800	790	669	1692	432	518
gene-Y75_RS04260	NC_007779.1	853605	854072	+	468	655	522	446	452	579	473	521	1302	303	350
gene-Y75_RS04265	NC_007779.1	854069	855187	+	1119	322	288	291	279	328	279	332	734	201	204
gene-Y75_RS04270	NC_007779.1	855246	856166	-	921	2864	3027	3125	2959	4064	3781	3585	7438	2380	2279
gene-Y75_RS04275	NC_007779.1	856385	857977	+	1593	2006	2312	2694	2305	3322	2819	2548	5965	1632	1626
gene-Y75_RS04280	NC_007779.1	858218	859483	-	1266	534	453	429	428	509	384	602	1062	217	252
gene-Y75_RS04285	NC_007779.1	859635	860450	-	816	749	557	695	573	700	632	755	1690	573	523
gene-Y75_RS04290	NC_007779.1	860596	863028	-	2433	162	213	135	165	148	119	148	288	94	83
gene-Y75_RS04295	NC_007779.1	863034	863933	-	900	24	24	19	37	31	33	22	76	11	20
gene-Y75_RS04300	NC_007779.1	864064	864726	+	663	112	109	91	63	95	94	103	258	46	42
gene-Y75_RS04305	NC_007779.1	864802	865551	-	750	336	343	367	303	424	358	333	845	299	339
gene-Y75_RS04310	NC_007779.1	865551	866786	-	1236	758	687	719	650	822	721	712	1548	704	725
gene-Y75_RS04315	NC_007779.1	866990	867955	+	966	2576	2525	2612	2512	3257	2868	2584	7965	1803	1807
gene-Y75_RS04320	NC_007779.1	867942	869813	+	1872	2340	2179	2108	1993	2551	2288	1968	7160	1612	1626
gene-Y75_RS04325	NC_007779.1	869833	871371	+	1539	1713	1764	1363	1207	1688	1371	1190	4800	1036	1174
gene-Y75_RS04330	NC_007779.1	871389	872309	+	921	433	445	338	312	412	365	314	1566	302	323
gene-Y75_RS04335	NC_007779.1	872312	873223	+	912	266	275	181	173	215	194	209	715	212	185
gene-Y75_RS04340	NC_007779.1	873401	875749	+	2349	1346	757	1218	1258	1725	1452	1825	3791	183	215
gene-Y75_RS04345	NC_007779.1	875757	877085	+	1329	564	332	505	528	592	641	699	1729	29	26
gene-Y75_RS04350	NC_007779.1	877132	878457	-	1326	1343	1025	1279	1172	1601	1449	1192	4122	2064	1947
gene-Y75_RS04355	NC_007779.1	878670	879053	+	384	68	527	32	22	38	34	28	197	44	43
gene-Y75_RS04360	NC_007779.1	879164	880279	+	1116	57	74	56	47	81	46	65	324	83	104
gene-Y75_RS04365	NC_007779.1	880276	880902	-	627	1030	1125	674	662	853	763	762	1922	751	810
gene-Y75_RS04370	NC_007779.1	881149	882351	+	1203	1048	1061	1005	940	1101	999	1035	3280	1483	1410
gene-Y75_RS04375	NC_007779.1	882398	883156	-	759	831	800	635	571	895	698	807	2028	339	396
gene-Y75_RS04380	NC_007779.1	883214	883810	-	597	810	559	565	537	604	596	627	1557	422	341
gene-Y75_RS04385	NC_007779.1	884095	885327	+	1233	335	244	565	462	498	499	523	963	302	275
gene-Y75_RS04390	NC_007779.1	885368	885652	-	285	115	118	111	102	141	95	104	320	100	77
gene-Y75_RS04395	NC_007779.1	885738	886553	-	816	445	555	344	368	478	369	401	1121	272	306
gene-Y75_RS04400	NC_007779.1	886553	887761	-	1209	284	322	269	285	349	342	285	749	227	200
gene-Y75_RS04405	NC_007779.1	887845	888381	+	537	130	91	106	109	144	107	99	273	98	87
gene-Y75_RS04410	NC_007779.1	888556	890241	-	1686	911	1159	920	885	1118	942	1018	2093	484	419
gene-Y75_RS04415	NC_007779.1	890511	890888	+	378	117	130	124	118	139	128	150	219	49	55
gene-Y75_RS04420	NC_007779.1	890918	891175	-	258	173	171	158	173	222	196	157	509	114	142
gene-Y75_RS04425	NC_007779.1	891335	891622	+	288	106	91	85	100	82	103	103	386	87	108
gene-Y75_RS04430	NC_007779.1	891606	892328	+	723	537	379	473	392	480	475	477	1740	412	391
gene-Y75_RS04435	NC_007779.1	892389	893291	+	903	537	435	416	426	498	459	473	1603	409	467
gene-Y75_RS04440	NC_007779.1	893379	893855	+	477	657	495	877	704	900	767	735	2261	978	976
gene-Y75_RS04450	NC_007779.1	894206	895318	+	1113	2003	1739	1240	1044	1409	1353	1415	4965	3816	3647
gene-Y75_RS04455	NC_007779.1	895413	896546	+	1134	621	540	374	333	378	447	401	1905	1331	1235
gene-Y75_RS04460	NC_007779.1	896556	897509	+	954	189	169	124	103	155	132	115	579	501	473
gene-Y75_RS04465	NC_007779.1	897506	898351	+	846	223	230	173	141	142	151	145	731	436	527
gene-Y75_RS04470	NC_007779.1	898411	898899	+	489	130	136	139	116	173	151	155	399	213	229
gene-Y75_RS04475	NC_007779.1	898940	900067	+	1128	416	236	578	503	636	516	516	1128	452	471
gene-Y75_RS04480	NC_007779.1	900266	900997	-	732	6376	1409	7750	7009	8763	7630	7462	17952	9143	8973
gene-Y75_RS04485	NC_007779.1	901288	901956	-	669	466	304	504	476	522	499	508	1578	746	712
gene-Y75_RS04490	NC_007779.1	901956	902672	-	717	373	258	387	317	395	399	383	1601	545	562
gene-Y75_RS04495	NC_007779.1	902679	903410	-	732	1211	643	797	732	1011	912	1092	3888	1595	1624
gene-Y75_RS04500	NC_007779.1	903428	904156	-	729	917	504	746	628	881	849	830	2743	1377	1416
gene-Y75_RS04505	NC_007779.1	904374	904889	-	516	568	404	345	328	410	385	442	2079	675	641
gene-Y75_RS04510	NC_007779.1	905015	905338	+	324	436	400	325	309	424	325	313	1238	272	256
gene-Y75_RS04515	NC_007779.1	905335	906165	+	831	451	410	394	368	459	395	350	1251	292	333
gene-Y75_RS04520	NC_007779.1	906162	907175	-	1014	745	666	515	518	698	556	641	2027	1062	1069
gene-Y75_RS04525	NC_007779.1	907274	908704	-	1431	745	892	485	518	589	519	598	1750	626	647
gene-Y75_RS04530	NC_007779.1	908715	909716	-	1002	1365	1518	767	801	1032	885	1163	3262	1168	1113
gene-Y75_RS04535	NC_007779.1	909753	911471	-	1719	147	135	58	53	93	71	95	1357	253	283
gene-Y75_RS04540	NC_007779.1	911604	912572	-	969	30	23	30	24	19	33	33	64	12	6
gene-Y75_RS04545	NC_007779.1	912584	914236	-	1653	26	26	53	30	39	44	40	57	14	17
gene-Y75_RS04550	NC_007779.1	914380	915279	-	900	696	444	933	804	982	841	879	2283	719	608
gene-Y75_RS04555	NC_007779.1	915774	916469	-	696	110	102	95	88	98	96	104	244	114	115
gene-Y75_RS04565	NC_007779.1	916895	918553	+	1659	617	621	616	582	755	688	660	2066	415	370
gene-Y75_RS04570	NC_007779.1	918550	919506	-	957	1825	1946	2674	2303	3013	2594	2002	5141	1423	1376
gene-Y75_RS04575	NC_007779.1	919657	920772	+	1116	578	710	570	435	610	578	617	1246	388	397
gene-Y75_RS04580	NC_007779.1	920769	922715	+	1947	527	657	575	509	773	664	723	1331	361	367
gene-Y75_RS04585	NC_007779.1	922788	923012	-	225	4418	5135	1738	1691	1896	1710	2310	7681	1447	1327
gene-Y75_RS25235	NC_007779.1	923162	923236	+	75	129	167	107	93	124	115	117	252	71	92
gene-Y75_RS04590	NC_007779.1	923335	923655	+	321	1128	1202	731	661	997	913	909	2489	444	474
gene-Y75_RS04595	NC_007779.1	923686	925962	+	2277	10403	12812	6181	5809	7383	6778	6665	19050	3865	4039
gene-Y75_RS04600	NC_007779.1	926306	926393	-	88	288	137	252	218	276	182	258	437	440	456
gene-Y75_RS04605	NC_007779.1	926647	926865	-	219	4636	3032	4673	4264	5217	4427	4127	14178	6067	6150
gene-Y75_RS04610	NC_007779.1	927150	927854	-	705	475	456	440	424	484	469	367	1423	416	469
gene-Y75_RS04615	NC_007779.1	927896	929617	-	1722	1158	1050	921	929	1110	981	894	3297	948	991
gene-Y75_RS04620	NC_007779.1	929618	931384	-	1767	788	659	803	680	852	795	675	2303	676	722
gene-Y75_RS04625	NC_007779.1	931507	932472	-	966	6303	5001	6856	6424	7969	6830	6847	16088	6764	6745
gene-Y75_RS04630	NC_007779.1	933017	933511	+	495	7620	6727	9761	9123	11010	9910	9169	20154	6175	5710
gene-Y75_RS04635	NC_007779.1	933646	937635	+	3990	5354	5009	5497	4767	6404	5401	5425	14891	4943	4784
gene-Y75_RS04640	NC_007779.1	937794	938405	+	612	853	959	960	839	1058	989	971	2476	888	949
gene-Y75_RS04645	NC_007779.1	938416	939759	+	1344	683	755	1000	983	1314	1048	1078	2073	767	734
gene-Y75_RS04650	NC_007779.1	939850	941142	+	1293	6106	8471	5401	5000	6727	6207	6369	16059	4728	5033
gene-Y75_RS04655	NC_007779.1	941381	943825	+	2445	124	190	226	198	291	220	205	294	77	41
gene-Y75_RS04660	NC_007779.1	943836	944453	+	618	47	61	66	41	89	56	40	96	21	15
gene-Y75_RS04665	NC_007779.1	944455	945318	+	864	73	145	80	97	113	120	92	253	47	78
gene-Y75_RS04670	NC_007779.1	945353	945979	-	627	117	160	45	31	34	41	38	1214	188	206
gene-Y75_RS04675	NC_007779.1	946293	947441	+	1149	755	658	698	618	787	739	659	1886	856	876
gene-Y75_RS04680	NC_007779.1	947651	949081	+	1431	66	70	46	63	80	62	86	149	50	49
gene-Y75_RS04685	NC_007779.1	949082	949990	-	909	205	256	148	111	139	105	207	339	95	56
gene-Y75_RS04690	NC_007779.1	950090	950680	+	591	50	40	46	40	43	39	64	94	45	56
gene-Y75_RS04695	NC_007779.1	950762	951502	-	741	673	715	1153	941	1289	1170	992	1669	695	748
gene-Y75_RS04700	NC_007779.1	951694	953976	-	2283	16956	20674	15969	14999	20325	17960	17541	46653	18753	19125
gene-Y75_RS24805	NC_007779.1	954031	954888	-	858	852	1025	853	727	1030	844	883	3160	1356	1373
gene-Y75_RS04710	NC_007779.1	955294	957054	-	1761	1715	1340	2603	2201	2899	2482	2197	6418	3646	3397
gene-Y75_RS04715	NC_007779.1	957184	957876	+	693	44	101	70	49	76	58	62	238	48	69
gene-Y75_RS04720	NC_007779.1	958075	959163	+	1089	20670	23316	17193	15351	20262	17881	17967	56068	17669	17319
gene-Y75_RS04725	NC_007779.1	959234	960517	+	1284	5733	6502	11347	10298	14413	12596	12165	19513	7420	7411
gene-Y75_RS04730	NC_007779.1	960686	961450	+	765	110	143	633	587	722	779	750	364	105	89
gene-Y75_RS04735	NC_007779.1	961623	962306	+	684	4538	3687	4759	4561	5616	4927	4551	12228	3981	4331
gene-Y75_RS04740	NC_007779.1	962417	964090	+	1674	71291	56769	86679	81067	101449	88591	81087	219681	80081	79930
gene-Y75_RS04745	NC_007779.1	964250	964534	+	285	4608	5282	4382	4134	4937	4679	4496	10358	2771	2981
gene-Y75_RS04750	NC_007779.1	964742	967006	+	2265	219	225	195	217	295	268	245	451	132	184
gene-Y75_RS04755	NC_007779.1	967043	968791	+	1749	2038	2209	2411	2109	2647	2334	2071	6546	1629	1568
gene-Y75_RS04760	NC_007779.1	968788	969774	+	987	502	502	587	548	668	623	447	1697	343	391
gene-Y75_RS04765	NC_007779.1	969811	971043	+	1233	132	158	129	104	138	141	137	404	124	106
gene-Y75_RS04770	NC_007779.1	971095	971277	+	183	438	293	521	481	691	619	626	1361	390	398
gene-Y75_RS04775	NC_007779.1	971274	972020	+	747	1572	1127	1821	1792	1983	1880	1815	3846	1070	1120
gene-Y75_RS04780	NC_007779.1	972174	973067	+	894	132	245	137	143	162	143	136	278	67	49
gene-Y75_RS04785	NC_007779.1	973044	973823	-	780	180	235	118	106	160	134	179	435	110	123
gene-Y75_RS04790	NC_007779.1	973959	974744	+	786	927	805	815	787	1032	1035	849	2606	557	562
gene-Y75_RS04795	NC_007779.1	974741	976063	+	1323	845	774	855	750	914	845	764	2205	550	636
gene-Y75_RS04800	NC_007779.1	976044	976748	+	705	800	764	751	698	984	857	804	2196	601	587
gene-Y75_RS04805	NC_007779.1	976748	981208	+	4461	5654	5785	5757	5270	7093	6462	5668	15895	4463	4677
gene-Y75_RS04810	NC_007779.1	981469	983316	+	1848	927	1056	834	758	975	864	947	2273	689	725
gene-Y75_RS04815	NC_007779.1	983497	984045	+	549	2389	3388	2158	1883	2420	2184	2183	5954	1665	1572
gene-Y75_RS04820	NC_007779.1	984072	984719	+	648	2040	2554	1889	1836	2210	1961	1762	4895	1497	1546
gene-Y75_RS04825	NC_007779.1	984941	986131	-	1191	12201	9899	10974	10249	12850	11761	12244	24723	8477	8723
gene-Y75_RS04835	NC_007779.1	986316	987404	-	1089	188128	133515	156176	136648	200971	170137	156620	544790	145817	135822
gene-Y75_RS04840	NC_007779.1	988007	989407	-	1401	11374	11171	15200	13483	17842	15712	13536	38260	10216	10144
gene-Y75_RS04845	NC_007779.1	989576	990778	-	1203	4725	4463	3965	3637	4346	3706	3861	11277	2798	2695
gene-Y75_RS04850	NC_007779.1	991044	993656	+	2613	2863	3373	2739	2551	3231	3013	3130	6336	1799	1839
gene-Y75_RS04855	NC_007779.1	993699	994466	-	768	64	60	35	50	52	33	41	165	48	28
gene-Y75_RS04860	NC_007779.1	994463	995254	-	792	15	20	9	8	12	18	10	30	10	9
gene-Y75_RS04865	NC_007779.1	995265	996410	-	1146	41	47	16	24	28	34	22	111	18	39
gene-Y75_RS04870	NC_007779.1	996407	997366	-	960	23	30	21	20	17	10	23	59	21	18
gene-Y75_RS04875	NC_007779.1	997359	997934	-	576	24	29	22	17	20	16	31	84	46	33
gene-Y75_RS04880	NC_007779.1	998290	998829	+	540	30	40	16	26	30	39	38	80	28	34
gene-Y75_RS04885	NC_007779.1	998912	999613	+	702	22	46	14	17	12	10	17	38	22	26
gene-Y75_RS04890	NC_007779.1	999638	1002238	+	2601	79	140	91	81	96	83	66	278	57	49
gene-Y75_RS04895	NC_007779.1	1002229	1003299	+	1071	81	133	100	88	111	92	104	253	63	52
gene-Y75_RS04900	NC_007779.1	1003311	1003853	+	543	31	43	21	24	29	27	47	57	14	9
gene-Y75_RS04905	NC_007779.1	1003861	1004376	+	516	38	45	20	18	22	22	12	68	20	24
gene-Y75_RS04910	NC_007779.1	1004342	1005079	+	738	128	186	158	127	143	109	140	366	104	79
gene-Y75_RS04915	NC_007779.1	1005190	1006200	+	1011	3025	1354	1537	1560	1855	1595	1518	5319	2153	2068
gene-Y75_RS04920	NC_007779.1	1006374	1006916	+	543	815	1006	579	553	681	599	718	1281	328	286
gene-Y75_RS04925	NC_007779.1	1006913	1008022	-	1110	881	1067	909	951	1224	1029	982	2267	645	605
gene-Y75_RS04930	NC_007779.1	1008266	1010374	+	2109	1930	1552	2536	2261	3174	2619	2247	4822	1573	1640
gene-Y75_RS04935	NC_007779.1	1010386	1012293	+	1908	1748	1479	2413	2196	2939	2461	2057	4998	1567	1546
gene-Y75_RS04940	NC_007779.1	1012423	1013676	+	1254	353	278	386	360	500	431	303	874	389	349
gene-Y75_RS04945	NC_007779.1	1013681	1015321	+	1641	586	534	642	573	720	606	520	1785	718	666
gene-Y75_RS04950	NC_007779.1	1015318	1015881	+	564	287	231	211	214	298	247	253	793	286	327
gene-Y75_RS04955	NC_007779.1	1016137	1016304	+	168	8896	28331	1385	1247	1553	1243	1528	11785	663	623
gene-Y75_RS04960	NC_007779.1	1016374	1016892	-	519	4814	4295	6400	5757	8113	7254	5698	16300	3958	4047
gene-Y75_RS04965	NC_007779.1	1016961	1018721	-	1761	1751	1516	2033	1838	2297	2089	1865	5879	1492	1513
gene-Y75_RS04970	NC_007779.1	1018907	1019359	+	453	590	444	523	536	747	531	649	1327	355	372
gene-Y75_RS04975	NC_007779.1	1019435	1020475	-	1041	136574	142855	139357	129003	168837	143688	166297	332274	28501	28958
gene-Y75_RS04985	NC_007779.1	1020832	1021341	-	510	381	357	322	293	384	332	331	876	372	346
gene-Y75_RS04990	NC_007779.1	1021560	1022189	+	630	135	193	122	124	140	112	140	356	84	108
gene-Y75_RS04995	NC_007779.1	1022152	1024314	-	2163	830	755	779	647	883	741	737	2401	617	666
gene-Y75_RS05000	NC_007779.1	1024324	1024770	-	447	248	242	243	242	283	203	225	817	249	217
gene-Y75_RS05005	NC_007779.1	1024893	1026947	+	2055	1284	1255	1282	1126	1568	1434	1270	3273	780	832
gene-Y75_RS05010	NC_007779.1	1026979	1027437	-	459	1672	1423	1933	1740	2283	1915	1776	4142	1127	1051
gene-Y75_RS05015	NC_007779.1	1027533	1028195	-	663	45	54	31	28	46	36	37	184	43	34
gene-Y75_RS05025	NC_007779.1	1028368	1028781	+	414	603	645	411	370	503	470	473	1518	310	303
gene-Y75_RS05030	NC_007779.1	1028826	1029143	-	318	1079	843	1142	1205	1362	1225	1188	3637	1286	1443
gene-Y75_RS05035	NC_007779.1	1029201	1030391	-	1191	1428	946	1666	1510	2107	1756	1754	4287	1592	1547
gene-Y75_RS05040	NC_007779.1	1030486	1030764	+	279	130	129	68	64	96	100	95	331	64	51
gene-Y75_RS05045	NC_007779.1	1030761	1031090	-	330	402	333	803	735	862	714	754	1244	425	363
gene-Y75_RS05050	NC_007779.1	1031181	1031840	-	660	5742	5476	6233	5375	6085	5593	5841	15595	4464	4299
gene-Y75_RS05055	NC_007779.1	1032047	1032134	-	88	56	10	120	100	121	91	95	89	55	64
gene-Y75_RS05060	NC_007779.1	1032561	1033679	+	1119	20	10	10	12	8	13	8	29	8	10
gene-Y75_RS05065	NC_007779.1	1033676	1035469	+	1794	19	27	11	19	6	25	14	67	20	13
gene-Y75_RS05070	NC_007779.1	1035488	1036195	+	708	20	20	11	8	13	21	10	52	7	9
gene-Y75_RS05075	NC_007779.1	1036192	1036779	+	588	23	34	18	26	15	24	24	95	29	18
gene-Y75_RS05080	NC_007779.1	1036776	1037174	+	399	3	19	7	4	13	5	8	45	7	6
gene-Y75_RS05085	NC_007779.1	1037171	1038028	+	858	39	29	32	41	42	26	30	70	16	25
gene-Y75_RS05090	NC_007779.1	1038162	1039706	+	1545	113	351	66	60	81	75	65	247	113	83
gene-Y75_RS05095	NC_007779.1	1039718	1040854	+	1137	81	212	51	50	63	60	70	175	69	81
gene-Y75_RS05100	NC_007779.1	1040867	1040959	+	93	12	14	5	4	3	13	8	78	7	2
gene-Y75_RS05105	NC_007779.1	1041039	1042337	+	1299	215	290	89	137	162	141	131	441	133	146
gene-Y75_RS05110	NC_007779.1	1042452	1044632	-	2181	439	471	455	444	506	410	390	1066	237	242
gene-Y75_RS05115	NC_007779.1	1044652	1045098	-	447	23	27	36	50	38	56	42	108	28	9
gene-Y75_RS05120	NC_007779.1	1045086	1046225	-	1140	84	84	85	83	136	123	120	276	41	49
gene-Y75_RS05125	NC_007779.1	1046271	1048367	-	2097	111	129	136	110	161	171	162	299	47	70
gene-Y75_RS05130	NC_007779.1	1048367	1049113	-	747	29	29	43	23	53	50	28	72	8	17
gene-Y75_RS05135	NC_007779.1	1049110	1049754	-	645	35	42	37	28	36	43	40	73	6	12
gene-Y75_RS05140	NC_007779.1	1049861	1050166	-	306	41	77	81	47	46	68	84	91	89	98
gene-Y75_RS05150	NC_007779.1	1050255	1050952	+	698	2062	2616	1598	1347	1650	1536	1518	3267	587	601
gene-Y75_RS05155	NC_007779.1	1051385	1051597	-	213	36	37	27	20	28	26	22	50	9	7
gene-Y75_RS05160	NC_007779.1	1051883	1052095	+	213	88	239	71	41	62	41	71	99	5	12
gene-Y75_RS23405	NC_007779.1	1052106	1052294	+	189	5	3	9	11	10	12	6	10	0	0
gene-Y75_RS05165	NC_007779.1	1052269	1052499	+	231	7	8	2	8	6	8	6	21	2	1
gene-Y75_RS05170	NC_007779.1	1052489	1052662	+	174	82	57	86	97	121	77	76	519	112	142
gene-Y75_RS05175	NC_007779.1	1052711	1053784	-	1074	67	55	62	55	70	61	69	179	48	73
gene-Y75_RS05180	NC_007779.1	1053856	1056600	-	2745	174	248	174	194	280	269	229	452	139	172
gene-Y75_RS05185	NC_007779.1	1056683	1057711	+	1029	61	96	74	46	70	57	56	152	41	32
gene-Y75_RS05190	NC_007779.1	1057684	1058376	-	693	211	199	250	178	248	201	221	564	188	138
gene-Y75_RS05195	NC_007779.1	1058506	1059678	+	1173	44	38	32	32	47	37	32	68	27	25
gene-Y75_RS05200	NC_007779.1	1059678	1062224	+	2547	93	91	51	52	106	88	62	226	49	38
gene-Y75_RS05205	NC_007779.1	1062221	1062820	+	600	51	59	59	43	55	32	51	123	34	23
gene-Y75_RS05210	NC_007779.1	1062972	1063277	-	306	214	274	135	127	148	131	148	623	110	110
gene-Y75_RS05215	NC_007779.1	1063277	1064197	-	921	825	986	393	275	518	464	672	1921	368	384
gene-Y75_RS05220	NC_007779.1	1064458	1065714	+	1257	32	34	25	30	22	24	30	72	33	13
gene-Y75_RS05225	NC_007779.1	1066007	1067248	+	1242	204	201	122	108	171	138	134	905	258	237
gene-Y75_RS05230	NC_007779.1	1067286	1067513	-	228	189	164	91	69	92	73	105	1333	228	242
gene-Y75_RS05235	NC_007779.1	1067534	1068130	-	597	323	462	187	184	206	215	200	2934	341	345
gene-Y75_RS05245	NC_007779.1	1068503	1068676	+	174	110	129	98	78	120	100	98	197	48	39
gene-Y75_RS05250	NC_007779.1	1068933	1070261	-	1329	72	97	79	82	81	83	75	262	36	33
gene-Y75_RS05255	NC_007779.1	1070282	1070776	-	495	8	15	25	20	21	8	24	58	9	14
gene-Y75_RS05260	NC_007779.1	1070787	1071377	-	591	25	24	14	15	18	22	30	25	36	40
gene-Y75_RS05265	NC_007779.1	1071387	1072187	-	801	23	22	14	15	24	12	15	41	22	15
gene-Y75_RS05270	NC_007779.1	1072195	1072581	-	387	3	7	5	15	18	9	2	18	14	6
gene-Y75_RS05275	NC_007779.1	1072593	1073285	-	693	6	9	13	20	18	10	11	26	8	9
gene-Y75_RS05280	NC_007779.1	1073285	1074376	-	1092	32	12	31	19	36	27	17	19	30	22
gene-Y75_RS05285	NC_007779.1	1074664	1075302	+	639	222	129	192	166	228	220	231	463	149	226
gene-Y75_RS05290	NC_007779.1	1075342	1079304	-	3963	961	1134	1096	943	1359	1105	1159	2812	742	810
gene-Y75_RS05295	NC_007779.1	1079359	1079568	+	210	13	15	5	11	10	12	7	32	10	8
gene-Y75_RS05300	NC_007779.1	1079727	1081235	+	1509	2007	1213	2152	2239	2708	2321	2134	5488	2476	2503
gene-Y75_RS24810	NC_007779.1	1081440	1081742	-	303	196	211	188	169	245	182	220	384	264	217
gene-Y75_RS05315	NC_007779.1	1082665	1083792	+	1128	1729	1121	1527	1269	2109	1864	1655	4813	3881	3947
gene-Y75_RS05320	NC_007779.1	1083798	1085069	+	1272	965	662	948	824	1188	1069	1029	2675	2259	2397
gene-Y75_RS05330	NC_007779.1	1085690	1086478	+	789	1550	1097	216	207	258	227	308	1117	319	263
gene-Y75_RS05335	NC_007779.1	1086528	1086941	-	414	85	93	44	41	52	49	92	154	36	45
gene-Y75_RS05340	NC_007779.1	1086943	1088268	-	1326	47	69	31	38	30	22	66	86	24	14
gene-Y75_RS05345	NC_007779.1	1088261	1090279	-	2019	59	120	40	49	59	53	93	95	28	17
gene-Y75_RS05350	NC_007779.1	1090288	1092711	-	2424	148	321	110	139	126	133	261	200	45	62
gene-Y75_RS05355	NC_007779.1	1093298	1094656	+	1359	228	550	102	90	110	91	250	285	62	57
gene-Y75_RS05360	NC_007779.1	1094697	1095859	-	1163	3	13	2	9	4	5	3	28	0	0
gene-Y75_RS05375	NC_007779.1	1096265	1097251	+	987	24	40	31	34	28	32	23	44	2	0
gene-Y75_RS05385	NC_007779.1	1097625	1097761	-	137	8	21	74	79	94	75	57	46	90	96
gene-Y75_RS05390	NC_007779.1	1097806	1097893	-	88	105	23	92	60	57	60	59	34	177	206
gene-Y75_RS05395	NC_007779.1	1098127	1099065	+	939	1723	1615	1360	1173	1566	1350	1485	3687	1373	1331
gene-Y75_RS05400	NC_007779.1	1099120	1099857	+	738	1448	1243	1261	1182	1464	1213	1335	3552	1276	1288
gene-Y75_RS05405	NC_007779.1	1099881	1100435	+	555	1182	1120	1050	932	1322	1170	1177	3176	1000	1046
gene-Y75_RS05410	NC_007779.1	1100537	1101028	+	492	315	457	452	364	498	397	422	949	284	357
gene-Y75_RS05415	NC_007779.1	1101092	1101925	-	834	233	963	98	59	102	68	77	286	59	36
gene-Y75_RS05420	NC_007779.1	1101952	1102368	-	417	80	525	17	12	15	20	39	71	7	2
gene-Y75_RS05425	NC_007779.1	1102393	1102782	-	390	78	579	9	21	26	12	13	83	12	13
gene-Y75_RS05430	NC_007779.1	1102787	1103437	-	651	306	1848	83	96	102	100	140	307	36	49
gene-Y75_RS05440	NC_007779.1	1104192	1104647	+	456	12	49	12	18	16	10	4	32	10	11
gene-Y75_RS05445	NC_007779.1	1104688	1105143	+	456	82	227	55	54	72	74	78	133	27	25
gene-Y75_RS05450	NC_007779.1	1105202	1105534	+	333	30	36	48	49	43	46	50	975	360	388
gene-Y75_RS05455	NC_007779.1	1105633	1106861	-	1229	18	41	19	13	22	37	31	0	0	0
gene-Y75_RS05465	NC_007779.1	1106991	1107302	+	312	68	81	34	35	52	52	47	2176	583	486
gene-Y75_RS05470	NC_007779.1	1107397	1107930	+	534	162	150	89	93	157	121	119	1402	248	268
gene-Y75_RS05475	NC_007779.1	1107872	1109353	+	1482	207	222	150	121	181	156	142	752	229	173
gene-Y75_RS05480	NC_007779.1	1109361	1110518	-	1158	298	229	414	337	473	342	423	876	331	311
gene-Y75_RS05495	NC_007779.1	1110912	1112447	+	1536	4713	3891	4386	4113	5426	4821	4876	11230	3305	3059
gene-Y75_RS05500	NC_007779.1	1112440	1114983	+	2544	4135	3440	4362	4227	5189	4801	4261	11044	2935	2973
gene-Y75_RS05505	NC_007779.1	1115156	1115383	+	228	100	124	71	119	102	81	84	613	59	101
gene-Y75_RS05510	NC_007779.1	1115384	1115758	-	375	190	232	70	51	58	63	86	1506	189	216
gene-Y75_RS05520	NC_007779.1	1115841	1117067	-	1227	99	126	78	58	111	88	57	198	38	77
gene-Y75_RS05525	NC_007779.1	1117239	1118159	-	921	542	530	640	647	788	664	588	1562	633	612
gene-Y75_RS05530	NC_007779.1	1118384	1119436	+	1053	2457	892	2291	2085	2491	2220	2042	5558	2308	2335
gene-Y75_RS05535	NC_007779.1	1119478	1120053	-	576	1014	1136	701	555	932	838	1048	1977	796	724
gene-Y75_RS05540	NC_007779.1	1120057	1120623	-	567	148	163	109	120	123	91	135	274	88	101
gene-Y75_RS05545	NC_007779.1	1120884	1120997	-	114	12	23	7	9	16	13	9	12	5	2
gene-Y75_RS05550	NC_007779.1	1121045	1122163	-	1119	2494	2313	1836	1670	2397	2030	1995	5534	2162	2186
gene-Y75_RS05555	NC_007779.1	1122278	1122532	-	255	434	423	333	279	295	283	351	729	148	161
gene-Y75_RS05560	NC_007779.1	1122819	1123064	-	246	858	510	849	697	1010	879	886	2280	625	611
gene-Y75_RS05565	NC_007779.1	1123138	1124184	-	1047	8397	4565	4965	4558	6058	5540	5117	14780	2408	2477
gene-Y75_RS05570	NC_007779.1	1124290	1124850	-	561	481	652	290	332	359	341	340	808	343	303
gene-Y75_RS05575	NC_007779.1	1124984	1125631	-	648	2451	2530	1072	1051	1240	1213	1145	3701	565	656
gene-Y75_RS05580	NC_007779.1	1125695	1126903	-	1209	122	212	84	87	98	106	106	208	87	85
gene-Y75_RS05585	NC_007779.1	1127139	1127723	+	585	878	946	846	763	951	862	860	2096	510	523
gene-Y75_RS05590	NC_007779.1	1127734	1128381	+	648	720	839	639	513	754	644	647	1749	360	350
gene-Y75_RS05595	NC_007779.1	1128383	1129306	+	924	526	546	414	445	501	504	453	1187	265	302
gene-Y75_RS05600	NC_007779.1	1129416	1130951	+	1536	542	491	574	518	650	562	569	1922	585	546
gene-Y75_RS05605	NC_007779.1	1130991	1131407	-	417	65	80	60	60	81	55	75	9948	696	676
gene-Y75_RS05610	NC_007779.1	1131412	1131705	-	294	51	73	46	43	55	51	56	9878	665	640
gene-Y75_RS05615	NC_007779.1	1131781	1132440	-	660	42	55	40	42	51	48	56	7856	1890	1967
gene-Y75_RS05620	NC_007779.1	1132595	1133011	+	417	10	21	12	4	6	4	6	16720	3540	3762
gene-Y75_RS05625	NC_007779.1	1133015	1133419	+	405	4	4	8	5	8	8	7	13171	2206	2089
gene-Y75_RS05630	NC_007779.1	1133431	1134126	+	696	15	23	18	14	23	16	11	25766	4869	4832
gene-Y75_RS05635	NC_007779.1	1134151	1135359	+	1209	57	49	51	32	51	49	37	43569	9209	8809
gene-Y75_RS05640	NC_007779.1	1135379	1136134	+	756	26	48	25	12	39	26	23	16344	3547	4045
gene-Y75_RS05645	NC_007779.1	1136306	1137088	+	783	38	53	27	26	38	22	28	18384	3995	4075
gene-Y75_RS05650	NC_007779.1	1137141	1137839	+	699	20	20	13	10	18	17	17	5865	1503	1474
gene-Y75_RS05655	NC_007779.1	1137851	1138948	+	1098	25	31	20	19	37	21	28	6201	1513	1593
gene-Y75_RS05660	NC_007779.1	1138948	1139889	+	942	21	30	17	34	16	16	14	4349	897	1142
gene-Y75_RS05665	NC_007779.1	1139955	1141598	+	1644	62	83	66	61	91	64	67	31885	1641	1630
gene-Y75_RS05670	NC_007779.1	1141610	1142563	+	954	141	144	99	90	155	111	136	25968	1260	1360
gene-Y75_RS05675	NC_007779.1	1142759	1145944	-	3186	10164	8161	8259	7945	10464	9365	8905	23052	6748	7135
gene-Y75_RS05685	NC_007779.1	1146517	1147476	+	960	1451	1068	1473	1465	1697	1612	1427	3681	1342	1368
gene-Y75_RS05690	NC_007779.1	1147588	1148172	-	585	1054	1202	800	680	963	924	940	2665	587	599
gene-Y75_RS05695	NC_007779.1	1148371	1148892	+	522	17462	13980	18815	16023	20346	17473	17509	55044	17578	17251
gene-Y75_RS05700	NC_007779.1	1148944	1149117	+	174	8435	6105	7283	7027	8827	7680	6565	31388	8244	8733
gene-Y75_RS05705	NC_007779.1	1149198	1150268	+	1071	3110	2493	2626	2568	3532	2830	2740	10917	2218	2432
gene-Y75_RS05710	NC_007779.1	1150336	1151289	+	954	4147	3175	4280	4134	5190	4810	3787	12346	3173	3176
gene-Y75_RS05715	NC_007779.1	1151305	1152234	+	930	5407	4071	4990	4547	6334	5576	5143	15235	4094	4301
gene-Y75_RS05720	NC_007779.1	1152247	1152981	+	735	11960	9315	12051	10826	13816	12391	11031	34782	11340	10900
gene-Y75_RS05725	NC_007779.1	1153192	1153428	+	237	40677	28305	39064	35512	45043	40838	38053	111549	34292	31666
gene-Y75_RS05730	NC_007779.1	1153516	1154757	+	1242	7746	6278	13161	12069	14587	13058	11715	20227	8200	8364
gene-Y75_RS05735	NC_007779.1	1154877	1155686	+	810	301	311	748	642	843	717	728	562	177	164
gene-Y75_RS05740	NC_007779.1	1155689	1156711	+	1023	421	427	814	843	1035	874	848	1188	357	365
gene-Y75_RS05745	NC_007779.1	1156701	1157342	+	642	336	393	617	538	725	574	606	1048	288	274
gene-Y75_RS05750	NC_007779.1	1157339	1158343	+	1005	409	427	684	682	890	748	727	1225	467	367
gene-Y75_RS05755	NC_007779.1	1158354	1159151	+	798	1014	855	1405	1275	1751	1548	1504	2909	957	991
gene-Y75_RS05760	NC_007779.1	1159446	1160879	+	1434	10307	6745	14156	13847	16812	14930	11774	64623	11687	11670
gene-Y75_RS05765	NC_007779.1	1160939	1163128	-	2190	311	407	391	310	374	465	377	868	221	221
gene-Y75_RS05770	NC_007779.1	1163462	1163821	+	360	1323	1237	1124	1147	1370	1293	1333	3791	1202	1212
gene-Y75_RS05775	NC_007779.1	1163824	1164201	+	378	770	851	779	635	882	855	782	2514	733	720
gene-Y75_RS05780	NC_007779.1	1164215	1164856	+	642	1108	1200	1039	943	1347	1196	1146	3237	864	884
gene-Y75_RS05785	NC_007779.1	1164837	1165661	+	825	355	359	242	285	396	344	291	984	275	224
gene-Y75_RS05790	NC_007779.1	1165672	1166697	+	1026	834	725	643	602	782	701	769	2221	574	646
gene-Y75_RS05795	NC_007779.1	1166720	1167262	+	543	871	902	745	660	895	813	850	2456	611	563
gene-Y75_RS05800	NC_007779.1	1167662	1168966	+	1305	2042	1318	2537	2389	3102	2699	2349	5114	1158	1048
gene-Y75_RS05805	NC_007779.1	1169176	1169715	+	540	87	125	114	95	103	99	90	309	345	325
gene-Y75_RS05810	NC_007779.1	1169777	1170409	-	633	336	370	339	351	451	403	289	2223	284	287
gene-Y75_RS05815	NC_007779.1	1170650	1170907	+	258	348	315	149	169	243	193	197	231	176	168
gene-Y75_RS05820	NC_007779.1	1170989	1171951	-	963	514	312	623	620	693	638	592	1388	737	677
gene-Y75_RS05825	NC_007779.1	1172095	1175541	-	3447	3560	2877	2930	2809	3534	3226	3107	9010	2270	2504
gene-Y75_RS05830	NC_007779.1	1175669	1176742	-	1074	53	62	51	46	57	57	78	131	44	37
gene-Y75_RS05835	NC_007779.1	1177004	1178203	+	1200	944	1173	939	809	1101	887	840	3307	875	906
gene-Y75_RS05840	NC_007779.1	1178196	1178897	+	702	468	526	400	375	511	393	363	1580	342	400
gene-Y75_RS05845	NC_007779.1	1178897	1180141	+	1245	955	1068	946	774	922	821	712	2888	742	652
gene-Y75_RS05850	NC_007779.1	1180170	1181081	+	912	801	881	582	537	727	605	644	2082	475	565
gene-Y75_RS05855	NC_007779.1	1181097	1181936	+	840	1086	970	621	670	835	738	827	2548	750	750
gene-Y75_RS05860	NC_007779.1	1182056	1182844	-	789	59	88	78	67	113	66	110	256	85	66
gene-Y75_RS05865	NC_007779.1	1182841	1183302	-	462	34	39	23	32	37	38	38	121	28	38
gene-Y75_RS05870	NC_007779.1	1183360	1184406	-	1047	6058	3735	2723	2622	3635	3157	3258	14745	3872	3747
gene-Y75_RS05875	NC_007779.1	1184403	1185197	-	795	635	372	450	481	518	508	411	2291	464	489
gene-Y75_RS05880	NC_007779.1	1185194	1186051	-	858	368	289	259	271	336	313	282	1295	323	273
gene-Y75_RS05885	NC_007779.1	1186035	1187171	-	1137	1450	1164	1198	1021	1429	1326	1210	4781	1363	1335
gene-Y75_RS05895	NC_007779.1	1187421	1188647	+	1227	695	1031	536	463	697	681	585	1797	185	232
gene-Y75_RS05900	NC_007779.1	1188696	1189817	-	1122	2017	1882	2047	1789	2364	2014	2110	5285	1533	1377
gene-Y75_RS05905	NC_007779.1	1189893	1191353	-	1461	1157	1128	1030	941	1389	1071	1105	3209	614	617
gene-Y75_RS05910	NC_007779.1	1191353	1192024	-	672	2074	1839	1486	1413	1649	1625	1782	4723	750	778
gene-Y75_RS05915	NC_007779.1	1192193	1193563	-	1371	5960	3739	6129	5744	7494	6582	6126	16706	4980	4857
gene-Y75_RS05920	NC_007779.1	1193567	1194208	-	642	1259	1043	1138	1045	1482	1223	1295	3367	825	896
gene-Y75_RS05925	NC_007779.1	1194244	1195350	-	1107	2666	2435	2814	2507	3445	3018	2873	7300	2091	2156
gene-Y75_RS05930	NC_007779.1	1195404	1195865	-	462	154	165	120	132	150	119	151	553	66	107
gene-Y75_RS05935	NC_007779.1	1195875	1196528	-	654	275	243	200	154	242	238	209	744	165	148
gene-Y75_RS05940	NC_007779.1	1196700	1197950	+	1251	88738	73539	53000	48540	62679	55683	61439	145557	30756	30833
gene-Y75_RS05945	NC_007779.1	1198444	1199109	-	666	143	138	195	195	277	231	268	280	0	0
gene-Y75_RS05950	NC_007779.1	1199110	1199814	-	705	126	85	64	54	95	74	154	167	0	0
gene-Y75_RS05955	NC_007779.1	1200272	1201165	+	894	337	308	153	172	255	193	335	426	0	0
gene-Y75_RS05960	NC_007779.1	1201256	1202383	-	1128	106	136	105	70	81	101	91	228	0	0
gene-Y75_RS05965	NC_007779.1	1202364	1202609	-	246	12	26	11	15	16	9	17	71	0	0
gene-Y75_RS24820	NC_007779.1	1202646	1202957	-	312	29	34	31	43	53	51	24	67	0	0
gene-Y75_RS23460	NC_007779.1	1203074	1203415	+	342	505	538	317	296	382	369	489	999	0	0
gene-Y75_RS05970	NC_007779.1	1203353	1203661	-	309	54	20	56	52	55	46	57	189	0	0
gene-Y75_RS05975	NC_007779.1	1203836	1204510	-	675	1013	833	967	862	1189	984	972	2486	0	0
gene-Y75_RS05980	NC_007779.1	1204601	1204801	+	201	32	45	31	33	40	21	27	104	0	0
gene-Y75_RS05985	NC_007779.1	1204845	1205402	+	558	90	82	188	145	178	179	174	240	0	0
gene-Y75_RS23465	NC_007779.1	1205578	1205757	+	180	15	13	10	10	21	5	16	18	0	0
gene-Y75_RS06000	NC_007779.1	1207126	1207308	+	183	2	4	1	8	1	10	9	6	0	0
gene-Y75_RS06015	NC_007779.1	1208490	1209074	+	585	10	12	22	14	15	5	4	13	0	0
gene-Y75_RS06020	NC_007779.1	1209078	1209707	+	630	9	9	10	8	5	10	11	25	0	0
gene-Y75_RS06025	NC_007779.1	1209709	1210122	+	414	16	20	19	13	18	18	6	48	0	0
gene-Y75_RS06030	NC_007779.1	1210094	1210696	-	603	35	24	24	25	14	13	17	61	14	13
gene-Y75_RS06035	NC_007779.1	1210696	1211232	-	537	6	8	3	10	8	8	10	21	5	10
gene-Y75_RS06040	NC_007779.1	1211262	1211816	+	555	11	6	7	6	17	16	8	43	4	9
gene-Y75_RS06045	NC_007779.1	1211923	1212756	+	834	148	226	151	161	216	176	146	306	0	0
gene-Y75_RS06050	NC_007779.1	1213257	1213580	-	324	30	14	25	30	50	28	28	66	163	105
gene-Y75_RS25175	NC_007779.1	1213837	1213881	-	45	4	4	10	0	5	4	3	8	21	19
gene-Y75_RS24825	NC_007779.1	1214117	1214227	-	111	0	3	1	8	12	1	1	19	4	3
gene-Y75_RS06060	NC_007779.1	1214280	1214684	-	405	90	62	113	126	150	145	105	311	91	75
gene-Y75_RS06065	NC_007779.1	1214905	1215636	-	732	1044	1068	835	760	1054	758	866	2582	447	508
gene-Y75_RS06070	NC_007779.1	1215841	1217052	-	1212	183	472	169	122	222	155	144	745	160	137
gene-Y75_RS06075	NC_007779.1	1217366	1217602	+	237	60	67	52	76	54	53	70	134	26	33
gene-Y75_RS06080	NC_007779.1	1217645	1217917	+	273	35	42	39	53	46	28	47	76	24	8
gene-Y75_RS06085	NC_007779.1	1217946	1218212	+	267	35	34	14	14	13	15	28	44	7	17
gene-Y75_RS06090	NC_007779.1	1218325	1218573	+	249	10	23	22	23	19	27	29	54	8	6
gene-Y75_RS06095	NC_007779.1	1218905	1220428	+	1524	63	86	119	77	96	88	76	149	48	49
gene-Y75_RS06100	NC_007779.1	1220560	1220778	+	219	6	12	5	4	12	7	8	25	10	10
gene-Y75_RS06120	NC_007779.1	1223882	1224217	-	336	118	91	175	138	162	124	189	331	906	921
gene-Y75_RS06125	NC_007779.1	1224221	1224565	-	345	89	53	113	77	96	102	123	241	653	598
gene-Y75_RS06130	NC_007779.1	1224567	1224740	-	174	0	2	2	0	6	2	6	61	4	12
gene-Y75_RS23475	NC_007779.1	1224841	1225026	+	186	11	18	8	5	15	17	9	31	7	4
gene-Y75_RS24830	NC_007779.1	1224987	1225106	+	120	2	0	2	4	0	7	1	6	1	0
gene-Y75_RS06140	NC_007779.1	1225856	1226122	-	267	1642	1610	1338	1197	1592	1375	1593	3909	892	953
gene-Y75_RS06145	NC_007779.1	1226126	1226938	-	813	3877	3995	3524	3232	4141	3689	3998	9164	2292	2313
gene-Y75_RS06150	NC_007779.1	1226962	1227657	-	696	2512	2981	2398	2218	3083	2679	2491	5596	1402	1570
gene-Y75_RS06155	NC_007779.1	1228177	1228545	+	369	417	473	311	309	371	398	365	656	206	177
gene-Y75_RS06160	NC_007779.1	1228648	1229049	-	402	612	423	453	461	587	596	475	1083	1150	1101
gene-Y75_RS06170	NC_007779.1	1229291	1229584	+	294	722	818	952	854	1083	974	737	1861	793	666
gene-Y75_RS06175	NC_007779.1	1229656	1230315	+	660	672	970	793	775	1016	856	669	1705	767	672
gene-Y75_RS06180	NC_007779.1	1230407	1230853	+	447	289	344	460	396	484	387	289	880	593	578
gene-Y75_RS06185	NC_007779.1	1231060	1231971	-	912	41	63	44	40	39	58	52	75	32	23
gene-Y75_RS06190	NC_007779.1	1232344	1232763	+	420	32	39	52	54	57	33	41	79	40	33
gene-Y75_RS06195	NC_007779.1	1232763	1234031	+	1269	97	86	136	134	136	116	101	252	106	97
gene-Y75_RS06200	NC_007779.1	1234077	1234607	-	531	669	567	839	781	861	812	562	2642	593	614
gene-Y75_RS06205	NC_007779.1	1234753	1236294	-	1542	1340	1628	2454	2110	2805	2259	1441	4799	990	981
gene-Y75_RS06210	NC_007779.1	1236515	1237234	+	720	800	806	1399	1145	1441	1063	976	2361	759	809
gene-Y75_RS06215	NC_007779.1	1237286	1238818	-	1533	91	142	82	64	71	77	89	1042	175	199
gene-Y75_RS06220	NC_007779.1	1239148	1240446	+	1299	906	1403	603	652	804	750	696	1629	118	134
gene-Y75_RS06225	NC_007779.1	1240456	1241526	+	1071	504	892	436	393	505	451	478	866	101	119
gene-Y75_RS06230	NC_007779.1	1241912	1243648	-	1737	589	613	532	508	743	582	466	2985	517	423
gene-Y75_RS06235	NC_007779.1	1243743	1244657	-	915	515	555	576	544	822	608	530	1147	373	319
gene-Y75_RS06240	NC_007779.1	1244757	1245368	+	612	976	784	998	980	1132	997	828	3880	711	802
gene-Y75_RS06245	NC_007779.1	1245370	1246104	-	735	41	62	70	58	101	67	49	16761	39	47
gene-Y75_RS06250	NC_007779.1	1246305	1246559	+	255	10	14	15	9	10	9	6	120	6	8
gene-Y75_RS06255	NC_007779.1	1246737	1247177	+	441	18	33	16	12	12	30	19	52	14	9
gene-Y75_RS06260	NC_007779.1	1247256	1248953	-	1698	130	112	84	71	142	99	77	636	118	107
gene-Y75_RS06265	NC_007779.1	1249273	1250691	-	1419	1543	1405	1415	1361	1786	1619	1269	3957	1259	1207
gene-Y75_RS06270	NC_007779.1	1250702	1251334	-	633	548	510	495	420	703	507	452	1601	363	384
gene-Y75_RS06275	NC_007779.1	1251345	1252415	-	1071	1390	1267	1260	1209	1750	1331	1100	3294	944	975
gene-Y75_RS06280	NC_007779.1	1252643	1254562	+	1920	346	370	461	418	486	415	368	820	275	255
gene-Y75_RS06285	NC_007779.1	1254662	1257529	-	2868	282	367	280	283	347	285	275	585	129	117
gene-Y75_RS06295	NC_007779.1	1258298	1259389	-	1092	3829	2103	6009	5694	7091	6194	4962	10736	3557	3367
gene-Y75_RS06300	NC_007779.1	1259506	1260090	-	585	670	516	1001	948	1202	1036	778	1850	784	691
gene-Y75_RS06305	NC_007779.1	1260368	1260646	+	279	196	220	174	157	219	168	167	751	215	265
gene-Y75_RS06310	NC_007779.1	1260701	1262380	-	1680	351	423	1175	1069	1362	1246	1127	893	227	212
gene-Y75_RS06315	NC_007779.1	1262505	1263452	-	948	10940	7214	13662	12394	15705	13175	10002	25351	8319	8714
gene-Y75_RS06320	NC_007779.1	1263603	1264454	-	852	3816	2844	4648	4132	5543	4657	3753	7406	2925	3114
gene-Y75_RS06325	NC_007779.1	1264454	1265077	-	624	1048	908	1264	1097	1428	1193	1024	2662	751	725
gene-Y75_RS06330	NC_007779.1	1265291	1266547	+	1257	1160	1371	1480	1346	1634	1510	1233	2738	994	1120
gene-Y75_RS06335	NC_007779.1	1266589	1267671	+	1083	700	721	1044	859	1264	1052	842	1978	713	672
gene-Y75_RS06340	NC_007779.1	1267671	1268504	+	834	228	227	326	271	390	317	216	640	239	279
gene-Y75_RS06345	NC_007779.1	1268501	1268893	+	393	114	145	124	146	213	191	154	510	88	89
gene-Y75_RS06350	NC_007779.1	1268897	1269706	+	810	1133	1249	1588	1358	1856	1577	1231	3478	599	542
gene-Y75_RS06355	NC_007779.1	1269742	1270596	+	855	3879	2935	4491	4108	5517	4597	3730	8686	1832	1963
gene-Y75_RS06360	NC_007779.1	1270745	1270852	-	108	409	320	518	485	599	471	456	437	172	166
gene-Y75_RS06365	NC_007779.1	1271280	1271387	-	108	24	31	59	36	41	43	39	35	27	32
gene-Y75_RS06370	NC_007779.1	1271815	1271922	-	108	21	20	37	35	26	36	28	36	11	22
gene-Y75_RS06375	NC_007779.1	1272326	1273426	-	1101	1193	1534	1759	1678	1735	1589	1420	3846	1524	1559
gene-Y75_RS06380	NC_007779.1	1273696	1273926	+	231	100	104	104	91	104	111	115	287	64	72
gene-Y75_RS06385	NC_007779.1	1274084	1274779	+	696	299	436	423	345	433	465	314	916	280	233
gene-Y75_RS06390	NC_007779.1	1274823	1275176	-	354	888	711	934	824	1067	911	754	2205	655	571
gene-Y75_RS06395	NC_007779.1	1275361	1276755	+	1395	215	314	307	255	320	312	216	633	94	80
gene-Y75_RS06400	NC_007779.1	1276756	1277406	-	651	746	806	472	437	642	577	495	1449	545	467
gene-Y75_RS06405	NC_007779.1	1277399	1279195	-	1797	658	737	712	734	1021	835	617	1524	602	657
gene-Y75_RS06415	NC_007779.1	1279534	1280925	+	1392	62	85	45	35	58	57	35	103	24	43
gene-Y75_RS06420	NC_007779.1	1281441	1285184	+	3744	151	243	135	166	197	208	114	314	122	97
gene-Y75_RS06425	NC_007779.1	1285181	1286719	+	1539	72	120	99	88	123	115	89	188	42	67
gene-Y75_RS06430	NC_007779.1	1286716	1287426	+	711	26	55	42	28	43	48	32	117	39	17
gene-Y75_RS06435	NC_007779.1	1287426	1288103	+	678	31	69	35	47	60	42	35	89	41	15
gene-Y75_RS06440	NC_007779.1	1288287	1288418	-	132	2	2	4	3	2	8	3	8	86	80
gene-Y75_RS06445	NC_007779.1	1288465	1288596	-	132	8	9	17	20	10	12	19	23	0	3
gene-Y75_RS06450	NC_007779.1	1288643	1288774	-	132	53	25	126	123	129	99	89	147	20	18
gene-Y75_RS06455	NC_007779.1	1288821	1288905	-	85	129	56	130	145	180	158	92	891	199	216
gene-Y75_RS06460	NC_007779.1	1288940	1289071	-	132	805	392	1130	918	1257	996	658	3793	1212	1277
gene-Y75_RS06465	NC_007779.1	1289115	1289199	-	85	856	372	928	885	934	823	554	2413	1128	1112
gene-Y75_RS06470	NC_007779.1	1289359	1290201	-	843	3451	2403	4533	4168	5233	4497	3199	9910	3021	2699
gene-Y75_RS06475	NC_007779.1	1290251	1290709	-	459	915	826	1146	1032	1353	1150	867	2676	622	599
gene-Y75_RS06480	NC_007779.1	1290822	1291727	+	906	590	626	770	679	873	859	716	1876	384	366
gene-Y75_RS06485	NC_007779.1	1291819	1292832	+	1014	429	472	550	473	601	548	467	1404	331	353
gene-Y75_RS06490	NC_007779.1	1293034	1293942	+	909	3598	2717	4404	4185	4952	4432	3366	9336	3812	3545
gene-Y75_RS06495	NC_007779.1	1294086	1294499	-	414	14432	15025	15659	13733	17557	14842	13372	35843	14707	14059
gene-Y75_RS06500	NC_007779.1	1295104	1295721	+	618	828	648	1047	936	1179	982	1053	1857	452	410
gene-Y75_RS06515	NC_007779.1	1297023	1299698	-	2676	6323	8317	6152	5757	8166	7506	5628	40701	9354	8862
gene-Y75_RS25240	NC_007779.1	1300091	1300144	+	54	24	19	25	16	23	25	24	89	19	8
gene-Y75_RS06520	NC_007779.1	1300175	1300822	+	648	142	123	104	121	163	135	71	277	119	95
gene-Y75_RS06530	NC_007779.1	1301130	1302358	+	1229	4	0	2	0	0	0	4	0	0	0
gene-Y75_RS06535	NC_007779.1	1302896	1304527	+	1632	17529	20759	11767	10534	14962	13083	12013	33107	10812	10251
gene-Y75_RS06540	NC_007779.1	1304613	1305533	+	921	1373	1591	1465	1404	1734	1414	1153	3938	1311	1341
gene-Y75_RS06545	NC_007779.1	1305548	1306456	+	909	971	1077	998	1017	1281	1123	843	3137	947	914
gene-Y75_RS06550	NC_007779.1	1306468	1307481	+	1014	1418	1515	1375	1271	1756	1665	1249	4053	1279	1274
gene-Y75_RS06555	NC_007779.1	1307478	1308482	+	1005	1654	1734	1770	1644	2135	1823	1424	4690	1564	1575
gene-Y75_RS06560	NC_007779.1	1308535	1308864	-	330	726	710	922	866	932	911	796	1970	796	915
gene-Y75_RS06565	NC_007779.1	1308899	1310359	-	1461	1774	2030	1907	1661	2323	2034	1709	4362	811	717
gene-Y75_RS24835	NC_007779.1	1310502	1310675	+	174	733	845	735	684	713	714	692	2049	487	595
gene-Y75_RS06575	NC_007779.1	1310730	1311983	-	1254	449	540	357	356	405	344	363	1025	505	435
gene-Y75_RS06580	NC_007779.1	1312283	1312579	-	297	1662	2054	1513	1344	1535	1494	1310	3205	1230	1158
gene-Y75_RS06585	NC_007779.1	1312803	1313522	+	720	1679	1552	2292	2094	2734	2337	1727	4148	1318	1172
gene-Y75_RS06590	NC_007779.1	1313562	1313960	-	399	468	430	801	724	924	754	499	1499	549	561
gene-Y75_RS06595	NC_007779.1	1314065	1314604	-	540	649	590	904	763	870	825	707	1892	379	325
gene-Y75_RS06600	NC_007779.1	1314634	1315377	-	744	793	691	900	804	1045	831	713	1958	326	313
gene-Y75_RS06605	NC_007779.1	1315734	1316372	+	639	68	292	74	89	80	77	58	218	50	61
gene-Y75_RS06610	NC_007779.1	1316432	1316938	-	507	55	85	82	89	63	67	92	251	63	37
gene-Y75_RS06615	NC_007779.1	1316984	1317484	-	501	23	40	24	16	26	23	32	127	9	12
gene-Y75_RS06620	NC_007779.1	1317570	1317749	-	180	16	31	2	2	6	10	6	129	7	16
gene-Y75_RS06625	NC_007779.1	1318130	1318936	-	807	2943	2409	3720	3577	4831	4348	3493	9298	3838	4032
gene-Y75_RS06630	NC_007779.1	1318936	1320129	-	1194	4153	3508	4649	4526	6788	6003	4959	12309	4848	5152
gene-Y75_RS06635	NC_007779.1	1320141	1321502	-	1362	2659	2131	3511	3435	4353	4038	3577	8528	3416	3588
gene-Y75_RS06640	NC_007779.1	1321503	1323098	-	1596	2946	1954	4147	3941	5423	4840	3727	9861	3989	4267
gene-Y75_RS06645	NC_007779.1	1323098	1324660	-	1563	3339	2022	5043	4833	6118	5782	4673	11561	5157	5328
gene-Y75_RS23520	NC_007779.1	1324752	1324796	-	45	129	41	121	160	157	168	166	740	124	138
gene-Y75_RS06650	NC_007779.1	1324934	1325815	+	882	700	667	685	657	944	718	640	1739	563	507
gene-Y75_RS06655	NC_007779.1	1325812	1326432	+	621	491	398	503	472	546	537	438	1511	453	461
gene-Y75_RS06660	NC_007779.1	1326460	1328355	+	1896	218	216	174	174	216	220	172	557	150	172
gene-Y75_RS06665	NC_007779.1	1328566	1329441	+	876	1567	1228	2257	1912	2491	2258	1384	4604	1189	1280
gene-Y75_RS06670	NC_007779.1	1329481	1330071	-	591	306	354	323	269	369	360	244	943	578	445
gene-Y75_RS06675	NC_007779.1	1330068	1330826	-	759	536	649	590	477	656	618	424	1516	848	850
gene-Y75_RS06685	NC_007779.1	1331046	1332095	+	1050	1416	1462	1503	1380	1745	1582	1369	3547	780	849
gene-Y75_RS06690	NC_007779.1	1332131	1332382	-	252	558	568	562	457	544	522	468	1334	411	462
gene-Y75_RS06700	NC_007779.1	1332762	1335359	+	2598	5547	5578	7082	5995	7833	7005	6134	15227	4903	5107
gene-Y75_RS06705	NC_007779.1	1335569	1336543	+	975	1696	1417	2141	1868	2600	2008	1935	4582	934	887
gene-Y75_RS06710	NC_007779.1	1336862	1337002	+	141	432	179	389	385	442	431	409	1009	387	317
gene-Y75_RS06715	NC_007779.1	1337005	1337172	+	168	588	287	466	452	604	541	524	993	408	440
gene-Y75_RS24845	NC_007779.1	1337286	1337381	+	96	182	109	178	193	168	169	205	257	133	190
gene-Y75_RS06725	NC_007779.1	1337545	1340220	+	2676	2937	2629	2546	2222	2969	2617	2621	6554	1539	1550
gene-Y75_RS06730	NC_007779.1	1340284	1340874	-	591	1088	857	1482	1258	1873	1487	1258	2770	879	938
gene-Y75_RS06735	NC_007779.1	1341044	1341808	+	765	406	417	392	359	480	400	351	884	315	276
gene-Y75_RS06740	NC_007779.1	1341957	1342265	+	309	687	791	821	805	926	770	697	1862	594	451
gene-Y75_RS06745	NC_007779.1	1342272	1343441	+	1170	829	932	959	1008	1196	1084	853	2269	577	619
gene-Y75_RS06750	NC_007779.1	1343635	1344372	+	738	1476	804	2168	1921	2382	2047	1478	3418	1332	1297
gene-Y75_RS06755	NC_007779.1	1344372	1344698	+	327	485	280	692	578	762	716	517	1165	503	497
gene-Y75_RS06760	NC_007779.1	1344824	1345042	-	219	330	473	390	279	411	371	424	678	1290	1111
gene-Y75_RS06765	NC_007779.1	1345311	1346060	-	750	743	982	894	876	1126	1002	789	2461	817	767
gene-Y75_RS06770	NC_007779.1	1346150	1346323	-	174	359	454	317	322	380	324	286	950	320	297
gene-Y75_RS25245	NC_007779.1	1346361	1346489	+	129	0	0	2	0	3	2	4	30	0	0
gene-Y75_RS06775	NC_007779.1	1346471	1348456	-	1986	330	364	544	450	635	535	365	1443	521	533
gene-Y75_RS06780	NC_007779.1	1348510	1348614	+	105	8	13	5	5	10	8	5	53	2	4
gene-Y75_RS06785	NC_007779.1	1348692	1350626	-	1935	8649	5899	10817	9741	14002	12502	9136	27573	9675	9488
gene-Y75_RS06790	NC_007779.1	1350694	1351821	-	1128	1226	1009	1487	1314	1540	1375	1162	4057	980	1160
gene-Y75_RS06795	NC_007779.1	1351965	1352753	-	789	9169	6774	14296	12393	15951	13629	9867	26807	8418	8448
gene-Y75_RS06800	NC_007779.1	1353121	1353474	-	354	48	44	79	101	108	79	80	127	37	20
gene-Y75_RS06805	NC_007779.1	1353542	1354348	-	807	310	343	444	338	557	400	331	995	255	291
gene-Y75_RS06810	NC_007779.1	1354350	1355342	-	993	561	465	724	647	839	749	523	1651	514	526
gene-Y75_RS06815	NC_007779.1	1355342	1356232	-	891	183	185	253	265	328	324	183	622	197	177
gene-Y75_RS06820	NC_007779.1	1356219	1357184	-	966	294	234	415	396	530	414	299	953	280	282
gene-Y75_RS06825	NC_007779.1	1357181	1358824	-	1644	882	863	1282	1143	1605	1378	932	2395	839	862
gene-Y75_RS06835	NC_007779.1	1359137	1359382	-	246	317	351	312	301	383	389	267	714	171	164
gene-Y75_RS06840	NC_007779.1	1359516	1360901	-	1386	426	389	349	259	416	317	263	325	122	156
gene-Y75_RS24850	NC_007779.1	1360891	1361055	-	165	205	224	156	146	231	181	190	80	55	55
gene-Y75_RS06845	NC_007779.1	1361204	1362622	-	1419	3229	3560	2206	1774	2556	2016	2457	1495	460	460
gene-Y75_RS06850	NC_007779.1	1362834	1363598	+	765	1050	1069	612	665	739	679	792	588	95	105
gene-Y75_RS06855	NC_007779.1	1363625	1364182	+	558	783	593	500	557	643	540	538	758	190	171
gene-Y75_RS06860	NC_007779.1	1364457	1365944	+	1488	1058	889	960	869	1243	1004	1182	360	45	39
gene-Y75_RS06865	NC_007779.1	1365946	1367226	+	1281	633	500	562	495	711	616	630	201	17	27
gene-Y75_RS06870	NC_007779.1	1367264	1368529	+	1266	559	412	463	564	577	576	619	195	39	47
gene-Y75_RS06875	NC_007779.1	1368649	1369626	-	978	244	271	317	288	349	305	268	563	114	124
gene-Y75_RS06880	NC_007779.1	1369793	1370461	+	669	818	528	703	636	983	774	761	2170	1097	1008
gene-Y75_RS06885	NC_007779.1	1370515	1370739	+	225	57	40	36	24	54	34	42	199	74	53
gene-Y75_RS06890	NC_007779.1	1370739	1371098	+	360	72	63	57	56	78	81	51	228	72	70
gene-Y75_RS06895	NC_007779.1	1371107	1371328	+	222	38	48	20	19	43	21	26	101	26	23
gene-Y75_RS06900	NC_007779.1	1371403	1371717	+	315	350	270	330	315	380	358	306	1099	521	510
gene-Y75_RS06905	NC_007779.1	1371930	1373609	+	1680	20	31	14	24	14	20	22	42	8	6
gene-Y75_RS06910	NC_007779.1	1373623	1374915	+	1293	8	6	13	4	9	4	14	12	6	8
gene-Y75_RS06915	NC_007779.1	1374936	1375817	+	882	6	11	5	16	19	18	17	31	4	5
gene-Y75_RS06920	NC_007779.1	1375804	1376646	+	843	13	10	17	12	8	17	11	37	15	8
gene-Y75_RS06925	NC_007779.1	1376677	1377729	+	1053	20	33	32	29	31	36	21	65	24	21
gene-Y75_RS06930	NC_007779.1	1377748	1378536	+	789	26	40	18	22	42	26	18	79	12	37
gene-Y75_RS06935	NC_007779.1	1378546	1379601	+	1056	44	49	50	24	56	42	28	103	9	17
gene-Y75_RS06940	NC_007779.1	1379598	1381865	+	2268	70	59	62	46	65	61	49	123	30	37
gene-Y75_RS06945	NC_007779.1	1381862	1382521	+	660	14	10	15	24	28	14	14	39	6	12
gene-Y75_RS06955	NC_007779.1	1383661	1384566	+	906	22	17	24	24	18	8	24	32	8	11
gene-Y75_RS06960	NC_007779.1	1384677	1385675	-	999	449	350	412	363	555	437	406	883	446	432
gene-Y75_RS06965	NC_007779.1	1385831	1387228	+	1398	510	412	707	577	698	613	491	1551	563	592
gene-Y75_RS06970	NC_007779.1	1387225	1388286	+	1062	314	317	320	320	406	365	318	934	346	348
gene-Y75_RS06975	NC_007779.1	1388434	1389975	+	1542	1393	1566	1569	1494	1870	1588	1251	3412	931	877
gene-Y75_RS06980	NC_007779.1	1390019	1390525	-	507	15794	17197	17477	15599	20221	18038	14132	39446	7774	7747
gene-Y75_RS06985	NC_007779.1	1390644	1391609	+	966	369	512	435	368	465	401	336	905	270	301
gene-Y75_RS06990	NC_007779.1	1391584	1392312	-	729	439	555	448	400	607	544	432	1170	311	273
gene-Y75_RS07000	NC_007779.1	1392647	1393567	-	921	113	96	81	49	94	109	55	185	97	115
gene-Y75_RS07005	NC_007779.1	1393705	1394604	+	900	294	299	255	311	389	351	306	694	111	92
gene-Y75_RS07015	NC_007779.1	1394941	1396554	+	1614	988	972	1276	1107	1368	1205	1102	2006	617	569
gene-Y75_RS07020	NC_007779.1	1396605	1397636	-	1032	616	503	419	439	496	463	472	1169	238	180
gene-Y75_RS07025	NC_007779.1	1397826	1398806	+	981	5	4	11	3	8	4	8	10	0	0
gene-Y75_RS07030	NC_007779.1	1399079	1399336	+	258	2471	2515	2657	2330	2664	2383	2295	5819	998	886
gene-Y75_RS07035	NC_007779.1	1399386	1400336	-	951	2366	2436	1801	1770	2074	2097	1657	4600	967	948
gene-Y75_RS07040	NC_007779.1	1400488	1401240	-	753	5229	4464	6388	5774	7489	6372	5446	13859	3559	3402
gene-Y75_RS07045	NC_007779.1	1401435	1401950	-	516	245	258	278	247	335	281	251	559	192	208
gene-Y75_RS07050	NC_007779.1	1401961	1403487	-	1527	55	74	84	66	93	88	47	184	47	55
gene-Y75_RS07060	NC_007779.1	1403524	1404969	-	1446	62	88	65	67	89	81	71	134	42	41
gene-Y75_RS07065	NC_007779.1	1404969	1406279	-	1311	30	16	20	39	20	45	17	74	12	14
gene-Y75_RS07070	NC_007779.1	1406455	1407363	+	909	152	155	315	268	428	351	239	371	141	139
gene-Y75_RS07080	NC_007779.1	1407693	1408256	+	564	389	270	518	414	549	532	402	765	291	252
gene-Y75_RS07085	NC_007779.1	1408277	1409509	-	1233	165	151	134	107	218	176	158	808	157	175
gene-Y75_RS25250	NC_007779.1	1409703	1409750	+	48	6	0	7	13	5	13	5	11	2	6
gene-Y75_RS07090	NC_007779.1	1409764	1410747	+	984	391	429	483	445	655	518	414	1062	359	291
gene-Y75_RS25495	NC_007779.1	1411022	1411195	+	174	8	12	7	13	25	12	8	102	16	30
gene-Y75_RS07100	NC_007779.1	1411225	1412598	+	1374	330	226	377	341	435	391	257	835	518	524
gene-Y75_RS07105	NC_007779.1	1412727	1413662	-	936	1005	697	1049	1111	1282	1131	738	3658	1404	1391
gene-Y75_RS23540	NC_007779.1	1413714	1414949	-	1236	174	101	140	177	198	177	117	848	171	209
gene-Y75_RS07115	NC_007779.1	1414951	1415166	-	216	8	3	6	3	10	6	13	17	0	4
gene-Y75_RS07120	NC_007779.1	1415245	1415454	-	210	4	7	8	5	3	10	11	18	0	0
gene-Y75_RS07125	NC_007779.1	1415447	1415641	-	195	4	2	3	9	7	6	2	9	1	2
gene-Y75_RS07130	NC_007779.1	1415698	1416507	-	810	53	72	82	58	93	86	72	173	32	42
gene-Y75_RS07135	NC_007779.1	1416500	1419100	-	2601	128	123	162	189	239	179	144	310	99	84
gene-Y75_RS07140	NC_007779.1	1419202	1419477	-	276	11	41	55	41	43	36	27	61	8	14
gene-Y75_RS07145	NC_007779.1	1419552	1419722	-	171	1	2	1	3	2	1	0	3	0	0
gene-Y75_RS07150	NC_007779.1	1419722	1419943	-	222	2	2	7	7	4	8	8	8	0	0
gene-Y75_RS07155	NC_007779.1	1420385	1420873	+	489	40	37	73	43	74	45	41	134	26	24
gene-Y75_RS07160	NC_007779.1	1420870	1421025	-	156	0	1	3	3	0	5	2	13	1	2
gene-Y75_RS25500	NC_007779.1	1421036	1421170	-	135	4	7	18	21	12	13	17	8	2	3
gene-Y75_RS07165	NC_007779.1	1421479	1421955	-	477	1306	1456	1199	1186	1472	1203	1097	2618	0	0
gene-Y75_RS07170	NC_007779.1	1422079	1422375	+	297	38	45	40	49	47	41	29	54	0	0
gene-Y75_RS07175	NC_007779.1	1422398	1422820	+	423	23	22	24	12	27	10	16	50	0	0
gene-Y75_RS07180	NC_007779.1	1422833	1423690	+	858	34	51	36	53	59	52	56	99	0	0
gene-Y75_RS07185	NC_007779.1	1423697	1424443	+	747	21	38	25	29	27	35	20	57	0	0
gene-Y75_RS23555	NC_007779.1	1425114	1425299	+	186	30	32	13	16	22	31	32	21	158	153
gene-Y75_RS07200	NC_007779.1	1425496	1426953	+	1458	357	414	365	317	399	328	322	899	72	58
gene-Y75_RS07205	NC_007779.1	1427091	1427354	+	264	31	20	40	22	32	15	14	40	1	2
gene-Y75_RS07210	NC_007779.1	1427335	1427694	+	360	15	23	16	23	21	20	18	32	0	0
gene-Y75_RS25505	NC_007779.1	1427871	1428002	+	132	4	8	11	4	6	7	3	4	0	0
gene-Y75_RS25610	NC_007779.1	1429230	1429478	-	249	32	44	15	10	26	25	3	30	7	8
gene-Y75_RS07230	NC_007779.1	1429460	1430440	-	981	95	96	75	75	129	114	76	231	0	0
gene-Y75_RS23570	NC_007779.1	1430763	1434125	+	3363	130	123	133	141	187	156	132	214	3	4
gene-Y75_RS07255	NC_007779.1	1434125	1434700	+	576	21	27	19	16	12	9	21	12	0	0
gene-Y75_RS07260	NC_007779.1	1434798	1435388	-	591	49	76	62	51	60	52	49	69	20	18
gene-Y75_RS07265	NC_007779.1	1435705	1435938	-	234	3	21	4	8	10	6	7	11	0	0
gene-Y75_RS24860	NC_007779.1	1436007	1436120	-	114	25	58	13	15	50	24	17	39	0	0
gene-Y75_RS24865	NC_007779.1	1436460	1436633	+	174	52	109	53	25	45	47	27	100	54	58
gene-Y75_RS07270	NC_007779.1	1436899	1437333	-	435	839	563	602	521	619	525	709	1720	324	322
gene-Y75_RS07275	NC_007779.1	1437474	1438607	-	1134	43	49	65	51	56	49	55	121	22	23
gene-Y75_RS07280	NC_007779.1	1438974	1442498	-	3525	2385	1489	2450	2236	2964	2599	1701	6888	2092	2215
gene-Y75_RS07285	NC_007779.1	1442772	1443038	+	267	361	404	264	238	366	305	243	772	196	208
gene-Y75_RS07290	NC_007779.1	1443035	1443457	-	423	223	269	313	275	360	284	250	710	595	578
gene-Y75_RS07295	NC_007779.1	1443568	1444557	-	990	254	257	356	296	361	315	271	552	157	184
gene-Y75_RS07300	NC_007779.1	1444765	1447404	+	2640	727	666	742	740	977	898	655	1904	789	885
gene-Y75_RS07305	NC_007779.1	1447401	1447586	+	186	8	1	7	12	17	13	9	118	14	3
gene-Y75_RS07310	NC_007779.1	1447594	1447920	+	327	144	155	117	109	185	140	136	341	121	92
gene-Y75_RS07315	NC_007779.1	1448092	1448997	-	906	272	221	303	212	286	293	202	444	142	127
gene-Y75_RS07320	NC_007779.1	1449233	1450732	+	1500	257	361	242	250	318	256	216	462	86	97
gene-Y75_RS07325	NC_007779.1	1450790	1453063	-	2274	124	154	157	184	169	154	114	301	92	73
gene-Y75_RS07330	NC_007779.1	1453311	1455356	-	2046	36	43	43	39	40	34	25	44	0	0
gene-Y75_RS07335	NC_007779.1	1455641	1456570	+	930	32	37	30	38	38	28	32	63	0	0
gene-Y75_RS07340	NC_007779.1	1456582	1456869	+	288	8	5	0	7	9	6	5	22	0	0
gene-Y75_RS07345	NC_007779.1	1456878	1457624	+	747	21	4	14	22	10	26	23	33	0	0
gene-Y75_RS07350	NC_007779.1	1457639	1458136	+	498	16	17	24	20	31	24	23	47	0	0
gene-Y75_RS07355	NC_007779.1	1458144	1459214	+	1071	50	28	43	23	33	47	41	50	0	0
gene-Y75_RS07360	NC_007779.1	1459211	1459978	+	768	33	16	32	13	26	23	18	52	0	0
gene-Y75_RS07365	NC_007779.1	1459978	1460766	+	789	12	14	7	14	11	6	16	36	0	0
gene-Y75_RS07370	NC_007779.1	1460768	1462195	+	1428	29	59	48	49	73	37	36	82	0	0
gene-Y75_RS07375	NC_007779.1	1462185	1462607	+	423	18	18	13	13	32	24	27	31	0	0
gene-Y75_RS07380	NC_007779.1	1462607	1463812	+	1206	255	254	262	178	331	267	222	343	0	0
gene-Y75_RS07385	NC_007779.1	1463839	1465152	+	1314	238	197	231	227	302	268	192	406	0	0
gene-Y75_RS07390	NC_007779.1	1465253	1466203	+	951	257	194	358	267	387	358	263	786	0	0
gene-Y75_RS07395	NC_007779.1	1466185	1466775	+	591	196	164	303	264	289	316	246	612	0	0
gene-Y75_RS24870	NC_007779.1	1466879	1466944	-	66	0	0	0	0	0	0	0	0	0	0
gene-Y75_RS07405	NC_007779.1	1469635	1470863	-	1229	35	56	33	57	40	43	32	86	0	0
gene-Y75_RS07415	NC_007779.1	1471072	1472223	+	1152	28	41	35	24	30	32	28	41	0	0
gene-Y75_RS07425	NC_007779.1	1475935	1476795	+	861	98	101	94	136	148	132	141	369	128	98
gene-Y75_RS07430	NC_007779.1	1476858	1479164	+	2307	60	130	40	75	93	73	82	126	85	83
gene-Y75_RS07435	NC_007779.1	1479335	1479940	+	606	13	13	12	5	6	3	14	10	5	4
gene-Y75_RS07440	NC_007779.1	1479940	1480836	+	897	4	4	0	8	6	2	6	0	4	2
gene-Y75_RS07445	NC_007779.1	1480852	1482609	+	1758	100	112	99	99	136	100	102	220	62	65
gene-Y75_RS07450	NC_007779.1	1482599	1483915	+	1317	110	100	116	125	132	127	90	198	44	63
gene-Y75_RS07455	NC_007779.1	1483969	1484574	-	606	753	739	765	761	891	825	605	1833	571	603
gene-Y75_RS07460	NC_007779.1	1484775	1488677	+	3903	2295	1785	3704	3418	4417	3784	2878	6156	1558	1657
gene-Y75_RS07465	NC_007779.1	1488949	1489749	+	801	1008	1035	955	878	1135	1017	761	2163	449	468
gene-Y75_RS07470	NC_007779.1	1489946	1491385	+	1440	10698	5776	11608	10478	14904	12888	10248	11767	515	524
gene-Y75_RS07490	NC_007779.1	1492616	1493146	+	531	1586	1542	1348	1123	1362	1206	1300	3623	1811	1611
gene-Y75_RS07495	NC_007779.1	1493391	1493564	+	174	224	224	153	165	220	173	162	475	163	126
gene-Y75_RS25255	NC_007779.1	1493590	1493658	+	69	0	1	2	0	0	0	0	1	0	0
gene-Y75_RS07500	NC_007779.1	1493636	1493785	-	150	323	315	328	259	349	297	238	491	143	172
gene-Y75_RS07505	NC_007779.1	1494184	1495824	+	1641	183	175	210	192	244	220	195	4443	77	62
gene-Y75_RS07510	NC_007779.1	1495862	1496785	-	924	1837	1677	1982	1748	2294	2086	1681	3255	611	557
gene-Y75_RS07515	NC_007779.1	1497002	1498345	+	1344	156	182	146	112	181	135	135	340	111	92
gene-Y75_RS07520	NC_007779.1	1498570	1500225	+	1656	1904	1900	2016	1826	2326	2044	1784	5188	2600	2569
gene-Y75_RS07530	NC_007779.1	1500365	1500589	+	225	141	107	129	117	151	149	145	308	211	232
gene-Y75_RS07535	NC_007779.1	1500652	1501191	+	540	257	252	311	228	365	290	247	537	85	57
gene-Y75_RS07540	NC_007779.1	1501183	1502163	-	981	58	96	67	60	91	91	67	346	50	52
gene-Y75_RS07545	NC_007779.1	1502287	1503279	+	993	219	247	231	198	363	296	231	600	116	100
gene-Y75_RS07550	NC_007779.1	1503276	1503869	+	594	711	761	630	572	796	676	636	1814	240	217
gene-Y75_RS07555	NC_007779.1	1504171	1504839	+	669	791	850	1294	1066	1421	1315	1174	2581	788	661
gene-Y75_RS07570	NC_007779.1	1505371	1506579	+	1209	753	949	497	444	529	559	500	1662	333	309
gene-Y75_RS07575	NC_007779.1	1506619	1507833	-	1215	138	117	198	206	317	233	224	393	138	180
gene-Y75_RS07580	NC_007779.1	1507886	1508422	+	537	160	114	187	209	235	171	180	349	182	172
gene-Y75_RS07585	NC_007779.1	1508495	1510456	+	1962	1752	1455	2521	2201	2845	2446	2133	5049	1947	1899
gene-Y75_RS07590	NC_007779.1	1510548	1510778	-	231	45	51	39	27	45	49	50	125	64	51
gene-Y75_RS07595	NC_007779.1	1511000	1511176	+	177	58	79	81	58	38	58	54	176	43	75
gene-Y75_RS07600	NC_007779.1	1511222	1511638	+	417	162	207	138	143	198	142	145	444	114	105
gene-Y75_RS07605	NC_007779.1	1511717	1513123	+	1407	571	649	579	568	670	582	532	1502	410	391
gene-Y75_RS07610	NC_007779.1	1513368	1514513	+	1146	50	57	93	76	126	99	88	312	67	64
gene-Y75_RS07615	NC_007779.1	1514531	1515544	+	1014	11	7	32	22	25	32	25	138	22	18
gene-Y75_RS07620	NC_007779.1	1515545	1516486	+	942	34	64	41	58	63	36	30	150	30	26
gene-Y75_RS07625	NC_007779.1	1516476	1517270	+	795	19	23	14	24	17	23	13	87	19	11
gene-Y75_RS07630	NC_007779.1	1517292	1518716	+	1425	168	124	130	150	188	168	132	427	84	82
gene-Y75_RS23610	NC_007779.1	1518813	1518908	-	96	227	212	193	201	212	223	172	784	166	153
gene-Y75_RS07640	NC_007779.1	1519103	1519276	+	174	270	181	285	249	313	250	245	545	279	197
gene-Y75_RS07645	NC_007779.1	1519362	1519595	+	234	1062	1010	935	990	1158	1104	1019	2509	581	583
gene-Y75_RS07650	NC_007779.1	1519596	1520045	-	450	168	212	198	214	314	230	216	640	146	155
gene-Y75_RS07655	NC_007779.1	1520042	1520560	-	519	507	612	552	485	729	584	448	1188	264	285
gene-Y75_RS07660	NC_007779.1	1520741	1521778	+	1038	120	143	101	88	141	91	87	485	191	179
gene-Y75_RS07665	NC_007779.1	1521976	1522641	+	666	54	53	93	67	83	68	104	177	92	90
gene-Y75_RS07670	NC_007779.1	1522677	1524779	-	2103	404	294	562	532	681	565	363	1284	641	560
gene-Y75_RS07675	NC_007779.1	1525021	1526082	+	1062	4359	3798	4106	3775	4890	4856	4062	9008	3608	3407
gene-Y75_RS07680	NC_007779.1	1526195	1527694	-	1500	334	188	410	400	353	361	381	711	510	524
gene-Y75_RS07685	NC_007779.1	1527961	1528578	+	618	17	47	20	27	52	26	39	146	28	29
gene-Y75_RS07690	NC_007779.1	1528654	1528866	+	213	0	0	0	0	2	0	0	4	1	0
gene-Y75_RS25510	NC_007779.1	1531636	1532118	+	483	19	11	16	17	23	6	23	32	12	8
gene-Y75_RS24885	NC_007779.1	1532033	1532218	-	186	5	3	5	3	9	4	10	7	1	2
gene-Y75_RS07710	NC_007779.1	1533530	1534666	+	1137	26	44	21	18	22	40	28	43	4	4
gene-Y75_RS07715	NC_007779.1	1534766	1534999	+	234	233	295	174	147	210	164	200	540	29	50
gene-Y75_RS07720	NC_007779.1	1534996	1535565	-	570	54	24	17	30	40	37	18	211	29	28
gene-Y75_RS07725	NC_007779.1	1535738	1536583	+	846	155	127	111	128	142	148	111	301	79	66
gene-Y75_RS07730	NC_007779.1	1536679	1537572	-	894	498	593	513	415	636	513	492	1255	244	305
gene-Y75_RS07735	NC_007779.1	1537651	1538331	-	681	35	40	26	22	32	30	22	91	15	12
gene-Y75_RS07740	NC_007779.1	1538328	1539023	-	696	29	21	6	9	41	21	20	49	9	20
gene-Y75_RS07745	NC_007779.1	1539023	1540567	-	1545	49	87	40	44	56	52	41	151	25	19
gene-Y75_RS07750	NC_007779.1	1540564	1544304	-	3741	214	248	166	136	216	210	136	365	101	96
gene-Y75_RS07755	NC_007779.1	1544386	1545774	-	1389	37	73	33	22	25	41	14	87	22	32
gene-Y75_RS07770	NC_007779.1	1548002	1548883	-	882	324	294	360	322	458	403	344	745	217	184
gene-Y75_RS07780	NC_007779.1	1549115	1552162	+	3048	58	69	74	49	73	67	54	123	40	26
gene-Y75_RS07785	NC_007779.1	1552175	1553059	+	885	23	26	32	24	37	38	21	60	15	20
gene-Y75_RS07790	NC_007779.1	1553052	1553705	+	654	68	58	77	74	88	89	76	172	49	59
gene-Y75_RS07795	NC_007779.1	1554112	1554396	-	285	236	226	215	225	258	209	192	428	187	185
gene-Y75_RS07800	NC_007779.1	1554542	1555552	-	1011	160	280	96	86	124	116	121	928	119	127
gene-Y75_RS07805	NC_007779.1	1555686	1557383	-	1698	4346	2723	3031	2526	3987	3406	3847	9452	1575	1567
gene-Y75_RS07810	NC_007779.1	1557540	1557677	-	138	1178	1889	317	288	403	349	398	3855	178	178
gene-Y75_RS07815	NC_007779.1	1557779	1557994	-	216	25	29	10	4	7	6	12	134	8	4
gene-Y75_RS07820	NC_007779.1	1558339	1558770	+	432	989	1467	383	373	445	377	724	2708	244	216
gene-Y75_RS07825	NC_007779.1	1558826	1559752	-	927	78	77	45	39	57	66	62	174	43	60
gene-Y75_RS07830	NC_007779.1	1559745	1560731	-	987	31	41	39	35	48	43	31	118	38	35
gene-Y75_RS07835	NC_007779.1	1560728	1561624	-	897	28	48	44	37	41	46	42	85	38	23
gene-Y75_RS07840	NC_007779.1	1561621	1562643	-	1023	53	32	38	40	41	30	26	64	30	35
gene-Y75_RS07845	NC_007779.1	1562645	1564195	-	1551	127	69	109	95	131	124	92	220	177	138
gene-Y75_RS07850	NC_007779.1	1564209	1564790	-	582	46	46	80	34	71	44	28	57	38	39
gene-Y75_RS07855	NC_007779.1	1565048	1567447	-	2400	264	311	132	135	195	120	134	884	201	214
gene-Y75_RS07860	NC_007779.1	1567472	1568854	-	1383	397	501	258	219	245	218	237	1362	358	325
gene-Y75_RS07865	NC_007779.1	1569218	1570537	-	1320	854	629	753	770	980	773	848	1842	601	649
gene-Y75_RS07870	NC_007779.1	1570668	1572203	-	1536	390	1918	157	107	171	152	139	360	74	91
gene-Y75_RS07875	NC_007779.1	1572359	1573759	-	1401	344	1911	29	33	50	40	52	183	36	47
gene-Y75_RS07885	NC_007779.1	1574121	1576904	-	2784	382	358	485	503	629	490	464	1691	402	398
gene-Y75_RS07890	NC_007779.1	1576961	1579333	-	2373	263	265	368	307	358	304	274	1290	394	351
gene-Y75_RS07895	NC_007779.1	1579371	1581056	-	1686	80	86	142	110	163	123	75	500	189	163
gene-Y75_RS24890	NC_007779.1	1581259	1581381	+	123	2	0	4	6	4	14	5	7	4	7
gene-Y75_RS07900	NC_007779.1	1581347	1582504	-	1158	18	20	26	8	18	12	11	50	28	24
gene-Y75_RS07905	NC_007779.1	1582556	1584238	-	1683	158	118	159	118	142	147	148	437	219	196
gene-Y75_RS07910	NC_007779.1	1584640	1585401	-	762	13	44	30	11	27	16	30	44	8	7
gene-Y75_RS07915	NC_007779.1	1585476	1585673	-	198	0	4	0	3	2	1	1	8	1	1
gene-Y75_RS07920	NC_007779.1	1585921	1588200	-	2280	179	518	161	149	187	132	188	329	95	91
gene-Y75_RS07925	NC_007779.1	1588534	1589448	-	915	14	11	16	14	14	26	8	36	0	6
gene-Y75_RS07930	NC_007779.1	1589507	1590010	-	504	14	11	10	8	19	14	9	39	5	3
gene-Y75_RS07935	NC_007779.1	1590023	1590553	-	531	4	27	0	7	14	12	22	10	4	3
gene-Y75_RS07950	NC_007779.1	1592568	1593890	-	1323	344	312	360	296	400	378	372	860	263	221
gene-Y75_RS07955	NC_007779.1	1593890	1594156	-	267	123	107	172	125	142	143	168	401	94	82
gene-Y75_RS07970	NC_007779.1	1600331	1601923	-	1593	192	226	191	154	205	216	190	349	0	0
gene-Y75_RS07975	NC_007779.1	1602002	1602955	-	954	157	229	177	147	197	184	229	371	0	0
gene-Y75_RS07980	NC_007779.1	1603204	1604739	+	1536	54	59	45	37	51	44	71	116	0	0
gene-Y75_RS07985	NC_007779.1	1604733	1605761	+	1029	32	31	15	20	21	21	10	60	0	0
gene-Y75_RS07990	NC_007779.1	1605761	1606753	+	993	19	26	37	24	31	34	16	99	15	11
gene-Y75_RS07995	NC_007779.1	1606765	1607787	+	1023	99	56	47	35	52	55	36	135	26	29
gene-Y75_RS08000	NC_007779.1	1607814	1608689	+	876	70	105	66	47	74	60	68	192	15	14
gene-Y75_RS08005	NC_007779.1	1608713	1609003	+	291	42	32	25	33	39	33	41	129	15	11
gene-Y75_RS08010	NC_007779.1	1609060	1609818	+	759	98	112	80	69	105	98	77	518	87	83
gene-Y75_RS08015	NC_007779.1	1609822	1610736	-	915	426	443	304	288	291	250	306	883	236	240
gene-Y75_RS08025	NC_007779.1	1610943	1612394	-	1452	63	48	91	77	82	80	38	234	65	69
gene-Y75_RS08035	NC_007779.1	1613680	1614039	-	360	258	279	278	262	356	277	251	538	81	83
gene-Y75_RS08040	NC_007779.1	1614039	1614965	-	927	462	487	498	505	643	573	537	1466	451	351
gene-Y75_RS08045	NC_007779.1	1615029	1616417	-	1389	507	550	377	336	472	405	453	1036	268	280
gene-Y75_RS08050	NC_007779.1	1616518	1617399	+	882	207	231	199	216	270	193	193	543	118	136
gene-Y75_RS08055	NC_007779.1	1617477	1618592	+	1116	50	39	28	30	30	35	33	67	27	48
gene-Y75_RS08060	NC_007779.1	1618742	1619932	+	1191	341	440	225	189	281	205	227	618	125	131
gene-Y75_RS08065	NC_007779.1	1619957	1620622	-	666	287	235	216	178	212	207	201	622	156	131
gene-Y75_RS08070	NC_007779.1	1620834	1621268	+	435	113	104	95	56	107	111	77	314	131	99
gene-Y75_RS08075	NC_007779.1	1621288	1621671	+	384	281	205	181	130	216	191	192	833	274	289
gene-Y75_RS08080	NC_007779.1	1621703	1621921	+	219	62	60	45	52	56	56	38	254	69	87
gene-Y75_RS08085	NC_007779.1	1621952	1622851	-	900	461	541	341	360	447	350	381	883	263	262
gene-Y75_RS08090	NC_007779.1	1623046	1624233	+	1188	157	255	114	100	154	107	163	368	98	91
gene-Y75_RS08095	NC_007779.1	1624360	1624455	+	96	193	146	108	91	161	114	151	759	31	24
gene-Y75_RS25260	NC_007779.1	1624455	1624559	+	105	102	16	299	281	408	335	363	61	32	50
gene-Y75_RS08100	NC_007779.1	1624674	1625564	-	891	211	430	187	109	129	137	239	234	85	69
gene-Y75_RS08105	NC_007779.1	1625819	1626211	-	393	30	82	4	10	14	8	18	86	20	26
gene-Y75_RS08110	NC_007779.1	1626487	1627005	+	519	52	67	30	48	57	59	50	151	35	27
gene-Y75_RS08115	NC_007779.1	1627049	1629094	-	2046	2934	2369	2172	2000	2747	2634	2703	6118	1727	1776
gene-Y75_RS08120	NC_007779.1	1629231	1629977	+	747	4459	3849	4439	3951	5435	4580	4967	9879	2509	2552
gene-Y75_RS08125	NC_007779.1	1630066	1630752	+	687	642	778	548	535	690	668	585	1405	460	520
gene-Y75_RS08130	NC_007779.1	1630929	1631132	+	204	114	414	49	46	59	90	89	194	37	22
gene-Y75_RS08135	NC_007779.1	1631167	1632627	-	1461	119	161	96	120	173	116	121	202	50	59
gene-Y75_RS24895	NC_007779.1	1634604	1634717	+	114	24	104	5	13	21	21	25	17	50	46
gene-Y75_RS08145	NC_007779.1	1634786	1635019	+	234	11	28	5	0	0	3	6	4	25	7
gene-Y75_RS08150	NC_007779.1	1635336	1635926	+	591	36	78	37	36	36	44	36	64	30	19
gene-Y75_RS08155	NC_007779.1	1636024	1636599	-	576	6	7	1	7	4	4	12	16	0	0
gene-Y75_RS08165	NC_007779.1	1637512	1638081	-	570	11	28	25	19	14	21	16	29	22	20
gene-Y75_RS08170	NC_007779.1	1638470	1638703	+	234	4	8	2	0	0	0	1	1	0	0
gene-Y75_RS08175	NC_007779.1	1638761	1639171	+	411	13	31	30	18	22	18	28	35	0	0
gene-Y75_RS08180	NC_007779.1	1639323	1639496	-	174	3098	3639	965	1050	1583	1466	2234	5747	0	0
gene-Y75_RS24900	NC_007779.1	1639902	1639967	-	66	2	5	4	0	6	4	2	2	0	0
gene-Y75_RS23665	NC_007779.1	1639970	1640158	-	189	3	4	1	1	7	0	2	5	0	0
gene-Y75_RS08190	NC_007779.1	1640169	1640381	-	213	8	47	7	7	10	0	5	9	0	0
gene-Y75_RS08195	NC_007779.1	1640744	1641241	-	498	6	21	12	8	12	20	10	21	0	0
gene-Y75_RS08200	NC_007779.1	1641238	1641771	-	534	9	4	10	2	11	3	6	27	0	4
gene-Y75_RS08205	NC_007779.1	1641768	1642079	-	312	7	15	7	8	1	4	7	15	2	4
gene-Y75_RS08210	NC_007779.1	1642084	1642299	-	216	6	5	4	2	2	5	6	7	0	2
gene-Y75_RS25265	NC_007779.1	1642519	1642689	+	171	32	56	28	32	34	34	31	48	0	0
gene-Y75_RS08215	NC_007779.1	1643053	1643268	-	216	72	291	35	38	51	39	40	83	0	0
gene-Y75_RS08220	NC_007779.1	1643569	1643781	+	213	71	94	75	76	82	74	101	148	0	0
gene-Y75_RS24905	NC_007779.1	1643836	1643925	+	90	118	224	139	153	164	141	214	190	0	0
gene-Y75_RS08225	NC_007779.1	1644203	1644955	-	753	74	92	45	65	54	67	83	168	0	0
gene-Y75_RS08230	NC_007779.1	1644969	1646018	-	1050	11	22	16	19	30	12	17	36	6	6
gene-Y75_RS08235	NC_007779.1	1646020	1646298	-	279	69	65	49	61	84	57	70	117	21	14
gene-Y75_RS08240	NC_007779.1	1646365	1646616	-	252	29	33	56	40	34	35	24	56	6	12
gene-Y75_RS08245	NC_007779.1	1646833	1646988	-	156	380	367	362	322	430	412	428	1007	1381	1382
gene-Y75_RS08250	NC_007779.1	1647060	1647347	-	288	370	398	352	277	369	341	429	1164	0	0
gene-Y75_RS08255	NC_007779.1	1647347	1647586	-	240	311	287	269	248	260	284	326	838	0	0
gene-Y75_RS23670	NC_007779.1	1647611	1647916	+	306	95	83	65	65	71	71	86	223	0	0
gene-Y75_RS08260	NC_007779.1	1648119	1648451	+	333	57	93	38	55	37	41	52	4024	0	0
gene-Y75_RS08265	NC_007779.1	1648888	1649037	-	150	22	11	20	21	13	11	13	74	0	0
gene-Y75_RS08275	NC_007779.1	1649334	1649564	-	231	12	5	12	10	10	18	11	17	6	7
gene-Y75_RS08280	NC_007779.1	1649648	1650055	+	408	1020	1008	659	682	821	726	808	1954	0	0
gene-Y75_RS08285	NC_007779.1	1650222	1650377	+	156	14	8	28	12	19	17	10	37	14	4
gene-Y75_RS25515	NC_007779.1	1650379	1650507	+	129	0	2	4	4	9	6	6	31	0	0
gene-Y75_RS08290	NC_007779.1	1650537	1650755	+	219	48	54	49	47	71	65	50	115	0	0
gene-Y75_RS08300	NC_007779.1	1651323	1651511	+	189	8	0	2	4	12	4	10	18	0	1
gene-Y75_RS08305	NC_007779.1	1651508	1651699	+	192	6	0	5	9	4	0	7	22	0	2
gene-Y75_RS08325	NC_007779.1	1654610	1655629	-	1020	111	154	120	120	159	149	186	161	56	50
gene-Y75_RS08330	NC_007779.1	1655641	1656855	-	1215	84	105	136	158	161	135	184	214	75	50
gene-Y75_RS08335	NC_007779.1	1657061	1657387	-	327	151	136	86	60	116	70	103	264	52	93
gene-Y75_RS08340	NC_007779.1	1657522	1657863	+	342	1439	1386	795	792	1024	924	1308	2774	547	676
gene-Y75_RS08345	NC_007779.1	1657898	1658458	+	561	1559	1294	1008	941	1118	1008	1611	3676	868	738
gene-Y75_RS08350	NC_007779.1	1658461	1659171	-	711	542	486	450	381	508	443	419	1240	291	293
gene-Y75_RS08355	NC_007779.1	1659279	1659584	+	306	199	200	266	209	249	197	254	508	205	195
gene-Y75_RS08360	NC_007779.1	1659783	1662209	+	2427	154	246	149	144	176	154	187	341	49	62
gene-Y75_RS08365	NC_007779.1	1662270	1664693	+	2424	194	307	174	154	219	188	193	543	117	93
gene-Y75_RS08370	NC_007779.1	1664704	1665321	+	618	35	56	44	29	61	46	44	118	16	29
gene-Y75_RS08375	NC_007779.1	1665323	1666177	+	855	177	198	187	146	221	121	119	464	103	123
gene-Y75_RS08380	NC_007779.1	1666220	1666834	+	615	338	310	381	333	408	348	406	708	275	303
gene-Y75_RS08385	NC_007779.1	1666993	1668285	+	1293	116	114	129	98	108	108	153	243	73	70
gene-Y75_RS08390	NC_007779.1	1668238	1668933	-	696	170	230	186	136	174	186	157	319	114	128
gene-Y75_RS08395	NC_007779.1	1669058	1670278	-	1221	1060	1001	1150	997	1364	1125	1290	2177	823	828
gene-Y75_RS08400	NC_007779.1	1670413	1671306	-	894	109	116	88	87	153	116	106	244	97	76
gene-Y75_RS08405	NC_007779.1	1671413	1672666	+	1254	258	398	446	365	398	434	489	671	80	118
gene-Y75_RS25645	NC_007779.1	1672715	1672834	-	120	374	333	216	194	226	213	318	755	24	38
gene-Y75_RS08410	NC_007779.1	1673090	1673398	+	309	42	75	23	38	37	35	45	128	24	18
gene-Y75_RS08415	NC_007779.1	1673491	1673574	+	84	10	2	5	6	14	9	10	18	8	6
gene-Y75_RS08420	NC_007779.1	1673674	1674495	+	822	433	413	452	365	481	465	454	1159	244	269
gene-Y75_RS08425	NC_007779.1	1674534	1674863	-	330	52	29	43	44	40	44	39	94	5	9
gene-Y75_RS08430	NC_007779.1	1674850	1675215	-	366	230	106	168	128	142	133	265	237	34	27
gene-Y75_RS08435	NC_007779.1	1675627	1676661	+	1035	196	217	240	219	264	246	265	459	122	115
gene-Y75_RS08440	NC_007779.1	1676686	1678074	-	1389	21565	16244	19052	17397	21513	20208	25752	55556	11227	11122
gene-Y75_RS08445	NC_007779.1	1678085	1679617	-	1533	33596	22629	28342	26328	35577	31833	41382	83533	16642	17549
gene-Y75_RS08450	NC_007779.1	1680141	1681085	+	945	3635	3423	3342	3371	3897	3719	4341	7165	2371	2340
gene-Y75_RS08455	NC_007779.1	1681271	1682653	+	1383	163	173	192	186	195	181	226	419	201	184
gene-Y75_RS08460	NC_007779.1	1682690	1683412	+	723	337	500	304	242	306	300	422	876	214	212
gene-Y75_RS08465	NC_007779.1	1683409	1683744	-	336	261	356	175	197	202	186	224	671	170	151
gene-Y75_RS08470	NC_007779.1	1683873	1684592	+	720	847	941	718	651	784	681	761	2406	631	605
gene-Y75_RS08475	NC_007779.1	1684596	1685897	+	1302	662	824	532	410	639	528	553	1907	585	620
gene-Y75_RS08480	NC_007779.1	1685973	1686902	+	930	431	264	295	296	369	315	452	845	175	239
gene-Y75_RS08485	NC_007779.1	1686899	1688302	-	1404	740	547	771	757	1119	936	1090	1392	322	298
gene-Y75_RS08490	NC_007779.1	1688445	1690091	-	1647	5177	3469	2761	2711	3712	3310	4385	12291	2892	3048
gene-Y75_RS08495	NC_007779.1	1690290	1691465	+	1176	1638	1670	742	680	960	789	1373	3125	713	672
gene-Y75_RS08500	NC_007779.1	1691566	1693074	+	1509	2532	2449	2422	2328	3091	2741	4141	8060	2144	2154
gene-Y75_RS08505	NC_007779.1	1693300	1694565	-	1266	30	50	20	32	22	20	35	40	12	28
gene-Y75_RS08510	NC_007779.1	1694604	1695977	-	1374	25	26	23	22	36	17	22	74	17	21
gene-Y75_RS08515	NC_007779.1	1695974	1697785	-	1812	56	41	50	29	68	54	46	128	35	39
gene-Y75_RS08520	NC_007779.1	1698176	1698766	-	591	526	630	326	322	357	286	467	968	181	210
gene-Y75_RS08525	NC_007779.1	1698987	1699754	-	768	2054	3845	952	822	1004	939	1863	2984	396	348
gene-Y75_RS08530	NC_007779.1	1699866	1700894	-	1029	191	163	144	127	148	141	140	320	62	83
gene-Y75_RS08535	NC_007779.1	1701069	1702661	+	1593	164	224	163	134	153	142	179	485	406	447
gene-Y75_RS08540	NC_007779.1	1702671	1703843	+	1173	651	553	321	301	381	334	528	1430	335	309
gene-Y75_RS08545	NC_007779.1	1703947	1704948	+	1002	450	499	321	296	329	337	424	773	240	248
gene-Y75_RS08550	NC_007779.1	1704982	1706022	-	1041	1700	1818	973	797	1082	911	1312	2944	889	909
gene-Y75_RS08555	NC_007779.1	1706265	1706390	+	126	363	342	208	176	224	153	319	777	181	183
gene-Y75_RS08560	NC_007779.1	1706663	1706878	+	216	193	195	150	110	139	149	215	408	94	100
gene-Y75_RS08565	NC_007779.1	1706964	1707404	+	441	608	630	433	382	510	428	591	1342	338	321
gene-Y75_RS08570	NC_007779.1	1707481	1708062	+	582	601	508	763	572	744	627	758	1234	308	287
gene-Y75_RS08575	NC_007779.1	1708062	1708640	+	579	417	308	491	456	567	470	574	1075	245	219
gene-Y75_RS08580	NC_007779.1	1708633	1710855	+	2223	1522	1103	1955	1680	2368	1907	2262	4203	892	901
gene-Y75_RS08585	NC_007779.1	1710856	1711914	+	1059	489	350	589	571	731	621	649	1375	295	347
gene-Y75_RS08590	NC_007779.1	1711918	1712538	+	621	328	196	359	325	407	321	467	983	190	201
gene-Y75_RS08595	NC_007779.1	1712542	1713237	+	696	331	208	394	325	396	313	436	1000	201	170
gene-Y75_RS08600	NC_007779.1	1713237	1713872	+	636	401	211	396	319	441	325	463	981	228	225
gene-Y75_RS08610	NC_007779.1	1714483	1715985	+	1503	208	216	271	244	310	248	374	595	734	709
gene-Y75_RS08615	NC_007779.1	1716091	1716696	+	606	1546	1630	506	453	770	607	1058	2491	602	554
gene-Y75_RS08620	NC_007779.1	1716740	1717603	-	864	951	744	1057	1039	1347	1082	1811	2074	437	478
gene-Y75_RS08625	NC_007779.1	1717662	1718936	-	1275	5961	5429	4688	4132	5313	4739	5973	14327	5125	5251
gene-Y75_RS08630	NC_007779.1	1719065	1719721	-	657	1769	1355	1079	985	1446	1270	1588	3616	1083	1055
gene-Y75_RS08635	NC_007779.1	1719780	1720109	-	330	87	124	64	57	66	66	94	207	153	136
gene-Y75_RS08640	NC_007779.1	1720207	1721316	-	1110	604	649	367	318	437	383	566	1275	473	462
gene-Y75_RS08645	NC_007779.1	1721590	1722057	+	468	6231	5608	4714	4137	5047	4669	5983	13462	4070	3527
gene-Y75_RS08650	NC_007779.1	1722104	1722538	-	435	2379	2435	1327	1188	1653	1418	2430	4382	1252	1291
gene-Y75_RS08655	NC_007779.1	1722739	1722975	+	237	101	76	107	106	84	75	90	220	110	113
gene-Y75_RS08660	NC_007779.1	1722978	1723835	+	858	126	108	148	123	162	138	107	394	129	114
gene-Y75_RS08665	NC_007779.1	1723835	1725847	+	2013	177	195	171	205	208	158	165	498	200	144
gene-Y75_RS08670	NC_007779.1	1725848	1726369	-	522	136	164	100	91	123	127	122	541	105	86
gene-Y75_RS08675	NC_007779.1	1726450	1727346	-	897	473	411	415	373	478	448	492	1358	388	360
gene-Y75_RS08680	NC_007779.1	1727395	1727634	-	240	53	49	34	48	31	27	49	152	30	19
gene-Y75_RS08685	NC_007779.1	1727737	1728336	+	600	113	103	113	74	116	106	108	241	108	112
gene-Y75_RS08690	NC_007779.1	1728373	1729470	+	1098	371	391	324	294	385	353	381	807	296	303
gene-Y75_RS08695	NC_007779.1	1729551	1729958	+	408	1419	1149	1594	1401	1997	1772	2289	3472	1118	944
gene-Y75_RS08700	NC_007779.1	1730061	1730708	+	648	583	559	454	381	585	518	670	1426	537	542
gene-Y75_RS08705	NC_007779.1	1730801	1735417	+	4617	826	1034	350	327	438	365	472	1405	605	506
gene-Y75_RS08710	NC_007779.1	1735468	1735815	-	348	4072	3071	2538	2476	3014	2874	3409	8601	3026	3242
gene-Y75_RS08715	NC_007779.1	1736149	1736964	+	816	1038	710	536	470	730	597	804	2024	934	999
gene-Y75_RS08720	NC_007779.1	1737092	1737673	+	582	8725	10612	5415	5011	5913	5476	7491	16160	3176	2968
gene-Y75_RS08725	NC_007779.1	1737835	1739004	-	1170	234	371	158	173	173	186	176	617	218	210
gene-Y75_RS08730	NC_007779.1	1739170	1739259	-	90	629	257	150	233	255	275	331	1153	252	281
gene-Y75_RS08735	NC_007779.1	1739558	1740583	+	1026	4126	3853	3393	2923	3817	3521	3897	9946	3066	3192
gene-Y75_RS08740	NC_007779.1	1740580	1741512	-	933	191	215	206	200	240	235	225	577	104	123
gene-Y75_RS08745	NC_007779.1	1741625	1742836	+	1212	243	194	167	159	164	144	215	488	129	170
gene-Y75_RS08750	NC_007779.1	1743127	1744275	+	1149	2796	4741	1450	1273	1656	1455	1843	5808	1682	1607
gene-Y75_RS08755	NC_007779.1	1744315	1744956	-	642	1611	1659	998	970	1131	1018	1545	3396	857	719
gene-Y75_RS08760	NC_007779.1	1745171	1746544	+	1374	862	1233	631	521	715	577	761	1471	155	142
gene-Y75_RS08765	NC_007779.1	1746585	1747841	-	1257	1104	1530	594	509	561	526	991	2210	278	323
gene-Y75_RS08770	NC_007779.1	1748149	1748225	+	77	18	7	12	11	14	25	20	154	25	33
gene-Y75_RS08775	NC_007779.1	1748230	1748306	+	77	53	11	56	36	59	31	46	387	63	60
gene-Y75_RS08780	NC_007779.1	1748414	1748719	+	306	1927	2262	1098	1067	1227	1012	1538	3493	688	757
gene-Y75_RS08785	NC_007779.1	1748845	1750449	+	1605	130	140	112	76	108	79	96	609	79	86
gene-Y75_RS08790	NC_007779.1	1750461	1751273	-	813	30	49	28	30	35	33	36	70	14	21
gene-Y75_RS08795	NC_007779.1	1751277	1752062	-	786	38	45	13	30	19	45	39	114	22	22
gene-Y75_RS08800	NC_007779.1	1752059	1752727	-	669	62	77	22	43	34	11	62	94	37	24
gene-Y75_RS08805	NC_007779.1	1752791	1753429	-	639	39	55	43	24	16	32	21	94	13	18
gene-Y75_RS08810	NC_007779.1	1753442	1755544	-	2103	53	70	21	32	40	39	60	90	31	16
gene-Y75_RS08815	NC_007779.1	1755565	1756191	-	627	9	17	2	4	4	2	2	12	1	2
gene-Y75_RS08820	NC_007779.1	1756646	1756855	-	210	329	281	199	216	209	208	381	644	164	206
gene-Y75_RS25385	NC_007779.1	1757210	1757404	+	195	343	222	236	252	245	218	268	873	196	203
gene-Y75_RS08825	NC_007779.1	1757412	1758824	+	1413	12524	7929	6528	5916	8635	7786	9741	26588	5996	5815
gene-Y75_RS08830	NC_007779.1	1759135	1759371	+	237	105705	81373	67502	64223	71122	60896	77520	225893	46975	45872
gene-Y75_RS08835	NC_007779.1	1759435	1760439	-	1005	392	459	207	160	238	164	368	1225	202	198
gene-Y75_RS08840	NC_007779.1	1760588	1761004	-	417	182	136	98	125	163	126	185	468	162	150
gene-Y75_RS08845	NC_007779.1	1761017	1762237	-	1221	763	507	511	464	632	575	738	1921	485	513
gene-Y75_RS08850	NC_007779.1	1762234	1763505	-	1272	816	499	590	596	721	662	881	2453	616	594
gene-Y75_RS08855	NC_007779.1	1763480	1764226	-	747	443	293	314	326	381	316	458	1204	357	422
gene-Y75_RS08860	NC_007779.1	1764236	1765723	-	1488	1092	595	796	774	967	870	1071	2680	756	783
gene-Y75_RS08865	NC_007779.1	1765732	1766100	-	369	308	165	186	214	263	270	267	785	237	258
gene-Y75_RS08870	NC_007779.1	1766648	1766836	-	189	978	1621	343	303	423	375	612	1386	153	177
gene-Y75_RS08875	NC_007779.1	1766936	1767346	-	411	1043	1017	693	633	984	854	1114	2804	732	855
gene-Y75_RS08880	NC_007779.1	1767343	1770399	-	3057	7068	7860	5890	5339	7149	6573	8418	19119	5579	5549
gene-Y75_RS08885	NC_007779.1	1770788	1771900	+	1113	725	944	453	440	587	475	698	1683	384	367
gene-Y75_RS08890	NC_007779.1	1772086	1772193	+	108	13	16	6	14	13	25	20	22	8	11
gene-Y75_RS08895	NC_007779.1	1772329	1772685	+	357	7	11	0	6	4	8	11	17	0	13
gene-Y75_RS08900	NC_007779.1	1772785	1773999	+	1215	23	25	8	24	16	10	20	48	2	4
gene-Y75_RS08905	NC_007779.1	1774226	1775491	+	1266	16	24	6	4	3	6	16	20	6	12
gene-Y75_RS08910	NC_007779.1	1775503	1776369	+	867	56	34	34	37	63	57	80	325	29	24
gene-Y75_RS08915	NC_007779.1	1776400	1777158	+	759	763	707	574	580	781	644	814	1617	415	402
gene-Y75_RS08920	NC_007779.1	1777301	1778896	+	1596	37	64	87	101	113	105	136	96	19	16
gene-Y75_RS08925	NC_007779.1	1778910	1780061	+	1152	32	46	55	81	136	80	126	98	16	20
gene-Y75_RS08930	NC_007779.1	1780104	1781015	-	912	174	221	78	89	102	106	146	281	63	47
gene-Y75_RS08940	NC_007779.1	1781331	1782095	+	765	25	41	26	24	24	17	19	57	13	20
gene-Y75_RS08945	NC_007779.1	1782115	1783053	+	939	59	63	34	26	48	39	55	77	19	34
gene-Y75_RS08950	NC_007779.1	1783109	1784398	+	1290	42	64	33	16	31	17	33	82	32	24
gene-Y75_RS08955	NC_007779.1	1784395	1784688	+	294	5	7	2	7	7	6	9	10	6	8
gene-Y75_RS08960	NC_007779.1	1784745	1786391	+	1647	101	123	59	70	89	63	116	260	72	60
gene-Y75_RS08965	NC_007779.1	1786448	1788826	-	2379	11789	9436	7450	6973	8194	6877	12743	23781	8147	8487
gene-Y75_RS08975	NC_007779.1	1789159	1789992	+	834	843	739	411	368	524	377	705	1811	397	399
gene-Y75_RS08980	NC_007779.1	1790149	1791195	+	1047	2438	1614	1763	1553	2136	1734	1972	5407	1455	1405
gene-Y75_RS08985	NC_007779.1	1791327	1791518	+	192	160	111	133	88	121	109	139	426	58	64
gene-Y75_RS08990	NC_007779.1	1791522	1792958	-	1437	1206	925	827	775	923	725	900	2494	624	629
gene-Y75_RS08995	NC_007779.1	1793021	1793734	-	714	524	638	234	226	265	248	583	624	204	184
gene-Y75_RS09000	NC_007779.1	1793981	1794445	-	465	1173	1031	762	739	929	863	1093	2561	889	760
gene-Y75_RS09005	NC_007779.1	1794523	1795272	-	750	362	343	250	220	304	247	339	1135	267	303
gene-Y75_RS09010	NC_007779.1	1795272	1795823	-	552	483	499	298	254	316	262	379	1641	371	358
gene-Y75_RS09015	NC_007779.1	1795886	1796866	-	981	368	328	296	208	377	294	376	1007	300	328
gene-Y75_RS09020	NC_007779.1	1796967	1797266	-	300	3690	2926	2794	2754	3155	2911	3598	11016	2757	2577
gene-Y75_RS09025	NC_007779.1	1797271	1799658	-	2388	9249	7554	10144	9343	12846	11315	12613	30837	8641	8738
gene-Y75_RS09030	NC_007779.1	1799673	1800656	-	984	3907	3099	4440	4056	5586	4925	5777	12218	3783	3746
gene-Y75_RS24920	NC_007779.1	1800940	1800984	-	45	150	134	133	109	146	108	133	292	80	78
gene-Y75_RS09040	NC_007779.1	1801107	1801463	-	357	18804	14102	21294	19987	22436	19629	22136	67001	14446	13451
gene-Y75_RS09045	NC_007779.1	1801516	1801713	-	198	16858	11986	16933	15429	21493	17828	22415	64044	13375	12594
gene-Y75_RS09050	NC_007779.1	1801810	1802352	-	543	36127	27970	33217	29746	37394	33597	42232	106135	26219	25724
gene-Y75_RS09055	NC_007779.1	1802356	1804284	-	1929	21359	17967	14710	13501	17946	15226	20003	52449	17843	17498
gene-Y75_RS09065	NC_007779.1	1806879	1806986	+	108	18	12	15	14	16	10	15	54	8	15
gene-Y75_RS09070	NC_007779.1	1807039	1807797	-	759	582	461	1311	1254	1790	1561	1511	2257	615	540
gene-Y75_RS09075	NC_007779.1	1808084	1809013	+	930	1875	2087	1161	974	1392	1191	1367	1340	1030	1029
gene-Y75_RS09080	NC_007779.1	1809114	1809404	+	291	220	398	107	95	144	131	193	458	106	125
gene-Y75_RS09085	NC_007779.1	1809510	1810370	+	861	452	582	228	216	288	235	327	935	245	257
gene-Y75_RS09090	NC_007779.1	1810411	1810947	-	537	674	743	513	431	574	439	714	1310	390	346
gene-Y75_RS09095	NC_007779.1	1811094	1811762	+	669	955	737	838	758	1044	844	1291	2018	683	686
gene-Y75_RS09100	NC_007779.1	1811925	1812515	+	591	63	44	60	50	70	39	58	140	79	82
gene-Y75_RS09105	NC_007779.1	1812648	1814039	+	1392	9506	5603	12669	11784	13899	11766	14221	32547	8242	8250
gene-Y75_RS09110	NC_007779.1	1814043	1814846	-	804	233	116	361	367	455	383	486	1034	310	301
gene-Y75_RS09115	NC_007779.1	1815135	1815398	-	264	92	69	78	100	141	113	112	245	104	87
gene-Y75_RS09120	NC_007779.1	1815581	1817842	+	2262	273	445	111	82	138	108	125	2784	497	476
gene-Y75_RS09125	NC_007779.1	1818100	1818849	-	750	199	259	135	133	144	118	188	409	74	61
gene-Y75_RS09130	NC_007779.1	1818862	1820214	-	1353	127	172	81	86	140	100	116	317	63	47
gene-Y75_RS09135	NC_007779.1	1820319	1821161	-	843	167	173	96	57	120	61	103	230	43	42
gene-Y75_RS09140	NC_007779.1	1821169	1821519	-	351	46	48	22	23	28	38	59	124	33	27
gene-Y75_RS09145	NC_007779.1	1821570	1822928	-	1359	79	136	96	69	114	75	133	196	60	51
gene-Y75_RS09150	NC_007779.1	1823013	1823333	-	321	193	165	136	120	132	72	173	285	149	97
gene-Y75_RS09155	NC_007779.1	1823632	1823970	-	339	1148	1310	452	384	417	422	642	3489	275	289
gene-Y75_RS09160	NC_007779.1	1824172	1824999	+	828	2756	3060	2057	1901	2484	2313	2877	5527	1503	1564
gene-Y75_RS09170	NC_007779.1	1825229	1826116	+	888	190	244	161	153	210	178	206	865	213	226
gene-Y75_RS09175	NC_007779.1	1826076	1826651	-	576	28	19	29	24	34	14	36	2922	30	22
gene-Y75_RS09180	NC_007779.1	1826854	1827339	-	486	220	241	182	137	175	196	306	461	231	195
gene-Y75_RS09185	NC_007779.1	1827669	1828637	-	969	39	42	16	20	18	15	20	61	34	21
gene-Y75_RS09190	NC_007779.1	1828630	1829973	-	1344	43	66	41	38	50	29	50	125	58	57
gene-Y75_RS09195	NC_007779.1	1829970	1831448	-	1479	80	81	51	39	55	56	51	152	39	61
gene-Y75_RS09200	NC_007779.1	1831445	1832479	-	1035	36	27	31	21	8	24	18	94	29	34
gene-Y75_RS09205	NC_007779.1	1832476	1833696	-	1221	76	73	52	41	53	30	45	142	41	55
gene-Y75_RS09210	NC_007779.1	1834142	1834948	+	807	1370	964	1192	1131	1471	1189	1383	3342	1279	1204
gene-Y75_RS09215	NC_007779.1	1835115	1835825	+	711	111	121	50	75	78	84	90	268	75	85
gene-Y75_RS09220	NC_007779.1	1835830	1836507	+	678	44	62	24	16	41	17	57	153	32	42
gene-Y75_RS09225	NC_007779.1	1836522	1837229	+	708	48	96	46	51	56	44	49	194	52	41
gene-Y75_RS09230	NC_007779.1	1837229	1837777	+	549	79	114	43	39	60	78	72	266	47	70
gene-Y75_RS09235	NC_007779.1	1837787	1838953	+	1167	257	322	170	116	207	137	207	589	175	176
gene-Y75_RS09240	NC_007779.1	1838926	1840461	+	1536	89	130	53	59	79	86	94	261	66	80
gene-Y75_RS09245	NC_007779.1	1840461	1841114	+	654	85	94	76	67	101	70	110	268	54	103
gene-Y75_RS09250	NC_007779.1	1841181	1842488	+	1308	244	275	162	154	212	162	211	567	338	342
gene-Y75_RS09255	NC_007779.1	1842497	1843117	-	621	124	127	101	78	99	88	110	346	88	110
gene-Y75_RS09260	NC_007779.1	1843204	1843611	+	408	146	160	131	148	165	140	204	965	135	121
gene-Y75_RS09265	NC_007779.1	1843577	1843849	-	273	59	57	44	41	55	43	39	1428	38	27
gene-Y75_RS09270	NC_007779.1	1844085	1845428	+	1344	10866	16524	7949	6982	9158	7851	6790	52881	15441	15205
gene-Y75_RS09275	NC_007779.1	1845545	1846585	-	1041	289	419	172	183	209	193	208	1100	478	485
gene-Y75_RS09280	NC_007779.1	1846713	1848674	-	1962	1790	1704	1104	1052	1522	1277	1748	4122	709	901
gene-Y75_RS09285	NC_007779.1	1848679	1849722	-	1044	2896	2782	1465	1344	1841	1621	2333	5694	1065	1145
gene-Y75_RS09295	NC_007779.1	1849839	1850390	-	552	1857	1982	850	756	925	962	1508	3454	647	721
gene-Y75_RS09305	NC_007779.1	1850551	1852407	+	1857	1438	1582	1250	1264	1551	1240	1522	3628	1297	1167
gene-Y75_RS09310	NC_007779.1	1852574	1853590	+	1017	1170	1122	1048	1002	1283	1090	1452	3413	850	914
gene-Y75_RS09315	NC_007779.1	1853601	1854242	+	642	675	611	526	480	633	557	727	1859	455	521
gene-Y75_RS09320	NC_007779.1	1854335	1855693	-	1359	78	106	66	50	77	63	119	198	69	59
gene-Y75_RS09325	NC_007779.1	1855810	1856568	-	759	340	302	311	296	322	283	359	698	228	235
gene-Y75_RS09330	NC_007779.1	1856705	1857685	-	981	78	122	64	69	72	53	110	202	42	49
gene-Y75_RS09335	NC_007779.1	1857695	1858642	-	948	26	33	33	19	22	23	25	86	21	19
gene-Y75_RS09340	NC_007779.1	1858647	1859483	-	837	42	48	19	21	21	18	28	66	12	18
gene-Y75_RS09345	NC_007779.1	1859504	1860547	-	1044	15	36	20	15	32	24	28	61	27	8
gene-Y75_RS09350	NC_007779.1	1860564	1861943	-	1380	18	23	11	19	16	10	18	32	21	16
gene-Y75_RS09355	NC_007779.1	1861970	1863046	-	1077	47	53	26	50	52	39	31	85	38	34
gene-Y75_RS09360	NC_007779.1	1863416	1863688	-	273	1892	1225	1139	1189	1303	1230	1678	3601	782	745
gene-Y75_RS09365	NC_007779.1	1863730	1864143	-	414	2281	1765	1615	1530	1842	1589	2220	4572	977	952
gene-Y75_RS09370	NC_007779.1	1864485	1865480	+	996	71780	56165	53361	48003	63236	56909	68066	200064	61550	58285
gene-Y75_RS09375	NC_007779.1	1865564	1866448	+	885	1436	641	2057	1955	2638	2286	3315	3066	918	943
gene-Y75_RS09380	NC_007779.1	1866496	1867350	-	855	305	387	309	265	334	333	341	772	228	270
gene-Y75_RS09385	NC_007779.1	1867440	1868186	-	747	6579	4523	4692	4308	5256	4750	6386	14732	4712	4244
gene-Y75_RS09390	NC_007779.1	1868622	1870556	+	1935	515	322	225	249	248	209	316	2668	73	76
gene-Y75_RS09395	NC_007779.1	1870669	1871952	+	1284	141	115	76	58	67	53	78	570	52	33
gene-Y75_RS09400	NC_007779.1	1872099	1873574	+	1476	19	30	10	4	10	11	4	39	10	14
gene-Y75_RS09405	NC_007779.1	1873755	1875245	+	1491	382	461	130	179	169	178	250	540	142	146
gene-Y75_RS09410	NC_007779.1	1875288	1875791	+	504	611	674	285	253	358	279	472	1254	402	361
gene-Y75_RS09415	NC_007779.1	1875792	1875896	-	105	60	64	19	23	50	29	42	116	49	37
gene-Y75_RS09420	NC_007779.1	1876066	1876512	+	447	107	112	92	89	105	107	155	245	101	92
gene-Y75_RS09425	NC_007779.1	1876469	1877290	-	822	128	107	118	112	100	105	161	341	59	68
gene-Y75_RS09430	NC_007779.1	1877387	1878568	+	1182	140	106	108	84	84	128	140	363	78	96
gene-Y75_RS09435	NC_007779.1	1878623	1878970	+	348	340	321	125	105	128	149	170	668	98	169
gene-Y75_RS09440	NC_007779.1	1878992	1879246	-	255	182	202	120	116	154	126	194	480	184	138
gene-Y75_RS09445	NC_007779.1	1879429	1880454	+	1026	1394	1524	1060	930	1180	970	1242	3165	1132	1047
gene-Y75_RS09450	NC_007779.1	1880487	1880585	+	99	23	6	7	17	12	19	32	197	20	16
gene-Y75_RS23740	NC_007779.1	1880588	1880662	+	75	2	0	0	0	0	0	8	48	2	0
gene-Y75_RS09455	NC_007779.1	1880721	1880969	-	249	390	507	190	190	197	216	270	2720	284	355
gene-Y75_RS09460	NC_007779.1	1881117	1881299	-	183	8	16	7	7	6	5	9	15	8	8
gene-Y75_RS09465	NC_007779.1	1881303	1881662	-	360	19	29	8	11	4	7	5	16	5	7
gene-Y75_RS09470	NC_007779.1	1881835	1882473	-	639	108	138	88	87	72	56	97	157	39	49
gene-Y75_RS09475	NC_007779.1	1882600	1883523	-	924	305	315	282	264	371	284	331	749	123	145
gene-Y75_RS09480	NC_007779.1	1883626	1884711	+	1086	153	158	123	109	121	122	149	327	69	74
gene-Y75_RS09490	NC_007779.1	1886379	1887503	+	1125	22	41	29	31	38	30	34	60	13	25
gene-Y75_RS09495	NC_007779.1	1887559	1888524	+	966	74	88	42	50	51	59	69	190	20	44
gene-Y75_RS09500	NC_007779.1	1888578	1889693	-	1116	632	569	906	703	916	937	961	1714	320	340
gene-Y75_RS09505	NC_007779.1	1889775	1891460	-	1686	889	752	2161	1895	2447	1935	2244	1721	621	701
gene-Y75_RS09510	NC_007779.1	1891665	1892246	-	582	552	450	819	751	876	795	840	1477	630	622
gene-Y75_RS09515	NC_007779.1	1892286	1892981	-	696	809	634	1112	1040	1283	1168	1201	2313	716	744
gene-Y75_RS09520	NC_007779.1	1893039	1894949	-	1911	612	548	439	392	466	411	489	1260	540	618
gene-Y75_RS09525	NC_007779.1	1895081	1895425	+	345	2156	1505	1101	1044	1226	1116	1822	4534	1198	1141
gene-Y75_RS09530	NC_007779.1	1895847	1896146	+	300	216	427	125	130	158	177	241	580	209	174
gene-Y75_RS09535	NC_007779.1	1896266	1896445	-	180	382	347	187	192	222	181	294	788	215	215
gene-Y75_RS09540	NC_007779.1	1896519	1897880	+	1362	746	679	565	592	721	726	757	1772	571	541
gene-Y75_RS09545	NC_007779.1	1897884	1898462	+	579	278	265	168	183	231	212	229	690	142	141
gene-Y75_RS09550	NC_007779.1	1898646	1900010	+	1365	403	421	339	333	386	363	453	1022	827	754
gene-Y75_RS09555	NC_007779.1	1900141	1901739	+	1599	71	134	76	56	68	50	120	290	69	79
gene-Y75_RS09560	NC_007779.1	1901743	1903299	-	1557	928	865	662	600	709	617	845	2278	591	516
gene-Y75_RS25520	NC_007779.1	1903287	1903445	-	159	162	93	104	83	110	85	114	286	122	107
gene-Y75_RS09570	NC_007779.1	1903762	1904733	+	972	4369	3168	2148	2251	3041	2866	4614	17852	6271	6081
gene-Y75_RS09575	NC_007779.1	1904796	1905596	+	801	2654	2179	1776	1648	2187	1960	3050	13922	4348	4049
gene-Y75_RS09580	NC_007779.1	1905609	1906460	+	852	2850	2224	1973	1758	2000	2140	3059	13768	4405	4385
gene-Y75_RS09585	NC_007779.1	1906515	1906973	+	459	174	97	176	151	227	234	296	704	201	218
gene-Y75_RS09595	NC_007779.1	1907402	1907968	+	567	35	25	43	37	39	21	51	103	94	79
gene-Y75_RS09600	NC_007779.1	1907965	1908774	-	810	458	415	407	380	483	372	507	1233	451	427
gene-Y75_RS09605	NC_007779.1	1908940	1909149	-	210	7590	5432	6782	5798	6690	5903	7129	16050	7011	6676
gene-Y75_RS09610	NC_007779.1	1909162	1909305	-	144	6085	4548	5299	4664	5403	4554	5226	16974	7116	5555
gene-Y75_RS09620	NC_007779.1	1909975	1910262	-	288	758	602	720	596	687	613	717	1462	370	419
gene-Y75_RS09625	NC_007779.1	1910337	1910480	-	144	226	225	192	192	191	185	226	720	117	109
gene-Y75_RS09630	NC_007779.1	1910639	1910878	+	240	450	348	362	244	274	280	276	829	336	331
gene-Y75_RS09635	NC_007779.1	1911022	1911813	-	792	1587	1241	1265	1127	1496	1385	1727	3952	1103	1074
gene-Y75_RS09640	NC_007779.1	1911990	1913363	+	1374	78	57	78	94	128	111	139	146	56	49
gene-Y75_RS09645	NC_007779.1	1913409	1914290	-	882	4145	3833	4359	4312	5072	4412	5361	11131	4151	4009
gene-Y75_RS09650	NC_007779.1	1914482	1916530	-	2049	5771	5813	4175	3977	4991	4789	5145	15769	4654	4519
gene-Y75_RS09655	NC_007779.1	1916550	1917248	-	699	6090	4958	4895	4738	6176	5684	6318	17964	6239	6108
gene-Y75_RS09660	NC_007779.1	1917345	1917842	-	498	3174	3390	2675	2365	3252	2879	3513	8491	1996	1972
gene-Y75_RS09665	NC_007779.1	1917972	1919255	+	1284	293	343	253	243	217	209	265	816	242	244
gene-Y75_RS09670	NC_007779.1	1919224	1921857	+	2634	757	762	548	519	661	552	696	2084	533	538
gene-Y75_RS09675	NC_007779.1	1921937	1923376	+	1440	490	445	396	425	477	456	469	1401	650	719
gene-Y75_RS09680	NC_007779.1	1923494	1923730	+	237	107	184	50	48	60	60	90	748	66	107
gene-Y75_RS09685	NC_007779.1	1923835	1924026	+	192	129	122	92	82	92	100	128	383	81	74
gene-Y75_RS09690	NC_007779.1	1924027	1924683	-	657	121	108	72	72	61	68	113	272	65	59
gene-Y75_RS09700	NC_007779.1	1925079	1925420	-	342	742	601	615	482	680	617	862	2074	774	634
gene-Y75_RS09705	NC_007779.1	1925433	1926305	-	873	660	637	506	475	602	491	744	2147	481	516
gene-Y75_RS09710	NC_007779.1	1926309	1926683	-	375	835	799	641	479	716	619	977	1962	473	347
gene-Y75_RS09715	NC_007779.1	1926822	1927052	+	231	949	779	524	468	683	643	700	1752	554	609
gene-Y75_RS09720	NC_007779.1	1927154	1927810	+	657	496	480	260	273	323	237	436	969	561	474
gene-Y75_RS09725	NC_007779.1	1927834	1928496	+	663	580	800	397	366	438	352	481	1260	432	409
gene-Y75_RS09730	NC_007779.1	1928493	1930553	-	2061	439	484	287	271	301	369	357	1210	269	342
gene-Y75_RS09735	NC_007779.1	1930762	1931421	-	660	285	278	222	151	196	233	245	442	549	515
gene-Y75_RS09745	NC_007779.1	1931748	1932104	-	357	352	318	327	293	376	289	390	2439	439	423
gene-Y75_RS09750	NC_007779.1	1932171	1932461	-	291	414	292	383	343	424	338	429	852	377	395
gene-Y75_RS09755	NC_007779.1	1932595	1933773	+	1179	3072	1352	3296	3110	3562	3155	3463	6144	2883	2759
gene-Y75_RS09760	NC_007779.1	1933829	1934470	-	642	2135	1635	1788	1712	2050	1987	2191	5061	1146	1182
gene-Y75_RS09765	NC_007779.1	1934507	1936318	-	1812	1189	887	1013	923	1415	1198	1295	3151	926	995
gene-Y75_RS09770	NC_007779.1	1936553	1938028	-	1476	5617	5992	4490	4091	5505	5001	6009	14474	5117	5177
gene-Y75_RS09780	NC_007779.1	1938366	1939235	+	870	775	654	617	560	846	691	760	1770	616	619
gene-Y75_RS09785	NC_007779.1	1939363	1940805	+	1443	4949	4441	2992	2705	3640	3185	3488	11006	3392	3362
gene-Y75_RS09790	NC_007779.1	1940936	1941907	-	972	1034	958	1008	896	1119	998	1207	2385	879	772
gene-Y75_RS09795	NC_007779.1	1942027	1943349	-	1323	835	875	895	878	942	864	1000	2176	1066	1085
gene-Y75_RS09800	NC_007779.1	1943365	1944297	-	933	838	510	970	787	957	1011	987	2753	942	874
gene-Y75_RS09805	NC_007779.1	1944376	1945131	+	756	561	547	382	384	391	470	570	1163	312	300
gene-Y75_RS09810	NC_007779.1	1945128	1945913	+	786	265	276	228	209	191	195	232	581	198	227
gene-Y75_RS09815	NC_007779.1	1946060	1947070	-	1011	840	922	650	526	715	663	871	1712	582	605
gene-Y75_RS09820	NC_007779.1	1947079	1947690	-	612	578	577	390	401	491	423	532	1094	392	410
gene-Y75_RS23755	NC_007779.1	1947829	1947894	-	66	0	1	2	1	2	2	0	2	0	0
gene-Y75_RS09825	NC_007779.1	1947965	1948567	+	603	24	33	20	15	25	25	18	51	15	22
gene-Y75_RS09830	NC_007779.1	1948569	1949090	-	522	1224	1067	1270	1239	1553	1387	1738	3287	742	740
gene-Y75_RS09835	NC_007779.1	1949125	1949865	-	741	3269	2635	3092	2858	3694	3386	4229	8568	2183	2114
gene-Y75_RS09840	NC_007779.1	1949894	1950346	-	453	1533	1387	1371	1315	1894	1582	2141	3921	1041	1111
gene-Y75_RS09845	NC_007779.1	1950464	1952236	-	1773	6028	5924	6410	5971	7687	6995	7873	15600	4534	4634
gene-Y75_RS09850	NC_007779.1	1952546	1953112	+	567	426	462	429	349	426	317	549	1011	433	432
gene-Y75_RS09855	NC_007779.1	1953109	1953927	+	819	219	250	238	232	289	217	298	630	225	190
gene-Y75_RS09860	NC_007779.1	1953980	1954375	+	396	674	638	549	554	543	524	738	1573	517	454
gene-Y75_RS09865	NC_007779.1	1954416	1955159	+	744	776	631	688	594	834	744	924	1854	594	584
gene-Y75_RS09870	NC_007779.1	1955156	1956127	+	972	763	589	619	620	792	753	848	1764	704	684
gene-Y75_RS09875	NC_007779.1	1956292	1958721	-	2430	144	284	143	147	204	177	218	444	174	178
gene-Y75_RS09880	NC_007779.1	1958746	1959846	-	1101	22	16	17	8	22	16	31	56	18	14
gene-Y75_RS09885	NC_007779.1	1960234	1960980	-	747	698	896	362	390	436	371	515	1542	960	986
gene-Y75_RS09890	NC_007779.1	1960994	1961560	-	567	550	558	367	362	427	376	478	1410	456	461
gene-Y75_RS09895	NC_007779.1	1961776	1963509	+	1734	3876	3130	3906	3765	5050	4479	5142	9386	3225	3293
gene-Y75_RS25275	NC_007779.1	1963551	1963595	-	45	2	5	9	11	12	12	12	50	4	1
gene-Y75_RS09900	NC_007779.1	1963686	1964174	+	489	68	64	121	75	131	98	181	522	207	163
gene-Y75_RS09905	NC_007779.1	1964294	1964686	-	393	10	20	18	20	12	28	13	872	292	276
gene-Y75_RS09910	NC_007779.1	1964686	1966764	-	2079	86	130	57	71	107	64	64	4848	1791	1754
gene-Y75_RS09915	NC_007779.1	1966757	1967905	-	1149	16	13	18	6	18	14	19	3471	691	691
gene-Y75_RS09920	NC_007779.1	1968107	1968751	-	645	54	72	42	50	40	43	66	9187	34	58
gene-Y75_RS09925	NC_007779.1	1968762	1969151	-	390	31	32	34	28	29	23	24	8073	26	25
gene-Y75_RS09930	NC_007779.1	1969166	1970215	-	1050	10	8	6	26	16	7	24	6336	8	8
gene-Y75_RS09935	NC_007779.1	1970218	1971078	-	861	21	23	15	21	5	18	26	5680	4	18
gene-Y75_RS09940	NC_007779.1	1971097	1972698	-	1602	22	29	12	12	11	29	32	23155	32	26
gene-Y75_RS09945	NC_007779.1	1972744	1974405	-	1662	28	51	34	16	46	18	34	40433	28	24
gene-Y75_RS09950	NC_007779.1	1974550	1975053	-	504	40	51	35	38	30	18	32	20861	39	48
gene-Y75_RS09955	NC_007779.1	1975074	1977038	-	1965	87	62	50	81	97	58	58	41831	54	45
gene-Y75_RS09960	NC_007779.1	1977043	1977969	-	927	24	35	23	22	31	23	19	10418	27	10
gene-Y75_RS09965	NC_007779.1	1977966	1978853	-	888	24	18	10	12	12	16	26	12653	8	14
gene-Y75_RS09970	NC_007779.1	1978980	1979558	-	579	76	71	43	43	72	31	66	5054	482	459
gene-Y75_RS09975	NC_007779.1	1979561	1979911	-	351	32	63	29	30	34	27	49	2633	485	457
gene-Y75_RS09980	NC_007779.1	1980355	1981335	-	981	7	17	7	9	4	4	4	0	0	0
gene-Y75_RS09985	NC_007779.1	1981890	1982318	+	429	102	160	67	38	45	48	99	365	123	130
gene-Y75_RS09990	NC_007779.1	1982325	1983749	-	1425	223	261	151	139	179	129	196	1772	291	276
gene-Y75_RS09995	NC_007779.1	1983724	1984524	-	801	62	64	24	31	37	38	39	527	90	93
gene-Y75_RS10000	NC_007779.1	1984691	1985677	-	987	211	248	104	128	131	140	184	415	116	123
gene-Y75_RS10005	NC_007779.1	1985692	1987206	-	1515	195	223	109	104	133	109	149	446	110	146
gene-Y75_RS10010	NC_007779.1	1987276	1988265	-	990	30	31	30	34	44	18	56	172	22	28
gene-Y75_RS10015	NC_007779.1	1989062	1989565	+	504	1076	1409	346	293	316	296	973	1038	488	506
gene-Y75_RS10020	NC_007779.1	1989644	1989895	-	252	863	591	765	645	802	807	885	2165	943	988
gene-Y75_RS23775	NC_007779.1	1990010	1990096	-	87	690	371	209	187	236	206	226	866	165	152
gene-Y75_RS10030	NC_007779.1	1990359	1990682	+	324	18	42	11	16	12	25	32	2090	815	839
gene-Y75_RS10035	NC_007779.1	1990853	1991350	+	498	1679	1173	983	812	1068	877	1537	3822	1934	1860
gene-Y75_RS10040	NC_007779.1	1991388	1991627	-	240	41	47	20	21	42	22	50	159	81	75
gene-Y75_RS10045	NC_007779.1	1991818	1993029	+	1212	410	330	374	337	362	353	441	1111	413	439
gene-Y75_RS10050	NC_007779.1	1993091	1993756	-	666	895	1120	681	645	862	694	1179	1518	290	382
gene-Y75_RS10055	NC_007779.1	1993952	1994038	-	87	1407	500	1229	1146	1313	1245	1432	5851	603	752
gene-Y75_RS10060	NC_007779.1	1994051	1994124	-	74	77	12	41	38	44	47	55	2422	45	70
gene-Y75_RS10065	NC_007779.1	1994179	1994254	-	76	1925	1054	1594	1459	1624	1382	1754	6946	1844	1498
gene-Y75_RS10070	NC_007779.1	1994406	1994954	-	549	878	786	730	658	817	706	815	1895	726	671
gene-Y75_RS10075	NC_007779.1	1995011	1996843	-	1833	1918	1955	895	761	1033	957	1210	3629	406	413
gene-Y75_RS10080	NC_007779.1	1996840	1997496	-	657	2285	2226	1482	1238	1820	1508	2141	3777	83	100
gene-Y75_RS24925	NC_007779.1	1997792	1997968	+	177	5	3	1	4	5	5	5	4	0	0
gene-Y75_RS10090	NC_007779.1	1997955	1998179	+	225	194	157	156	143	159	148	203	518	0	0
gene-Y75_RS10095	NC_007779.1	1998247	1998969	-	723	336	654	325	283	339	291	492	631	0	0
gene-Y75_RS10100	NC_007779.1	1999199	1999951	-	753	653	529	932	851	1169	925	1151	2415	0	0
gene-Y75_RS10105	NC_007779.1	1999948	2000616	-	669	488	378	821	745	906	744	855	1771	0	0
gene-Y75_RS10110	NC_007779.1	2000631	2001617	-	987	1410	988	1864	1679	2218	2001	2474	4832	0	0
gene-Y75_RS10115	NC_007779.1	2001722	2002522	-	801	5443	4034	4275	4018	5430	4827	6226	18396	0	0
gene-Y75_RS10120	NC_007779.1	2002610	2003161	-	552	58	45	36	47	43	39	71	9497	0	0
gene-Y75_RS10125	NC_007779.1	2003207	2003926	-	720	16	20	8	23	19	25	38	20624	0	0
gene-Y75_RS10130	NC_007779.1	2004247	2005743	-	1497	563	886	482	389	482	430	627	690550	0	0
gene-Y75_RS10135	NC_007779.1	2006009	2007415	+	1407	52	64	28	32	42	31	59	29238	0	0
gene-Y75_RS10140	NC_007779.1	2007440	2007850	+	411	22	32	12	10	14	15	16	7072	0	0
gene-Y75_RS10145	NC_007779.1	2007850	2008215	+	366	14	16	14	16	9	10	22	4060	0	0
gene-Y75_RS10150	NC_007779.1	2008293	2009780	+	1488	151	299	131	99	136	152	170	3591	0	0
gene-Y75_RS10155	NC_007779.1	2009814	2010227	-	414	1252	1101	884	785	1015	883	1130	2776	0	0
gene-Y75_RS10160	NC_007779.1	2010414	2011619	+	1206	1875	943	1636	1585	2168	1838	1857	4720	0	0
gene-Y75_RS10165	NC_007779.1	2011616	2011849	+	234	340	142	327	258	345	302	261	828	0	0
gene-Y75_RS10170	NC_007779.1	2011958	2012626	+	669	30	58	40	48	37	16	39	123	0	0
gene-Y75_RS10175	NC_007779.1	2012737	2013216	+	480	279	106	55	45	77	56	104	179	0	0
gene-Y75_RS10195	NC_007779.1	2014837	2015151	-	315	10	23	6	7	10	12	15	4294	0	0
gene-Y75_RS10200	NC_007779.1	2015366	2017024	+	1659	10	28	18	18	12	18	12	14886	0	0
gene-Y75_RS10205	NC_007779.1	2017017	2018012	+	996	18	23	22	11	29	18	27	9097	2	0
gene-Y75_RS10210	NC_007779.1	2018005	2018691	+	687	12	11	6	0	6	9	14	5366	0	0
gene-Y75_RS10215	NC_007779.1	2018691	2020064	+	1374	13	9	5	6	18	4	11	5976	0	0
gene-Y75_RS10220	NC_007779.1	2020083	2020526	+	444	3	5	4	0	8	5	11	2030	0	0
gene-Y75_RS10225	NC_007779.1	2020523	2021650	+	1128	33	36	36	22	34	37	42	5095	0	0
gene-Y75_RS10230	NC_007779.1	2021755	2022219	+	465	24	43	9	4	18	10	21	8552	0	0
gene-Y75_RS10235	NC_007779.1	2022224	2023228	+	1005	31	39	18	28	24	17	38	10512	0	0
gene-Y75_RS10240	NC_007779.1	2023225	2023638	+	414	7	3	3	2	0	6	3	3874	0	0
gene-Y75_RS10245	NC_007779.1	2023641	2024006	+	366	4	4	4	1	4	8	2	1545	0	0
gene-Y75_RS10250	NC_007779.1	2024006	2024743	+	738	15	10	14	5	11	21	18	2312	0	0
gene-Y75_RS10255	NC_007779.1	2024753	2025022	+	270	5	13	4	7	12	6	8	700	0	0
gene-Y75_RS10260	NC_007779.1	2025030	2025815	+	786	50	42	16	25	43	37	53	971	0	0
gene-Y75_RS10265	NC_007779.1	2026105	2026728	+	624	109	245	56	70	75	68	103	721	0	0
gene-Y75_RS10270	NC_007779.1	2026772	2026960	-	189	282	176	171	151	250	192	236	638	0	0
gene-Y75_RS10275	NC_007779.1	2027123	2027350	+	228	46	72	166	128	210	137	225	317	0	0
gene-Y75_RS10280	NC_007779.1	2027648	2028463	+	816	91	88	44	49	74	58	91	362	0	0
gene-Y75_RS10285	NC_007779.1	2028460	2030154	-	1695	442	456	300	261	274	282	400	995	0	0
gene-Y75_RS10290	NC_007779.1	2030325	2030507	-	183	45	75	25	33	31	40	59	124	0	0
gene-Y75_RS10295	NC_007779.1	2030586	2031503	-	918	282	249	158	154	188	194	242	613	0	0
gene-Y75_RS10300	NC_007779.1	2031676	2032596	+	921	36	43	46	32	50	41	49	78	0	0
gene-Y75_RS10305	NC_007779.1	2032585	2033055	-	471	105	81	63	71	75	77	103	226	0	0
gene-Y75_RS10310	NC_007779.1	2033036	2034454	-	1419	1108	934	776	770	926	862	1039	2278	0	0
gene-Y75_RS10315	NC_007779.1	2034521	2035216	-	696	464	596	203	217	300	248	334	912	0	0
gene-Y75_RS10320	NC_007779.1	2035256	2035537	-	282	213	305	107	85	124	114	149	405	0	0
gene-Y75_RS10335	NC_007779.1	2037972	2038823	+	852	961	1204	259	201	248	217	373	1710	8	23
gene-Y75_RS10340	NC_007779.1	2038931	2040289	-	1359	676	934	355	291	355	382	529	1118	189	211
gene-Y75_RS10345	NC_007779.1	2040289	2040960	-	672	717	812	467	363	458	456	763	1048	205	178
gene-Y75_RS10350	NC_007779.1	2041093	2041506	+	414	117	234	62	64	60	110	136	146	103	71
gene-Y75_RS10355	NC_007779.1	2041615	2042619	+	1005	158	201	109	112	120	158	195	456	58	47
gene-Y75_RS10360	NC_007779.1	2042620	2043255	+	636	97	89	82	62	112	65	108	198	56	50
gene-Y75_RS10365	NC_007779.1	2043512	2044162	+	651	74	62	98	99	109	161	162	229	171	170
gene-Y75_RS10370	NC_007779.1	2044505	2045035	+	531	67	110	50	53	62	43	86	136	79	50
gene-Y75_RS10380	NC_007779.1	2045605	2045694	-	90	434	269	270	244	301	337	314	716	361	435
gene-Y75_RS10385	NC_007779.1	2045788	2046585	+	798	1546	1331	1060	964	1308	1079	1493	2456	609	559
gene-Y75_RS10390	NC_007779.1	2046686	2046761	+	76	290	109	340	361	316	271	287	637	357	359
gene-Y75_RS10395	NC_007779.1	2047075	2054151	+	7077	727	800	582	409	654	544	692	1433	414	399
gene-Y75_RS10405	NC_007779.1	2055780	2057096	+	1317	1084	1350	787	634	915	811	917	2311	559	613
gene-Y75_RS10410	NC_007779.1	2057198	2058652	+	1455	3107	2888	1139	998	1507	1217	1862	5568	1436	1391
gene-Y75_RS10415	NC_007779.1	2058995	2059711	+	717	2721	1970	2444	2199	2860	2462	3938	5589	1772	1562
gene-Y75_RS10420	NC_007779.1	2060164	2060239	-	76	158	47	164	100	184	134	174	301	166	220
gene-Y75_RS10425	NC_007779.1	2060340	2061827	-	1488	128	163	137	126	139	137	154	298	82	80
gene-Y75_RS10430	NC_007779.1	2061988	2062063	+	76	30	8	23	31	30	37	24	172	18	18
gene-Y75_RS10435	NC_007779.1	2062101	2063051	-	951	529	352	567	606	626	600	663	1960	696	639
gene-Y75_RS10440	NC_007779.1	2063153	2064070	-	918	209	147	70	97	99	73	113	193	213	167
gene-Y75_RS10445	NC_007779.1	2064397	2064472	+	76	15	8	25	13	32	28	33	28	14	18
gene-Y75_RS10450	NC_007779.1	2064528	2065463	-	936	419	433	330	294	378	338	408	1009	202	187
gene-Y75_RS10455	NC_007779.1	2065525	2066604	-	1080	314	350	225	227	231	204	296	584	88	121
gene-Y75_RS10460	NC_007779.1	2066616	2067359	-	744	104	120	85	73	73	104	82	198	23	30
gene-Y75_RS10465	NC_007779.1	2067356	2067901	-	546	237	249	193	146	184	198	189	532	77	108
gene-Y75_RS10470	NC_007779.1	2068442	2069422	-	981	154	190	98	81	113	99	91	75	0	0
gene-Y75_RS24935	NC_007779.1	2069565	2069729	-	165	125	224	94	92	136	116	177	163	23	17
gene-Y75_RS10480	NC_007779.1	2071089	2072317	-	1229	34	44	34	41	25	27	56	49	9	7
gene-Y75_RS10500	NC_007779.1	2073676	2076795	+	3120	419	460	14554	14476	523	465	513	3777	19586	20374
gene-Y75_RS10505	NC_007779.1	2076916	2078448	+	1533	92	130	812	834	155	131	141	346	1142	1114
gene-Y75_RS10510	NC_007779.1	2078445	2078891	+	447	31	32	90	74	34	24	33	86	19	19
gene-Y75_RS10515	NC_007779.1	2078954	2079175	+	222	14	31	15	6	18	18	19	35	2	0
gene-Y75_RS10520	NC_007779.1	2079249	2079617	+	369	22	33	16	23	30	18	22	33	3	2
gene-Y75_RS10525	NC_007779.1	2079706	2080080	+	375	14	12	12	12	15	26	22	63	17	23
gene-Y75_RS10530	NC_007779.1	2080077	2080271	+	195	76	68	44	50	50	60	76	114	11	25
gene-Y75_RS10540	NC_007779.1	2080886	2081068	+	183	49	54	21	36	51	31	54	72	35	17
gene-Y75_RS10545	NC_007779.1	2081169	2081498	-	330	6236	5514	3201	2840	3871	3523	5122	11848	3342	3552
gene-Y75_RS10550	NC_007779.1	2081670	2082728	-	1059	379	467	170	188	253	159	296	749	316	282
gene-Y75_RS10555	NC_007779.1	2082926	2083399	-	474	240	269	124	87	131	103	167	370	138	141
gene-Y75_RS10560	NC_007779.1	2083518	2084684	-	1167	158	204	107	101	113	102	125	278	131	143
gene-Y75_RS10565	NC_007779.1	2084893	2086320	+	1428	791	843	578	490	695	573	862	2100	625	560
gene-Y75_RS10570	NC_007779.1	2086363	2086590	-	228	383	374	452	448	480	420	427	1869	280	255
gene-Y75_RS10575	NC_007779.1	2086604	2087662	-	1059	807	997	962	1009	1415	1113	1061	3999	623	574
gene-Y75_RS10580	NC_007779.1	2087841	2089199	-	1359	3610	1558	7783	7082	8589	7491	8215	13244	5299	4970
gene-Y75_RS24945	NC_007779.1	2089189	2089251	-	63	670	350	1244	1175	1602	1424	1541	648	1031	920
gene-Y75_RS10585	NC_007779.1	2089466	2090395	-	930	148	246	116	86	159	86	126	303	148	175
gene-Y75_RS10590	NC_007779.1	2090441	2091265	-	825	1626	1775	872	799	1139	991	1379	3168	1040	1171
gene-Y75_RS10595	NC_007779.1	2091348	2091602	-	255	202	239	148	133	171	202	227	671	0	0
gene-Y75_RS10600	NC_007779.1	2091599	2091850	-	252	358	308	311	282	433	329	416	874	0	0
gene-Y75_RS23860	NC_007779.1	2092133	2092183	+	51	543	514	610	574	681	652	862	1163	357	405
gene-Y75_RS10605	NC_007779.1	2092329	2093228	+	900	2456	1783	2144	1939	2954	2728	3401	5951	4009	4089
gene-Y75_RS10610	NC_007779.1	2093234	2094538	+	1305	3087	2468	2599	2627	3647	3280	3873	7910	4216	4827
gene-Y75_RS10615	NC_007779.1	2094535	2095605	+	1071	2475	2000	2183	2085	2929	2467	3279	6433	3637	3529
gene-Y75_RS10620	NC_007779.1	2095605	2096672	+	1068	3262	2692	2772	2644	3723	3505	4193	7928	3780	3832
gene-Y75_RS10625	NC_007779.1	2096672	2097262	+	591	1175	1029	1037	1081	1403	1253	1525	3226	1515	1683
gene-Y75_RS10630	NC_007779.1	2097262	2097999	+	738	1601	1396	1283	1302	1825	1592	2094	4362	2432	2563
gene-Y75_RS10635	NC_007779.1	2097981	2098757	+	777	1602	1527	1445	1415	1841	1655	1952	4273	2742	2748
gene-Y75_RS10640	NC_007779.1	2098751	2099362	+	612	1991	1594	1619	1595	2396	2103	2797	5019	2888	2941
gene-Y75_RS10645	NC_007779.1	2099458	2100438	-	981	6302	4842	5083	4704	6196	5311	6931	16620	3774	3473
gene-Y75_RS10650	NC_007779.1	2100584	2101750	-	1167	532	449	562	519	761	653	979	1023	97	102
gene-Y75_RS10655	NC_007779.1	2101999	2103405	-	1407	23207	19798	15202	14026	17777	16112	20032	40205	8605	8210
gene-Y75_RS10660	NC_007779.1	2104032	2105012	-	981	360	307	219	176	221	240	310	498	0	0
gene-Y75_RS10670	NC_007779.1	2105528	2106646	-	1119	2281	1480	959	885	1423	1378	1935	5127	0	0
gene-Y75_RS10675	NC_007779.1	2106631	2107221	-	591	948	758	510	532	653	526	840	2898	0	0
gene-Y75_RS10680	NC_007779.1	2107202	2108194	-	993	2766	1800	1512	1544	1924	1835	2752	7656	0	0
gene-Y75_RS10685	NC_007779.1	2108197	2109363	-	1167	988	756	455	574	635	620	859	2747	0	0
gene-Y75_RS10690	NC_007779.1	2109363	2110466	-	1104	3315	2461	1619	1488	2136	1953	3030	7771	0	0
gene-Y75_RS10695	NC_007779.1	2110474	2111721	-	1248	1721	1390	1086	1064	1298	1179	1628	5290	0	0
gene-Y75_RS10700	NC_007779.1	2111718	2112275	-	558	1135	938	671	581	815	724	1087	2967	0	0
gene-Y75_RS10705	NC_007779.1	2112275	2113156	-	882	2686	2257	1773	1688	2154	1919	2726	6791	34	23
gene-Y75_RS10710	NC_007779.1	2113214	2114113	-	900	2501	2078	1911	1734	2366	2099	2943	6793	1046	971
gene-Y75_RS10715	NC_007779.1	2114113	2115198	-	1086	4129	3442	3410	3092	3953	3579	5405	9849	2105	2052
gene-Y75_RS10720	NC_007779.1	2115571	2116464	-	894	7763	5762	5788	5047	6023	5473	6512	16407	2198	2253
gene-Y75_RS10725	NC_007779.1	2116639	2118033	-	1395	226	216	145	127	182	137	203	419	34	31
gene-Y75_RS10730	NC_007779.1	2118044	2119264	-	1221	64	76	53	43	43	48	77	133	23	18
gene-Y75_RS10735	NC_007779.1	2119261	2120541	-	1281	48	68	39	25	58	44	61	121	39	55
gene-Y75_RS10740	NC_007779.1	2120817	2122295	-	1479	39	25	15	18	27	19	27	81	9	15
gene-Y75_RS10745	NC_007779.1	2122297	2123691	-	1395	27	35	22	16	26	20	28	72	10	20
gene-Y75_RS10750	NC_007779.1	2123746	2125116	-	1371	37	47	37	49	65	51	63	104	614	561
gene-Y75_RS10755	NC_007779.1	2125221	2126657	-	1437	42	53	42	44	43	28	40	108	20	10
gene-Y75_RS10760	NC_007779.1	2126660	2127883	-	1224	20	25	10	19	16	14	33	50	18	10
gene-Y75_RS10765	NC_007779.1	2127880	2128359	-	480	19	11	12	10	15	22	15	42	4	8
gene-Y75_RS10770	NC_007779.1	2128362	2129327	-	966	24	40	19	11	15	30	28	66	36	10
gene-Y75_RS10775	NC_007779.1	2129330	2130451	-	1122	52	73	30	42	50	32	39	124	32	22
gene-Y75_RS10780	NC_007779.1	2130477	2131025	-	549	4	18	8	8	3	4	9	21	12	4
gene-Y75_RS10785	NC_007779.1	2131041	2131787	-	747	12	6	3	0	1	2	2	17	2	7
gene-Y75_RS10790	NC_007779.1	2131798	2133015	-	1218	10	6	10	6	2	2	8	27	5	10
gene-Y75_RS10795	NC_007779.1	2132990	2134207	-	1218	6	11	16	10	26	11	8	75	19	19
gene-Y75_RS10800	NC_007779.1	2134204	2134692	-	489	13	4	8	14	7	9	12	38	5	6
gene-Y75_RS10805	NC_007779.1	2134695	2135534	-	840	14	21	10	17	11	11	28	38	24	15
gene-Y75_RS10810	NC_007779.1	2135627	2137789	-	2163	38	57	23	22	44	21	33	80	23	48
gene-Y75_RS10815	NC_007779.1	2137792	2138235	-	444	1	3	0	2	6	2	0	2	0	0
gene-Y75_RS10820	NC_007779.1	2138241	2139380	-	1140	19	27	6	14	7	14	12	19	16	15
gene-Y75_RS10825	NC_007779.1	2140039	2141622	+	1584	599	688	405	400	485	416	604	1465	461	416
gene-Y75_RS10830	NC_007779.1	2141896	2143749	-	1854	1578	1734	1171	1058	1368	1102	1452	3387	1219	1269
gene-Y75_RS10835	NC_007779.1	2143771	2144352	-	582	1612	1584	1033	998	1390	1085	1522	3370	953	1017
gene-Y75_RS10840	NC_007779.1	2144444	2145085	-	642	1088	770	892	887	1029	977	1111	2547	861	811
gene-Y75_RS10845	NC_007779.1	2145403	2148720	+	3318	629	793	420	337	520	435	553	2388	440	425
gene-Y75_RS10850	NC_007779.1	2148829	2149677	-	849	126	156	95	85	131	80	105	292	86	80
gene-Y75_RS10860	NC_007779.1	2149811	2151163	+	1353	291	274	197	161	223	219	283	592	436	415
gene-Y75_RS10865	NC_007779.1	2151176	2153122	-	1947	178	132	130	111	100	118	154	308	96	107
gene-Y75_RS10870	NC_007779.1	2153322	2153783	+	462	12	60	10	8	10	7	24	38	0	0
gene-Y75_RS10875	NC_007779.1	2153848	2154609	-	762	11	29	12	4	10	13	14	24	17	20
gene-Y75_RS10880	NC_007779.1	2154606	2155265	-	660	25	33	23	12	30	10	26	60	22	5
gene-Y75_RS23880	NC_007779.1	2155486	2155545	-	60	555	388	247	281	300	311	434	949	220	307
gene-Y75_RS24950	NC_007779.1	2155818	2155874	-	57	195	126	170	167	200	149	267	246	297	419
gene-Y75_RS10885	NC_007779.1	2156153	2157400	+	1248	178	171	127	117	130	128	148	523	148	179
gene-Y75_RS10890	NC_007779.1	2157400	2160522	+	3123	276	260	208	179	243	228	253	866	237	262
gene-Y75_RS10895	NC_007779.1	2160523	2163600	+	3078	195	183	203	168	204	199	220	746	250	200
gene-Y75_RS10900	NC_007779.1	2163601	2165016	+	1416	69	77	60	66	50	65	77	220	67	71
gene-Y75_RS10905	NC_007779.1	2165013	2166416	+	1404	132	113	99	80	95	96	90	355	109	104
gene-Y75_RS10910	NC_007779.1	2166413	2167135	+	723	303	376	261	223	313	300	328	818	269	259
gene-Y75_RS10915	NC_007779.1	2167326	2167658	+	333	105	138	49	43	44	34	74	717	58	94
gene-Y75_RS10920	NC_007779.1	2167805	2169166	+	1362	1728	1171	1327	1320	1734	1454	1603	4053	1664	1619
gene-Y75_RS23885	NC_007779.1	2169439	2169657	-	219	159	121	131	132	157	147	127	298	128	120
gene-Y75_RS10930	NC_007779.1	2170126	2170443	-	318	18	41	10	15	16	20	40	41	6	20
gene-Y75_RS10935	NC_007779.1	2170849	2171748	+	900	52	122	28	29	40	30	52	394	147	159
gene-Y75_RS10950	NC_007779.1	2172373	2173535	+	1163	86	145	64	81	107	77	80	286	0	2
gene-Y75_RS10960	NC_007779.1	2173970	2175010	-	1041	1643	1260	1224	1045	1559	1548	2114	14910	18	20
gene-Y75_RS10965	NC_007779.1	2175058	2176413	-	1356	5653	2987	2559	2564	3829	3490	4905	42869	17	36
gene-Y75_RS10970	NC_007779.1	2176417	2176701	-	285	2216	1121	877	891	1219	1193	2016	14425	2	1
gene-Y75_RS10980	NC_007779.1	2177051	2178031	+	981	0	0	0	0	0	0	0	0	0	0
gene-Y75_RS10990	NC_007779.1	2178393	2179655	-	1263	10525	7410	5840	5519	8408	7638	10470	69800	14	6
gene-Y75_RS10995	NC_007779.1	2179684	2180538	-	855	9126	6745	5978	5869	8435	7533	9638	55664	2	10
gene-Y75_RS11000	NC_007779.1	2180846	2181898	-	1053	848	1151	343	283	381	344	500	3287	248	278
gene-Y75_RS11005	NC_007779.1	2182155	2183432	+	1278	49	65	59	61	80	51	91	143	68	71
gene-Y75_RS11010	NC_007779.1	2183429	2184433	+	1005	78	136	79	81	104	94	121	271	116	105
gene-Y75_RS11015	NC_007779.1	2184430	2185395	+	966	69	147	67	75	109	95	115	251	87	68
gene-Y75_RS11020	NC_007779.1	2185369	2186115	-	747	248	228	153	163	199	183	236	530	124	134
gene-Y75_RS11025	NC_007779.1	2186167	2186985	-	819	232	247	182	154	227	197	307	636	187	178
gene-Y75_RS11030	NC_007779.1	2187050	2187850	-	801	1047	929	695	680	897	749	805	2715	822	802
gene-Y75_RS11035	NC_007779.1	2187847	2188635	-	789	1787	1574	1295	1250	1662	1353	1611	3926	1521	1486
gene-Y75_RS11040	NC_007779.1	2188858	2189130	-	273	549	661	413	428	526	408	574	1090	275	335
gene-Y75_RS11045	NC_007779.1	2189251	2190075	+	825	1476	1597	1240	1225	1466	1255	1634	3207	1055	1170
gene-Y75_RS11050	NC_007779.1	2190294	2190632	+	339	705	680	580	559	631	495	711	1321	729	615
gene-Y75_RS11055	NC_007779.1	2190714	2191748	-	1035	17	28	30	20	26	23	28	70	8	9
gene-Y75_RS11060	NC_007779.1	2191764	2194244	-	2481	80	79	38	20	40	63	60	121	4	4
gene-Y75_RS11065	NC_007779.1	2194260	2194934	-	675	0	1	2	2	4	0	0	1	0	0
gene-Y75_RS11070	NC_007779.1	2195014	2195556	-	543	18	12	2	4	10	6	4	20	0	0
gene-Y75_RS11080	NC_007779.1	2195849	2196130	-	282	163	238	85	82	106	71	125	563	85	57
gene-Y75_RS11085	NC_007779.1	2196393	2197502	-	1110	2645	1937	1579	1630	1904	1704	1905	5925	1218	1312
gene-Y75_RS11090	NC_007779.1	2197634	2199667	+	2034	6912	6139	5548	4988	6562	5985	7328	17289	5716	5694
gene-Y75_RS11105	NC_007779.1	2203613	2207245	+	3633	271	263	160	154	176	170	247	619	198	271
gene-Y75_RS11110	NC_007779.1	2207306	2207623	+	318	4	7	10	2	0	4	7	5	2	5
gene-Y75_RS11115	NC_007779.1	2207930	2209018	+	1089	18	32	32	26	40	38	44	43	14	4
gene-Y75_RS11120	NC_007779.1	2209029	2211308	+	2280	38	45	34	47	41	36	43	98	40	34
gene-Y75_RS11125	NC_007779.1	2211301	2212437	+	1137	34	28	21	12	14	26	34	48	19	15
gene-Y75_RS11135	NC_007779.1	2214559	2215020	+	462	26	34	16	27	21	20	65	125	52	48
gene-Y75_RS11140	NC_007779.1	2215060	2215530	-	471	265	282	235	248	241	238	258	825	366	380
gene-Y75_RS11145	NC_007779.1	2215577	2216296	-	720	218	130	129	131	169	123	177	661	243	314
gene-Y75_RS11150	NC_007779.1	2216293	2217978	-	1686	288	201	230	184	261	224	214	1191	592	680
gene-Y75_RS11155	NC_007779.1	2218200	2218931	+	732	93	109	68	58	64	63	66	331	119	91
gene-Y75_RS11160	NC_007779.1	2218991	2219098	+	108	4	0	0	2	2	0	0	43	0	0
gene-Y75_RS11165	NC_007779.1	2219079	2219810	-	732	67	49	25	23	44	36	38	237	36	51
gene-Y75_RS11170	NC_007779.1	2219815	2220741	-	927	48	34	17	23	32	21	25	219	36	56
gene-Y75_RS11175	NC_007779.1	2220734	2221891	-	1158	36	34	17	14	31	12	37	289	47	46
gene-Y75_RS11180	NC_007779.1	2221898	2222815	-	918	87	117	66	46	75	58	78	765	125	175
gene-Y75_RS11185	NC_007779.1	2223026	2225323	-	2298	2282	2186	1506	1295	1780	1666	2384	5165	1830	1822
gene-Y75_RS11190	NC_007779.1	2225519	2227234	+	1716	3490	4353	1740	1568	2399	2110	2968	7661	2116	2121
gene-Y75_RS11195	NC_007779.1	2227272	2228204	-	933	789	848	758	745	910	840	819	1808	964	1006
gene-Y75_RS11200	NC_007779.1	2228378	2228965	-	588	39	59	22	16	23	20	36	141	35	29
gene-Y75_RS11205	NC_007779.1	2229135	2229713	+	579	150	177	110	106	171	148	162	438	128	122
gene-Y75_RS11210	NC_007779.1	2229843	2230604	-	762	44	86	40	47	42	36	68	199	41	69
gene-Y75_RS11220	NC_007779.1	2232316	2232399	+	84	36	35	21	24	25	43	47	142	32	34
gene-Y75_RS11225	NC_007779.1	2232772	2233719	-	948	286	191	282	240	314	253	277	674	321	324
gene-Y75_RS11230	NC_007779.1	2233958	2234356	+	399	37	53	41	46	47	57	48	106	30	45
gene-Y75_RS11235	NC_007779.1	2234353	2235048	+	696	89	101	89	66	78	87	93	199	46	48
gene-Y75_RS11240	NC_007779.1	2235178	2236062	+	885	110	184	105	104	110	99	152	492	105	139
gene-Y75_RS11245	NC_007779.1	2236212	2236931	+	720	420	308	226	274	312	279	262	816	213	272
gene-Y75_RS11250	NC_007779.1	2236934	2237173	+	240	111	189	78	74	78	80	102	306	94	122
gene-Y75_RS11255	NC_007779.1	2237367	2238605	+	1239	66	74	42	49	60	48	76	204	28	32
gene-Y75_RS11260	NC_007779.1	2238599	2239834	+	1236	109	87	52	34	76	61	75	249	66	85
gene-Y75_RS11265	NC_007779.1	2240077	2241087	-	1011	136	51	88	92	132	121	120	911	393	393
gene-Y75_RS11270	NC_007779.1	2241103	2242623	-	1521	357	124	253	195	277	252	310	2024	848	834
gene-Y75_RS11275	NC_007779.1	2242684	2243682	-	999	555	239	519	480	601	505	537	3120	1435	1463
gene-Y75_RS11280	NC_007779.1	2243962	2245002	-	1041	100	77	107	78	76	88	104	274	96	92
gene-Y75_RS11290	NC_007779.1	2245144	2246301	-	1158	986	701	635	622	757	725	682	3062	872	915
gene-Y75_RS11295	NC_007779.1	2246318	2246986	-	669	9274	5868	7626	7016	9411	8524	7448	23974	13232	12910
gene-Y75_RS11305	NC_007779.1	2247244	2248080	+	837	2125	1771	629	577	867	696	1245	2862	451	443
gene-Y75_RS11310	NC_007779.1	2248112	2250103	-	1992	3131	1051	1972	1769	2477	2575	3375	6451	1640	1497
gene-Y75_RS11315	NC_007779.1	2250397	2251866	-	1470	6687	1886	8433	7468	7785	6809	7662	26680	8178	8215
gene-Y75_RS11320	NC_007779.1	2252071	2252952	-	882	295	360	217	224	292	266	355	762	212	171
gene-Y75_RS11325	NC_007779.1	2253051	2254100	+	1050	216	275	146	162	182	155	206	440	88	59
gene-Y75_RS11330	NC_007779.1	2254174	2255031	+	858	738	762	447	459	633	566	729	2015	567	588
gene-Y75_RS11335	NC_007779.1	2255034	2256122	+	1089	390	350	238	234	286	264	379	1076	362	368
gene-Y75_RS11340	NC_007779.1	2256229	2257479	-	1251	34	40	37	28	39	39	64	64	58	38
gene-Y75_RS11345	NC_007779.1	2257579	2258520	-	942	12	23	0	4	4	6	13	24	5	16
gene-Y75_RS11350	NC_007779.1	2258650	2259348	+	699	26	39	26	20	17	13	22	56	27	13
gene-Y75_RS11355	NC_007779.1	2259419	2260669	-	1251	90	121	48	51	74	49	120	168	32	32
gene-Y75_RS11360	NC_007779.1	2260763	2261701	-	939	45	30	17	8	19	19	59	79	5	14
gene-Y75_RS11365	NC_007779.1	2261689	2262630	-	942	18	26	11	18	13	12	32	23	2	10
gene-Y75_RS11370	NC_007779.1	2263053	2264744	-	1692	659	588	482	399	548	595	583	1596	371	382
gene-Y75_RS11375	NC_007779.1	2264761	2265699	-	939	238	171	146	210	218	180	210	732	162	175
gene-Y75_RS11380	NC_007779.1	2265699	2266829	-	1131	313	214	246	221	264	276	297	725	226	227
gene-Y75_RS11385	NC_007779.1	2267197	2268378	+	1182	79	95	57	66	78	50	71	165	45	86
gene-Y75_RS11390	NC_007779.1	2268375	2268629	-	255	70	81	59	55	96	52	85	218	87	103
gene-Y75_RS11395	NC_007779.1	2268784	2269356	+	573	1769	986	1710	1573	1979	1701	2237	5042	2330	2189
gene-Y75_RS11400	NC_007779.1	2269579	2271045	+	1467	288	166	382	398	442	329	388	681	288	278
gene-Y75_RS11405	NC_007779.1	2271163	2272149	+	987	349	292	266	284	307	282	305	979	138	167
gene-Y75_RS11410	NC_007779.1	2272188	2272901	+	714	314	204	374	352	357	335	355	914	374	330
gene-Y75_RS11415	NC_007779.1	2273313	2273879	+	567	10402	7579	8212	7523	9273	7859	11321	16692	5606	5061
gene-Y75_RS11420	NC_007779.1	2274060	2275616	+	1557	674	685	415	412	547	469	630	1264	263	243
gene-Y75_RS11425	NC_007779.1	2275698	2277512	+	1815	553	609	344	298	422	338	474	1396	314	265
gene-Y75_RS11430	NC_007779.1	2277513	2278607	+	1095	220	185	111	96	126	82	135	474	151	139
gene-Y75_RS11435	NC_007779.1	2278607	2279632	+	1026	146	184	83	99	106	99	109	459	92	88
gene-Y75_RS11440	NC_007779.1	2279634	2281223	+	1590	544	690	386	387	420	365	507	1415	321	315
gene-Y75_RS11445	NC_007779.1	2281227	2281571	-	345	1053	1057	677	687	763	670	943	1895	903	986
gene-Y75_RS11450	NC_007779.1	2281904	2283094	-	1191	824	825	846	850	1129	932	945	2074	506	503
gene-Y75_RS11455	NC_007779.1	2283122	2283817	-	696	966	1252	1338	1194	1821	1428	1556	2981	594	661
gene-Y75_RS11460	NC_007779.1	2283966	2285726	+	1761	322	309	236	206	346	328	298	850	267	244
gene-Y75_RS11465	NC_007779.1	2285851	2286135	+	285	13598	8766	13671	12703	15734	14197	14345	40261	15023	15252
gene-Y75_RS11470	NC_007779.1	2286274	2287281	-	1008	2142	1357	1474	1405	1852	1635	2100	4322	2199	2318
gene-Y75_RS11475	NC_007779.1	2287463	2287690	+	228	940	799	910	793	983	876	1041	2688	634	700
gene-Y75_RS11480	NC_007779.1	2287710	2289470	+	1761	1825	1724	1592	1465	1790	1669	1891	5071	1226	1268
gene-Y75_RS11485	NC_007779.1	2289545	2289621	+	77	66	14	79	75	102	72	86	111	59	68
gene-Y75_RS11495	NC_007779.1	2292399	2293379	-	981	9	17	5	7	9	15	8	8	0	0
gene-Y75_RS11505	NC_007779.1	2293834	2294481	+	648	711	649	669	614	692	694	811	1459	309	290
gene-Y75_RS11510	NC_007779.1	2294692	2295744	-	1053	169	160	149	144	166	109	216	568	267	296
gene-Y75_RS11515	NC_007779.1	2295741	2296298	-	558	69	60	27	40	49	44	66	219	69	83
gene-Y75_RS11520	NC_007779.1	2296295	2298238	-	1944	225	185	149	159	157	182	161	587	243	331
gene-Y75_RS11525	NC_007779.1	2298235	2298714	-	480	67	61	41	25	68	60	65	216	64	70
gene-Y75_RS11530	NC_007779.1	2298711	2298920	-	210	8	7	12	8	9	3	5	44	12	12
gene-Y75_RS11535	NC_007779.1	2298917	2299654	-	738	111	109	65	77	79	76	47	271	102	105
gene-Y75_RS11540	NC_007779.1	2299696	2300358	-	663	57	55	19	47	51	44	40	192	59	74
gene-Y75_RS11545	NC_007779.1	2300355	2300978	-	624	118	102	84	66	70	90	102	399	116	127
gene-Y75_RS11550	NC_007779.1	2300991	2301593	-	603	141	108	89	78	108	115	127	377	127	115
gene-Y75_RS11555	NC_007779.1	2301603	2302052	-	450	27	28	6	12	14	21	22	63	53	38
gene-Y75_RS11560	NC_007779.1	2302049	2302912	-	864	31	37	12	23	24	18	27	77	49	46
gene-Y75_RS11565	NC_007779.1	2302899	2303594	-	696	46	35	19	12	17	28	18	67	46	86
gene-Y75_RS11570	NC_007779.1	2303601	2306087	-	2487	273	259	120	128	188	185	231	551	571	499
gene-Y75_RS11575	NC_007779.1	2306084	2306347	-	264	5	3	5	2	4	3	6	18	14	8
gene-Y75_RS11580	NC_007779.1	2306337	2306831	-	495	42	30	20	6	24	16	16	76	91	49
gene-Y75_RS11585	NC_007779.1	2306940	2307104	+	165	8	12	3	5	6	15	4	21	0	6
gene-Y75_RS11590	NC_007779.1	2307218	2307727	+	510	219	287	180	152	165	128	270	316	114	81
gene-Y75_RS11595	NC_007779.1	2308442	2310088	-	1647	1596	955	1293	1229	1490	1517	1626	4748	2105	2160
gene-Y75_RS11600	NC_007779.1	2310306	2311949	-	1644	1347	901	1096	995	1254	1136	1240	3858	1365	1327
gene-Y75_RS11605	NC_007779.1	2312025	2312675	-	651	28	33	28	27	24	36	38	108	23	24
gene-Y75_RS11610	NC_007779.1	2312675	2313739	-	1065	135	156	129	106	127	118	159	339	58	87
gene-Y75_RS11615	NC_007779.1	2313813	2314868	-	1056	87	177	267	220	283	276	382	433	83	95
gene-Y75_RS11620	NC_007779.1	2314980	2316083	-	1104	53548	51714	26997	25254	27665	25961	47600	69926	2860	2714
gene-Y75_RS11635	NC_007779.1	2316822	2319494	+	2673	3362	3495	2256	1981	2825	2340	3108	8167	2284	2356
gene-Y75_RS11640	NC_007779.1	2319511	2320161	+	651	3498	3217	2957	2386	3265	2923	3626	8688	2667	2599
gene-Y75_RS11650	NC_007779.1	2320805	2322033	-	1229	0	2	0	0	0	2	2	0	0	0
gene-Y75_RS11665	NC_007779.1	2324713	2326539	+	1827	176	150	86	92	109	74	133	301	81	98
gene-Y75_RS11670	NC_007779.1	2326536	2327921	+	1386	176	140	89	96	143	99	132	385	72	104
gene-Y75_RS11675	NC_007779.1	2328117	2328779	+	663	36	16	11	24	18	16	12	58	15	26
gene-Y75_RS11680	NC_007779.1	2328779	2329429	+	651	10	6	14	7	4	8	18	16	18	20
gene-Y75_RS11685	NC_007779.1	2329426	2330748	+	1323	40	38	21	21	13	16	44	68	15	18
gene-Y75_RS11690	NC_007779.1	2330779	2331963	+	1185	34	22	18	28	26	24	40	65	16	20
gene-Y75_RS11695	NC_007779.1	2332037	2332813	-	777	49	57	45	17	34	53	61	105	61	58
gene-Y75_RS11700	NC_007779.1	2332818	2334467	-	1650	59	92	56	54	57	71	83	172	50	43
gene-Y75_RS11715	NC_007779.1	2339006	2339629	-	624	6	14	21	13	18	13	25	22	3	5
gene-Y75_RS11720	NC_007779.1	2339626	2341314	-	1689	80	141	233	218	304	283	422	178	51	42
gene-Y75_RS11725	NC_007779.1	2341463	2344090	-	2628	10915	9423	11324	10621	13558	12064	14112	25252	6467	6705
gene-Y75_RS11730	NC_007779.1	2344237	2344959	+	723	1443	1551	882	834	1242	1048	1424	3487	681	724
gene-Y75_RS11735	NC_007779.1	2345087	2348839	-	3753	529	538	350	405	488	479	606	961	250	241
gene-Y75_RS25525	NC_007779.1	2349264	2349407	-	144	3	7	2	0	3	2	7	8	2	2
gene-Y75_RS11745	NC_007779.1	2349535	2351820	+	2286	5795	5093	5423	5008	6995	6135	6227	12741	5770	5806
gene-Y75_RS11750	NC_007779.1	2352054	2353184	+	1131	2694	2351	2240	2182	2869	2470	2759	6186	2720	2909
gene-Y75_RS11755	NC_007779.1	2353184	2353438	+	255	326	229	332	290	422	293	314	790	294	253
gene-Y75_RS11760	NC_007779.1	2353492	2354142	-	651	224	232	209	143	184	210	232	704	207	262
gene-Y75_RS11770	NC_007779.1	2354605	2355681	-	1077	468	470	336	289	319	334	459	1092	418	436
gene-Y75_RS11775	NC_007779.1	2355686	2357044	-	1359	23	37	36	27	41	45	45	134	105	69
gene-Y75_RS11780	NC_007779.1	2357317	2358945	+	1629	25	12	36	18	26	21	11	73	25	27
gene-Y75_RS11785	NC_007779.1	2358935	2360194	+	1260	17	27	14	19	23	11	30	64	14	27
gene-Y75_RS11790	NC_007779.1	2360191	2361381	+	1191	44	54	54	47	58	41	48	102	58	45
gene-Y75_RS11795	NC_007779.1	2361574	2362473	+	900	487	439	176	167	264	209	326	807	95	111
gene-Y75_RS11805	NC_007779.1	2362712	2363515	-	804	115	121	91	62	101	95	139	228	104	76
gene-Y75_RS11810	NC_007779.1	2363533	2364822	-	1290	40	35	26	47	39	35	37	119	55	23
gene-Y75_RS11815	NC_007779.1	2364879	2366084	-	1206	2	8	18	14	27	21	16	48	18	21
gene-Y75_RS11820	NC_007779.1	2366099	2366881	-	783	34	43	12	11	18	15	32	60	16	12
gene-Y75_RS11825	NC_007779.1	2367101	2368303	-	1203	591	856	398	466	523	450	578	1506	377	344
gene-Y75_RS11830	NC_007779.1	2368403	2368945	-	543	319	162	190	148	194	203	343	563	399	373
gene-Y75_RS11835	NC_007779.1	2369224	2369649	+	426	160	110	59	47	58	51	130	204	64	80
gene-Y75_RS11840	NC_007779.1	2369688	2370290	-	603	41	55	22	17	16	15	41	56	106	133
gene-Y75_RS11845	NC_007779.1	2370598	2371737	+	1140	227	267	98	75	94	107	192	312	182	213
gene-Y75_RS11850	NC_007779.1	2371741	2372709	+	969	108	128	38	29	36	46	94	211	90	121
gene-Y75_RS11855	NC_007779.1	2372709	2374691	+	1983	301	456	185	131	192	173	270	529	254	255
gene-Y75_RS11860	NC_007779.1	2374688	2375578	+	891	53	108	39	24	46	26	66	163	67	109
gene-Y75_RS11865	NC_007779.1	2375578	2377230	+	1653	51	101	39	46	46	50	74	132	85	95
gene-Y75_RS11870	NC_007779.1	2377227	2377562	+	336	9	21	10	6	17	9	20	43	10	6
gene-Y75_RS11875	NC_007779.1	2377562	2377948	+	387	52	44	39	44	47	51	42	169	18	28
gene-Y75_RS11880	NC_007779.1	2377942	2378208	-	267	140	132	128	96	123	93	147	312	108	106
gene-Y75_RS11885	NC_007779.1	2378318	2379673	-	1356	336	351	391	368	479	431	508	1075	278	322
gene-Y75_RS11890	NC_007779.1	2379670	2380632	-	963	649	625	493	512	588	554	768	1809	430	476
gene-Y75_RS11895	NC_007779.1	2380632	2381489	-	858	1000	848	737	619	851	842	1031	2550	687	699
gene-Y75_RS11900	NC_007779.1	2381504	2382262	-	759	122	103	130	86	118	104	146	442	107	101
gene-Y75_RS11905	NC_007779.1	2382259	2383929	-	1671	381	436	326	319	420	350	551	1030	281	299
gene-Y75_RS11910	NC_007779.1	2384018	2385313	-	1296	653	681	398	403	546	491	706	1517	423	475
gene-Y75_RS11915	NC_007779.1	2385392	2385697	-	306	499	596	247	193	251	232	279	5166	637	664
gene-Y75_RS11920	NC_007779.1	2385752	2386213	-	462	398	369	222	168	266	242	332	738	176	193
gene-Y75_RS11925	NC_007779.1	2386278	2387195	+	918	390	329	367	319	403	349	494	1049	247	246
gene-Y75_RS11930	NC_007779.1	2387383	2388594	+	1212	34	43	17	16	27	20	26	55	55	45
gene-Y75_RS11935	NC_007779.1	2388665	2390392	-	1728	170	149	150	117	118	135	178	276	0	2
gene-Y75_RS11940	NC_007779.1	2390530	2391501	+	972	18	20	18	8	39	28	32	46	0	2
gene-Y75_RS11945	NC_007779.1	2391604	2392107	+	504	29	35	12	0	10	14	19	32	20	12
gene-Y75_RS11950	NC_007779.1	2392380	2393096	-	717	18	23	12	10	6	6	19	40	0	0
gene-Y75_RS11955	NC_007779.1	2393305	2393727	+	423	59	82	20	31	43	23	21	109	0	0
gene-Y75_RS11960	NC_007779.1	2393786	2394634	+	849	237	199	131	106	138	132	211	443	0	0
gene-Y75_RS11965	NC_007779.1	2394718	2396175	-	1458	5085	3955	3953	3836	4454	3908	4665	10245	3360	3303
gene-Y75_RS11970	NC_007779.1	2396182	2397711	-	1530	5365	4027	3929	3658	4746	3979	5008	10203	2941	2947
gene-Y75_RS11975	NC_007779.1	2397875	2399716	-	1842	4890	3411	3978	3818	4991	4654	4994	9583	2656	2705
gene-Y75_RS11980	NC_007779.1	2399713	2400015	-	303	289	216	201	246	313	293	281	680	168	175
gene-Y75_RS11985	NC_007779.1	2400012	2400566	-	555	1127	774	821	922	1055	993	1113	2342	573	597
gene-Y75_RS11990	NC_007779.1	2400578	2401120	-	543	1310	859	948	1006	1240	1138	1381	2762	655	681
gene-Y75_RS11995	NC_007779.1	2401135	2402112	-	978	3052	2126	2442	2361	2978	2654	2941	6407	1722	1700
gene-Y75_RS12000	NC_007779.1	2402109	2404835	-	2727	13701	9560	9648	9443	12332	11408	12983	25289	8772	9282
gene-Y75_RS12005	NC_007779.1	2404888	2406225	-	1338	6079	4119	4306	4172	5544	4810	5674	10971	4601	4912
gene-Y75_RS12010	NC_007779.1	2406222	2406722	-	501	2565	1581	1558	1472	2282	1869	2351	4881	1818	1824
gene-Y75_RS12015	NC_007779.1	2406725	2408527	-	1803	9428	6480	6682	6139	8728	7562	9003	16580	6283	6631
gene-Y75_RS12020	NC_007779.1	2408621	2409283	-	663	4907	3581	4035	3525	4389	3956	4703	9054	3101	3240
gene-Y75_RS12025	NC_007779.1	2409299	2409742	-	444	4304	3882	3182	2826	3872	3354	3997	6434	2508	2452
gene-Y75_RS12030	NC_007779.1	2410373	2411311	-	939	1441	1507	824	810	911	910	1397	5492	1557	1497
gene-Y75_RS12035	NC_007779.1	2411473	2412170	-	698	83	93	58	50	56	48	78	0	224	169
gene-Y75_RS12040	NC_007779.1	2413007	2414224	+	1218	2445	2499	1817	1617	2448	1963	2430	4473	2285	2139
gene-Y75_RS12045	NC_007779.1	2414308	2414907	+	600	269	301	193	268	256	249	306	677	239	272
gene-Y75_RS12050	NC_007779.1	2414966	2416798	-	1833	341	504	395	357	443	339	494	764	195	188
gene-Y75_RS12055	NC_007779.1	2416885	2417535	-	651	1889	1937	1578	1501	1960	1767	2371	4031	1523	1459
gene-Y75_RS12060	NC_007779.1	2417546	2418040	-	495	1679	1729	1467	1364	1902	1708	2270	4020	1578	1565
gene-Y75_RS12065	NC_007779.1	2418123	2418578	-	456	1031	1321	709	799	821	739	966	1690	479	457
gene-Y75_RS12075	NC_007779.1	2418916	2420118	+	1203	4478	4314	4769	4221	5043	4280	5467	10448	3728	3688
gene-Y75_RS12080	NC_007779.1	2420193	2422337	+	2145	6041	4254	6430	6229	7453	6667	8007	12261	5174	5496
gene-Y75_RS12085	NC_007779.1	2422527	2424047	+	1521	51	60	51	39	46	35	61	77	39	36
gene-Y75_RS12090	NC_007779.1	2424080	2424622	-	543	1772	1231	1224	1139	1613	1432	1820	4213	1072	1059
gene-Y75_RS12095	NC_007779.1	2424680	2425231	-	552	1349	1129	1090	868	1228	1059	1211	3216	861	768
gene-Y75_RS12100	NC_007779.1	2425287	2425931	-	645	275	335	225	196	255	195	245	797	224	209
gene-Y75_RS12105	NC_007779.1	2426067	2426714	+	648	39	44	20	33	17	37	38	246	63	46
gene-Y75_RS12110	NC_007779.1	2426771	2427133	+	363	2372	1580	1489	1418	1717	1506	2094	4882	1541	1400
gene-Y75_RS12115	NC_007779.1	2427154	2428047	+	894	1922	1931	1287	1230	1534	1340	1714	4266	1134	1200
gene-Y75_RS12120	NC_007779.1	2428095	2428985	-	891	252	224	209	198	249	208	280	650	173	140
gene-Y75_RS12125	NC_007779.1	2429182	2429955	-	774	704	379	686	607	814	741	865	2042	981	1129
gene-Y75_RS12130	NC_007779.1	2429963	2430679	-	717	483	255	553	491	562	486	601	1774	774	710
gene-Y75_RS12135	NC_007779.1	2430676	2431362	-	687	961	481	814	778	959	875	1001	3046	1202	1289
gene-Y75_RS12140	NC_007779.1	2431452	2432234	-	783	6609	2573	6099	5682	7900	7093	9387	18603	8757	8656
gene-Y75_RS12145	NC_007779.1	2432455	2433237	-	783	3076	2396	1952	1731	2260	1923	2509	5154	1785	1464
gene-Y75_RS12150	NC_007779.1	2433503	2434072	-	570	435	341	454	360	487	447	547	1363	528	527
gene-Y75_RS12155	NC_007779.1	2434167	2435684	-	1518	7254	3209	7825	7117	8989	7780	9751	17953	7365	7431
gene-Y75_RS12160	NC_007779.1	2435721	2436209	-	489	4677	2188	4921	4422	4908	4467	6097	11729	4652	4244
gene-Y75_RS12165	NC_007779.1	2436468	2437130	-	663	987	846	1111	1098	1406	1195	1391	2184	883	973
gene-Y75_RS12170	NC_007779.1	2437120	2438388	-	1269	1345	960	1639	1637	2197	1910	2101	3347	817	886
gene-Y75_RS12175	NC_007779.1	2438458	2439372	-	915	6416	5227	5526	5256	6609	5975	6287	16129	5625	5980
gene-Y75_RS12180	NC_007779.1	2439528	2440187	-	660	518	542	574	481	611	564	716	1362	328	400
gene-Y75_RS12185	NC_007779.1	2440270	2441082	-	813	428	447	440	514	592	507	548	1128	216	288
gene-Y75_RS12190	NC_007779.1	2441082	2442095	-	1014	848	833	1020	1019	1214	1006	1327	2139	664	717
gene-Y75_RS12195	NC_007779.1	2442161	2443297	-	1137	2433	1991	2088	1854	2520	2190	2611	5735	1676	1648
gene-Y75_RS12200	NC_007779.1	2443396	2444391	+	996	470	517	441	373	504	389	581	1432	561	518
gene-Y75_RS12205	NC_007779.1	2444388	2445566	-	1179	167	182	211	183	205	222	211	453	373	317
gene-Y75_RS12210	NC_007779.1	2445831	2447051	-	1221	7989	8625	7821	7857	12363	11506	10758	19251	4983	5009
gene-Y75_RS12215	NC_007779.1	2447210	2449216	+	2007	719	686	526	519	729	633	833	1644	489	520
gene-Y75_RS12220	NC_007779.1	2449337	2449615	-	279	375	382	231	251	266	219	291	1142	419	415
gene-Y75_RS12225	NC_007779.1	2449649	2450197	-	549	549	495	271	249	389	277	457	1528	373	346
gene-Y75_RS12230	NC_007779.1	2450197	2451006	-	810	441	389	295	246	340	327	329	1302	316	309
gene-Y75_RS12235	NC_007779.1	2451006	2451830	-	825	914	947	569	509	803	651	752	2892	695	654
gene-Y75_RS12240	NC_007779.1	2451834	2452919	-	1086	3389	3046	2337	2032	2863	2466	3007	8033	2094	2126
gene-Y75_RS12245	NC_007779.1	2452954	2453886	-	933	2386	1994	1698	1540	2057	1718	2013	5510	1457	1598
gene-Y75_RS12250	NC_007779.1	2454052	2454603	+	552	657	620	461	431	628	485	682	1673	301	323
gene-Y75_RS12255	NC_007779.1	2454674	2455495	-	822	752	691	635	500	683	575	804	1601	0	0
gene-Y75_RS12260	NC_007779.1	2455497	2456036	-	540	9	33	9	8	25	17	16	68	0	0
gene-Y75_RS12265	NC_007779.1	2456033	2456521	-	489	10	21	8	7	9	12	12	29	0	0
gene-Y75_RS12270	NC_007779.1	2456518	2457030	-	513	13	10	4	13	3	4	11	26	0	0
gene-Y75_RS12275	NC_007779.1	2457030	2457782	-	753	7	12	6	16	7	8	10	28	15	8
gene-Y75_RS12285	NC_007779.1	2460529	2461092	-	564	4	0	5	4	5	6	7	3	10	2
gene-Y75_RS12290	NC_007779.1	2461773	2462258	-	486	1989	1946	1878	1701	2065	1894	2193	4524	2338	2430
gene-Y75_RS12295	NC_007779.1	2462461	2464605	-	2145	512	388	371	334	416	351	549	895	214	219
gene-Y75_RS12300	NC_007779.1	2464605	2465915	-	1311	284	181	187	199	240	211	330	398	110	109
gene-Y75_RS12305	NC_007779.1	2466096	2466380	-	285	305	387	164	206	198	178	258	758	201	198
gene-Y75_RS12310	NC_007779.1	2466752	2468092	+	1341	1685	689	1864	1623	2019	1733	2059	4984	3689	3399
gene-Y75_RS12315	NC_007779.1	2468458	2469516	+	1059	75	44	19	26	30	22	59	114	15	26
gene-Y75_RS12320	NC_007779.1	2469698	2470453	-	756	2307	1809	1675	1627	1740	1656	2427	5565	1831	1741
gene-Y75_RS12325	NC_007779.1	2470747	2471679	+	933	95	107	71	60	58	82	67	364	76	88
gene-Y75_RS12330	NC_007779.1	2471755	2471829	+	75	63	29	45	58	66	59	85	122	41	34
gene-Y75_RS12335	NC_007779.1	2471991	2473148	+	1158	570	386	589	550	686	612	747	1217	573	602
gene-Y75_RS12340	NC_007779.1	2473301	2473663	+	363	561	627	447	455	505	437	680	1794	0	0
gene-Y75_RS12345	NC_007779.1	2473660	2474580	+	921	2353	1753	1348	1199	1564	1432	2284	6198	0	0
gene-Y75_RS12350	NC_007779.1	2474577	2475908	+	1332	1238	610	492	489	733	670	1020	4018	0	0
gene-Y75_RS25285	NC_007779.1	2475943	2476089	-	147	1062	810	532	500	668	548	845	1601	0	0
gene-Y75_RS12360	NC_007779.1	2476523	2476963	-	441	58	97	59	49	68	51	109	124	17	11
gene-Y75_RS12365	NC_007779.1	2476990	2477625	-	636	8	8	6	15	4	4	7	20	0	0
gene-Y75_RS12375	NC_007779.1	2477833	2478327	-	495	0	2	0	2	2	0	1	4	0	0
gene-Y75_RS12385	NC_007779.1	2479050	2479412	+	363	19	28	20	15	19	25	15	42	0	0
gene-Y75_RS12390	NC_007779.1	2479478	2480302	+	825	53	54	82	69	117	78	107	141	0	0
gene-Y75_RS12395	NC_007779.1	2480430	2480966	+	537	2	6	2	4	9	2	9	14	0	0
gene-Y75_RS12400	NC_007779.1	2480957	2481319	+	363	5	5	6	6	2	4	6	24	0	0
gene-Y75_RS12405	NC_007779.1	2481319	2481624	+	306	38	39	34	10	34	20	26	65	0	0
gene-Y75_RS12410	NC_007779.1	2481756	2481956	+	201	359	423	259	235	414	282	375	705	180	188
gene-Y75_RS12415	NC_007779.1	2482140	2483075	-	936	227	200	270	216	302	268	230	451	138	161
gene-Y75_RS12420	NC_007779.1	2483293	2484630	+	1338	71	80	56	70	75	66	54	173	37	46
gene-Y75_RS12425	NC_007779.1	2484648	2485976	+	1329	282	257	283	217	308	281	260	579	282	260
gene-Y75_RS12430	NC_007779.1	2486084	2487622	-	1539	26	50	22	35	48	40	53	65	19	19
gene-Y75_RS12435	NC_007779.1	2487622	2488785	-	1164	47	50	26	38	47	30	46	59	30	15
gene-Y75_RS12440	NC_007779.1	2489201	2489815	+	615	1866	2148	825	781	1195	1017	2052	1474	320	315
gene-Y75_RS12445	NC_007779.1	2489820	2493413	+	3594	1686	1544	406	417	601	534	1015	1398	393	341
gene-Y75_RS12450	NC_007779.1	2493469	2494614	-	1146	44	74	41	38	69	44	78	81	10	13
gene-Y75_RS12455	NC_007779.1	2494688	2495632	-	945	32	97	27	21	24	14	36	42	16	8
gene-Y75_RS12460	NC_007779.1	2495702	2497396	-	1695	59	144	63	44	62	47	77	115	15	16
gene-Y75_RS12465	NC_007779.1	2497450	2498700	-	1251	53	199	64	43	57	42	108	93	33	23
gene-Y75_RS12470	NC_007779.1	2499213	2499848	-	636	26	92	39	22	28	32	70	56	10	12
gene-Y75_RS12475	NC_007779.1	2500144	2500419	+	276	27	36	29	23	15	29	19	24	15	20
gene-Y75_RS12485	NC_007779.1	2500496	2500738	-	243	125	150	90	102	116	94	134	144	92	60
gene-Y75_RS12490	NC_007779.1	2501091	2502011	+	921	267	537	296	252	326	287	300	402	329	307
gene-Y75_RS24000	NC_007779.1	2502367	2502438	+	72	418	153	547	472	442	418	391	463	780	730
gene-Y75_RS12495	NC_007779.1	2502503	2503741	-	1239	1039	1232	1052	950	1248	1074	988	1973	668	792
gene-Y75_RS12500	NC_007779.1	2504117	2505814	+	1698	285	282	285	270	352	312	268	731	400	334
gene-Y75_RS12505	NC_007779.1	2505829	2506563	+	735	449	381	365	370	477	392	440	903	295	295
gene-Y75_RS12510	NC_007779.1	2506576	2507433	+	858	147	159	128	111	181	103	141	366	141	143
gene-Y75_RS12515	NC_007779.1	2507436	2509931	-	2496	92	103	103	87	76	89	87	299	69	62
gene-Y75_RS12520	NC_007779.1	2509956	2510993	-	1038	21	23	19	15	14	20	14	85	8	11
gene-Y75_RS12525	NC_007779.1	2510993	2512078	-	1086	15	11	18	23	16	17	23	87	15	10
gene-Y75_RS12530	NC_007779.1	2512093	2513340	-	1248	14	34	21	12	12	13	12	47	19	10
gene-Y75_RS12535	NC_007779.1	2513362	2513688	-	327	5	2	8	3	6	9	10	14	0	6
gene-Y75_RS12540	NC_007779.1	2513907	2514872	-	966	1234	887	1462	1342	1646	1370	1525	2289	635	650
gene-Y75_RS12545	NC_007779.1	2515076	2516332	+	1257	212	278	180	178	288	272	196	452	116	117
gene-Y75_RS12550	NC_007779.1	2516447	2516773	+	327	123	149	119	135	171	138	126	287	304	281
gene-Y75_RS12560	NC_007779.1	2516914	2518152	-	1239	549	614	570	585	637	615	615	1231	321	346
gene-Y75_RS12565	NC_007779.1	2518488	2519690	+	1203	2604	1836	3256	2947	3555	3157	3096	7230	3698	3702
gene-Y75_RS12570	NC_007779.1	2519777	2520889	+	1113	160	103	202	150	175	177	173	442	0	0
gene-Y75_RS12575	NC_007779.1	2521089	2523278	-	2190	931	770	1580	1567	1804	1545	1543	2064	684	668
gene-Y75_RS12580	NC_007779.1	2523487	2523562	-	76	79	41	264	304	304	341	226	527	72	99
gene-Y75_RS12585	NC_007779.1	2523602	2523677	-	76	297	68	340	342	349	348	287	1680	265	379
gene-Y75_RS12590	NC_007779.1	2523898	2524257	+	360	256	331	227	170	316	225	227	756	191	229
gene-Y75_RS12595	NC_007779.1	2524259	2524651	+	393	229	271	228	250	268	253	274	556	150	139
gene-Y75_RS12600	NC_007779.1	2524703	2526118	-	1416	7062	5760	8976	8156	10969	9812	9142	16535	4670	4740
gene-Y75_RS12605	NC_007779.1	2526377	2526452	+	76	1359	447	1481	1414	1615	1246	1205	7064	670	724
gene-Y75_RS12610	NC_007779.1	2526497	2526572	+	76	2856	1299	3656	3538	3700	2934	2736	9015	1524	1735
gene-Y75_RS12615	NC_007779.1	2526619	2526694	+	76	50	19	72	97	105	59	57	731	19	29
gene-Y75_RS12620	NC_007779.1	2526699	2526774	+	76	4	0	0	2	2	2	7	221	4	0
gene-Y75_RS12625	NC_007779.1	2526805	2526930	+	126	15	6	37	36	45	42	26	22	0	1
gene-Y75_RS12630	NC_007779.1	2527039	2527923	-	885	134	213	153	145	195	153	179	271	0	0
gene-Y75_RS12635	NC_007779.1	2527964	2528122	-	159	0	1	0	5	1	4	1	8	0	0
gene-Y75_RS12640	NC_007779.1	2528175	2529431	-	1257	106	116	108	82	111	112	89	229	0	0
gene-Y75_RS12645	NC_007779.1	2529491	2530324	-	834	8	29	26	16	16	24	21	35	0	0
gene-Y75_RS12650	NC_007779.1	2530573	2531337	+	765	39	46	43	18	47	29	48	84	0	0
gene-Y75_RS12655	NC_007779.1	2531376	2532302	-	927	228	184	215	152	220	174	216	468	209	250
gene-Y75_RS12660	NC_007779.1	2532392	2533390	+	999	672	495	647	608	788	763	656	1666	389	372
gene-Y75_RS12665	NC_007779.1	2533387	2533605	-	219	82	56	91	109	103	103	76	263	39	56
gene-Y75_RS12670	NC_007779.1	2533607	2535622	-	2016	1302	1091	3481	3277	4367	3725	3684	3513	780	879
gene-Y75_RS12675	NC_007779.1	2535693	2536679	-	987	3309	3284	3600	3353	4079	3654	3365	9776	2921	2951
gene-Y75_RS12680	NC_007779.1	2536909	2537670	+	762	458	452	438	443	511	385	385	1062	303	265
gene-Y75_RS12685	NC_007779.1	2537855	2538826	+	972	33898	27744	33012	30345	39680	34719	34845	93402	22749	22091
gene-Y75_RS12690	NC_007779.1	2539210	2539467	+	258	15738	10749	10494	9343	12635	11692	11459	31360	9713	9068
gene-Y75_RS12695	NC_007779.1	2539512	2541239	+	1728	40840	31876	28564	25831	36274	33151	31185	88433	28357	27263
gene-Y75_RS12700	NC_007779.1	2541280	2541789	+	510	12176	10085	10286	9116	11965	10835	10148	28505	9442	8941
gene-Y75_RS12705	NC_007779.1	2541832	2542683	-	852	1152	1254	885	663	975	884	943	2379	512	536
gene-Y75_RS12710	NC_007779.1	2542788	2543162	+	375	63	83	24	40	32	28	44	156	243	245
gene-Y75_RS12715	NC_007779.1	2543195	2543929	+	735	507	551	749	673	926	748	891	1270	628	535
gene-Y75_RS12720	NC_007779.1	2544118	2545029	-	912	2991	2318	6080	5853	7749	6918	6329	9166	1394	1616
gene-Y75_RS12725	NC_007779.1	2545163	2546260	-	1098	3978	2760	4623	4593	5595	5261	4522	12933	3512	3761
gene-Y75_RS12730	NC_007779.1	2546250	2547125	-	876	1561	1094	2211	2100	2549	2197	2039	5854	1136	1273
gene-Y75_RS12735	NC_007779.1	2547125	2547958	-	834	1300	964	1682	1693	2039	1770	1632	4793	1206	1389
gene-Y75_RS12740	NC_007779.1	2547958	2548974	-	1017	4399	3262	5309	4896	6246	5513	5062	12987	4650	4935
gene-Y75_RS12745	NC_007779.1	2549278	2550069	-	792	550	535	579	511	649	606	647	1651	628	703
gene-Y75_RS12750	NC_007779.1	2550198	2551055	-	858	74	75	77	74	90	94	100	179	72	56
gene-Y75_RS12755	NC_007779.1	2551219	2552115	+	897	139	100	211	166	223	204	162	359	251	253
gene-Y75_RS12760	NC_007779.1	2552119	2553543	+	1425	137	144	159	133	195	200	156	303	127	170
gene-Y75_RS12765	NC_007779.1	2553548	2554852	+	1305	142	129	174	176	233	201	159	342	20	26
gene-Y75_RS12770	NC_007779.1	2555092	2555991	-	900	1967	2077	3763	3664	4258	3908	4586	4375	1156	1230
gene-Y75_RS12775	NC_007779.1	2556087	2556662	-	576	708	651	956	835	1219	1107	1053	1495	1329	1386
gene-Y75_RS12780	NC_007779.1	2556723	2557172	-	450	163	160	215	233	275	228	217	501	153	122
gene-Y75_RS12785	NC_007779.1	2557159	2557584	-	426	497	499	534	446	573	594	628	1246	263	267
gene-Y75_RS12790	NC_007779.1	2557798	2558667	+	870	1069	816	1280	1237	1523	1370	1354	2746	860	915
gene-Y75_RS12795	NC_007779.1	2558671	2559570	+	900	433	369	570	427	599	506	553	1113	274	380
gene-Y75_RS12800	NC_007779.1	2559576	2560628	-	1053	163	171	174	149	188	149	176	382	80	62
gene-Y75_RS12805	NC_007779.1	2560674	2561174	-	501	150	171	109	118	126	135	132	350	29	29
gene-Y75_RS12810	NC_007779.1	2561187	2561846	-	660	189	189	104	140	225	162	166	379	44	45
gene-Y75_RS12815	NC_007779.1	2561856	2562743	-	888	290	302	209	215	258	238	268	524	27	24
gene-Y75_RS12820	NC_007779.1	2562764	2564125	-	1362	1827	2217	1489	1399	1822	1517	1562	3397	44	33
gene-Y75_RS12825	NC_007779.1	2564137	2565540	-	1404	24	31	36	24	36	28	20	53	24	16
gene-Y75_RS12830	NC_007779.1	2565537	2566763	-	1227	33	35	27	33	28	25	32	64	15	14
gene-Y75_RS12835	NC_007779.1	2566980	2568167	-	1188	8	19	18	13	17	8	20	40	12	4
gene-Y75_RS12840	NC_007779.1	2568157	2568993	-	837	6	4	4	5	12	6	5	25	6	2
gene-Y75_RS12845	NC_007779.1	2569004	2570407	-	1404	14	40	36	26	32	30	19	53	8	6
gene-Y75_RS12850	NC_007779.1	2570419	2570706	-	288	3	6	12	7	8	10	9	8	0	3
gene-Y75_RS12855	NC_007779.1	2570813	2571106	-	294	24	46	29	27	21	19	26	55	13	16
gene-Y75_RS12860	NC_007779.1	2571145	2572161	-	1017	18	25	25	14	25	32	21	75	20	13
gene-Y75_RS12865	NC_007779.1	2572158	2572961	-	804	4	22	7	15	25	20	7	48	5	4
gene-Y75_RS12870	NC_007779.1	2572958	2573659	-	702	12	19	10	10	18	16	10	12	11	4
gene-Y75_RS12875	NC_007779.1	2573634	2574113	-	480	8	7	4	1	5	2	4	18	2	2
gene-Y75_RS12880	NC_007779.1	2574126	2574461	-	336	0	4	1	2	2	10	6	4	0	0
gene-Y75_RS12885	NC_007779.1	2574754	2577033	-	2280	3148	2998	2122	2002	2907	2335	3106	6494	1320	1313
gene-Y75_RS12890	NC_007779.1	2577322	2578272	+	951	250	391	215	180	196	209	226	2275	336	322
gene-Y75_RS12895	NC_007779.1	2578292	2580295	+	2004	441	658	225	200	342	232	283	3850	347	421
gene-Y75_RS12900	NC_007779.1	2580390	2581433	-	1044	79	90	60	60	100	80	103	238	273	274
gene-Y75_RS12905	NC_007779.1	2581559	2582134	-	576	357	341	254	200	280	301	254	602	235	229
gene-Y75_RS12910	NC_007779.1	2582202	2584181	-	1980	110	171	151	123	160	151	138	324	184	161
gene-Y75_RS12915	NC_007779.1	2584387	2586087	+	1701	332	562	395	380	465	448	381	741	318	364
gene-Y75_RS12920	NC_007779.1	2586251	2589364	+	3114	283	386	312	314	424	346	354	683	266	309
gene-Y75_RS24020	NC_007779.1	2589463	2589522	-	60	262	173	120	104	162	127	140	561	151	137
gene-Y75_RS12930	NC_007779.1	2589903	2590259	+	357	482	733	406	345	484	427	492	1060	267	222
gene-Y75_RS12935	NC_007779.1	2590263	2591390	+	1128	1044	1307	1071	1091	1318	1089	1156	2528	694	754
gene-Y75_RS12940	NC_007779.1	2591418	2591618	+	201	222	230	196	193	296	245	244	543	162	194
gene-Y75_RS12945	NC_007779.1	2591728	2592426	-	699	329	358	284	217	353	263	279	897	233	222
gene-Y75_RS12950	NC_007779.1	2592500	2594515	-	2016	760	602	596	553	771	602	715	1939	535	649
gene-Y75_RS12955	NC_007779.1	2594530	2595393	-	864	802	684	949	891	1133	1067	1004	2159	728	774
gene-Y75_RS12960	NC_007779.1	2595561	2596274	-	714	8220	4717	9205	8409	10919	9859	10171	13169	4846	4415
gene-Y75_RS12970	NC_007779.1	2596487	2597521	-	1035	5672	5407	5883	5363	6936	6203	6630	13255	4971	5102
gene-Y75_RS12975	NC_007779.1	2597538	2598416	-	879	8653	8212	8081	7361	9796	8659	9902	19115	5426	5371
gene-Y75_RS12980	NC_007779.1	2598562	2599134	+	573	1679	1919	1266	1072	1663	1368	1545	3647	1136	1192
gene-Y75_RS12985	NC_007779.1	2599134	2599604	+	471	4260	4027	3876	3423	4260	3581	3890	11967	3280	3461
gene-Y75_RS12990	NC_007779.1	2599857	2600474	+	618	3	14	5	3	10	17	16	14	4	7
gene-Y75_RS12995	NC_007779.1	2600474	2602492	+	2019	35	58	56	42	51	62	58	104	46	26
gene-Y75_RS13000	NC_007779.1	2602503	2603450	+	948	19	8	6	6	6	8	14	21	5	14
gene-Y75_RS13005	NC_007779.1	2603467	2604906	+	1440	18	22	13	18	13	18	22	37	4	10
gene-Y75_RS13010	NC_007779.1	2604918	2605568	+	651	10	16	12	9	26	14	11	32	10	2
gene-Y75_RS13015	NC_007779.1	2605573	2607153	+	1581	68	63	63	61	80	73	64	131	25	51
gene-Y75_RS13020	NC_007779.1	2607143	2608810	+	1668	102	74	78	62	88	60	85	189	31	43
gene-Y75_RS13025	NC_007779.1	2608820	2609365	+	546	21	29	31	24	21	30	33	57	12	7
gene-Y75_RS13030	NC_007779.1	2609362	2610120	+	759	47	35	33	30	25	45	38	110	9	8
gene-Y75_RS13035	NC_007779.1	2610113	2610526	+	414	8	18	6	16	10	11	9	48	5	4
gene-Y75_RS13040	NC_007779.1	2610556	2612568	+	2013	109	122	56	62	81	105	114	195	61	88
gene-Y75_RS13045	NC_007779.1	2612590	2613438	+	849	108	147	99	99	142	126	136	206	76	55
gene-Y75_RS13050	NC_007779.1	2613476	2614537	-	1062	613	623	410	397	509	419	440	1220	444	417
gene-Y75_RS13055	NC_007779.1	2614750	2616213	+	1464	1476	1648	1074	1015	1276	1173	1199	3460	1449	1363
gene-Y75_RS13060	NC_007779.1	2616234	2616593	+	360	1913	1518	1315	1238	1667	1551	1591	4804	1185	1231
gene-Y75_RS13065	NC_007779.1	2616731	2617432	-	702	1338	821	1812	1650	2050	1900	1625	1965	670	711
gene-Y75_RS13070	NC_007779.1	2617527	2618816	-	1290	5051	1232	10495	9459	12474	10895	9889	4990	807	879
gene-Y75_RS13075	NC_007779.1	2618902	2619528	-	627	8136	3532	8000	7574	10058	9171	8336	9551	3686	3940
gene-Y75_RS13080	NC_007779.1	2619853	2620890	+	1038	6890	4321	8164	7109	8744	7527	7286	14586	5442	5319
gene-Y75_RS13085	NC_007779.1	2620890	2621528	+	639	2615	1762	3080	2898	3739	3186	3024	7061	2340	2277
gene-Y75_RS13090	NC_007779.1	2621700	2623766	+	2067	2497	2346	2077	1885	2442	2016	2479	5659	1848	1772
gene-Y75_RS13095	NC_007779.1	2623771	2625312	+	1542	1892	1515	1607	1382	2035	1727	1726	4087	1233	1322
gene-Y75_RS13100	NC_007779.1	2625351	2627594	-	2244	165	179	186	172	194	186	158	341	75	75
gene-Y75_RS13105	NC_007779.1	2627776	2627928	-	153	5	1	1	1	2	4	0	2	1	0
gene-Y75_RS13110	NC_007779.1	2627946	2628137	+	192	510	703	437	356	465	369	436	1346	293	246
gene-Y75_RS13115	NC_007779.1	2628448	2628966	+	519	51	45	19	24	40	28	40	66	19	25
gene-Y75_RS13120	NC_007779.1	2628982	2629521	+	540	52	54	55	41	57	66	63	118	30	27
gene-Y75_RS13125	NC_007779.1	2629614	2631191	-	1578	9778	5912	8490	7856	10917	9572	8561	22502	5325	5321
gene-Y75_RS13130	NC_007779.1	2631260	2632726	-	1467	7819	5155	5864	5751	7144	6698	5837	18037	4128	4172
gene-Y75_RS13135	NC_007779.1	2632888	2634258	+	1371	1647	1907	1713	1502	2271	1828	1658	4827	845	825
gene-Y75_RS13140	NC_007779.1	2634255	2634470	-	216	169	234	490	395	484	451	465	681	175	138
gene-Y75_RS13145	NC_007779.1	2634540	2636012	-	1473	2328	2126	6726	6145	7805	6910	6475	6365	2126	2068
gene-Y75_RS13150	NC_007779.1	2636130	2637308	-	1179	3810	3679	4906	4580	5444	4958	4842	10735	3476	3582
gene-Y75_RS13155	NC_007779.1	2637319	2637939	-	621	1949	1659	2203	2050	2790	2451	2617	5642	1739	1895
gene-Y75_RS13160	NC_007779.1	2637957	2639231	-	1275	4926	4616	5936	5438	7299	6669	6041	12804	3832	3952
gene-Y75_RS13165	NC_007779.1	2639342	2640460	-	1119	3144	3068	3590	3329	4370	3929	3609	8411	2910	2849
gene-Y75_RS13170	NC_007779.1	2640487	2641500	-	1014	2784	2518	3159	2887	3933	3407	3310	6773	2328	2411
gene-Y75_RS13175	NC_007779.1	2641785	2642939	-	1155	1680	1296	4502	4144	5259	4664	3840	4553	2144	2213
gene-Y75_RS13180	NC_007779.1	2643089	2643520	-	432	5119	1881	6160	5353	6203	5682	5247	13818	8532	8792
gene-Y75_RS13185	NC_007779.1	2643669	2645981	-	2313	292	239	296	265	275	271	305	410	167	170
gene-Y75_RS13190	NC_007779.1	2645982	2650943	-	4962	2854	3352	1706	1686	2108	1906	2466	3041	1613	1558
gene-Y75_RS13195	NC_007779.1	2651150	2651995	+	846	1217	1100	795	749	1013	799	1018	1148	604	621
gene-Y75_RS25400	NC_007779.1	2652657	2652782	+	126	205	245	323	289	346	220	338	359	141	146
gene-Y75_RS13200	NC_007779.1	2652813	2653589	-	777	1119	650	1407	1336	1826	1510	1570	2399	773	767
gene-Y75_RS13205	NC_007779.1	2653731	2655014	-	1284	2553	1502	3124	2974	3872	3393	3136	4938	1300	1452
gene-Y75_RS13210	NC_007779.1	2655192	2655392	-	201	592	370	735	719	929	722	701	1174	405	395
gene-Y75_RS13215	NC_007779.1	2655404	2655739	-	336	925	625	1070	1023	1348	1055	1209	2679	560	614
gene-Y75_RS13220	NC_007779.1	2655741	2657591	-	1851	3510	2631	4267	4106	5405	4701	4621	9203	2672	2811
gene-Y75_RS13225	NC_007779.1	2657608	2658123	-	516	930	705	1091	1037	1447	1204	1163	2754	688	765
gene-Y75_RS25530	NC_007779.1	2658131	2658253	-	123	4	0	4	0	7	0	4	203	2	2
gene-Y75_RS13230	NC_007779.1	2658219	2658542	-	324	1999	1422	1813	1754	2451	1891	1946	6126	1305	1317
gene-Y75_RS13235	NC_007779.1	2658559	2658945	-	387	3715	2608	3249	3136	4373	3307	3833	10128	2154	2261
gene-Y75_RS13240	NC_007779.1	2658973	2660187	-	1215	12003	8062	10908	10615	13893	11745	11831	26563	7891	8476
gene-Y75_RS13245	NC_007779.1	2660299	2660787	-	489	4211	2803	4046	4033	4748	3993	4185	9219	3055	3065
gene-Y75_RS13250	NC_007779.1	2661239	2661979	-	741	1587	1427	2009	1771	2348	2141	1927	3779	1189	1140
gene-Y75_RS13255	NC_007779.1	2662098	2662901	+	804	2950	1531	3236	2926	3812	3409	3107	8090	2779	3007
gene-Y75_RS13260	NC_007779.1	2663046	2663900	+	855	58	62	65	41	59	42	69	117	77	82
gene-Y75_RS13265	NC_007779.1	2664091	2665371	+	1281	408	252	422	395	477	443	434	318	184	167
gene-Y75_RS13270	NC_007779.1	2665363	2666502	-	1140	255	224	243	284	384	296	247	663	293	252
gene-Y75_RS13275	NC_007779.1	2666662	2667552	-	891	640	613	702	634	839	708	764	1301	369	385
gene-Y75_RS13280	NC_007779.1	2667688	2669049	+	1362	245	377	218	204	312	245	210	514	57	35
gene-Y75_RS13285	NC_007779.1	2669046	2669564	+	519	43	70	45	48	55	39	52	105	14	11
gene-Y75_RS13290	NC_007779.1	2669564	2669884	+	321	16	26	18	17	21	11	16	64	8	5
gene-Y75_RS13295	NC_007779.1	2669881	2670693	+	813	56	95	56	48	73	59	52	112	24	33
gene-Y75_RS13300	NC_007779.1	2670703	2671905	+	1203	112	200	129	85	162	138	123	312	77	80
gene-Y75_RS13305	NC_007779.1	2672002	2672424	+	423	73	82	48	65	94	73	82	413	93	70
gene-Y75_RS13310	NC_007779.1	2672472	2673344	-	873	115	89	61	63	81	65	91	255	55	55
gene-Y75_RS13315	NC_007779.1	2673356	2674450	-	1095	109	153	105	109	110	101	132	281	40	30
gene-Y75_RS13320	NC_007779.1	2674483	2675481	-	999	47	45	39	34	27	24	45	88	14	19
gene-Y75_RS13325	NC_007779.1	2675506	2677017	-	1512	35	60	46	52	44	57	43	148	26	13
gene-Y75_RS13330	NC_007779.1	2677040	2678023	-	984	48	43	32	15	46	41	35	71	2	12
gene-Y75_RS13335	NC_007779.1	2678120	2681401	-	3282	71	101	71	67	127	71	140	180	196	142
gene-Y75_RS13340	NC_007779.1	2681519	2682712	+	1194	253	300	323	308	459	355	372	660	240	249
gene-Y75_RS13345	NC_007779.1	2682910	2684163	-	1254	33726	20649	27109	25523	34751	30695	31744	72488	27277	27373
gene-Y75_RS13350	NC_007779.1	2684491	2685681	+	1191	603	536	440	363	486	560	517	1187	376	394
gene-Y75_RS13355	NC_007779.1	2685726	2686064	-	339	1225	886	1319	1173	1368	1179	1199	3416	1002	933
gene-Y75_RS13360	NC_007779.1	2686125	2687459	-	1335	442	463	389	356	522	420	399	1269	456	393
gene-Y75_RS13365	NC_007779.1	2687449	2688162	-	714	377	388	334	330	426	381	437	787	335	373
gene-Y75_RS13370	NC_007779.1	2688327	2689754	-	1428	703	660	620	597	704	627	607	1282	569	604
gene-Y75_RS13375	NC_007779.1	2690312	2694199	-	3888	16712	10415	19411	18199	23578	20589	18998	39070	14435	15746
gene-Y75_RS13380	NC_007779.1	2694457	2696013	+	1557	396	261	463	378	476	367	403	1093	607	637
gene-Y75_RS13385	NC_007779.1	2696010	2696513	-	504	380	249	354	311	464	359	354	985	378	337
gene-Y75_RS13390	NC_007779.1	2696571	2697206	-	636	297	299	237	238	220	255	233	764	224	229
gene-Y75_RS13395	NC_007779.1	2697415	2698263	+	849	229	151	206	233	278	207	242	530	169	164
gene-Y75_RS13400	NC_007779.1	2698319	2698579	+	261	235	192	230	164	241	219	212	580	238	194
gene-Y75_RS13405	NC_007779.1	2698773	2698853	-	81	176	137	349	353	325	312	279	269	163	226
gene-Y75_RS13420	NC_007779.1	2699274	2699654	-	381	436	341	248	258	343	307	379	1044	245	210
gene-Y75_RS13425	NC_007779.1	2699654	2700385	-	732	1242	1306	871	774	1045	926	1044	2971	712	726
gene-Y75_RS13430	NC_007779.1	2700397	2701125	-	729	505	379	398	368	610	480	483	1528	456	492
gene-Y75_RS13435	NC_007779.1	2701137	2702042	-	906	1894	1717	1987	1908	2632	2233	2173	5401	1672	1758
gene-Y75_RS13440	NC_007779.1	2702039	2702719	-	681	1975	1723	2234	2152	2727	2253	2198	5027	1763	1577
gene-Y75_RS13445	NC_007779.1	2702991	2703965	-	975	2277	2088	3240	2791	3484	3402	3095	6874	2419	2394
gene-Y75_RS13450	NC_007779.1	2703981	2705780	-	1800	5538	4581	7363	6649	8393	7391	7069	15138	5256	5398
gene-Y75_RS13455	NC_007779.1	2705978	2706457	-	480	381	348	294	348	430	409	407	841	572	524
gene-Y75_RS13460	NC_007779.1	2706454	2707410	-	957	1654	1906	1294	1177	1547	1345	1488	4111	2859	2857
gene-Y75_RS13465	NC_007779.1	2707410	2708060	-	651	2389	2923	1292	1185	1466	1393	1405	5234	3626	3787
gene-Y75_RS13470	NC_007779.1	2708093	2708668	-	576	1739	2089	1005	972	1109	999	1164	4209	3062	3042
gene-Y75_RS24975	NC_007779.1	2708665	2708820	-	156	286	204	244	214	327	247	285	997	347	295
gene-Y75_RS13480	NC_007779.1	2709076	2710698	+	1623	1549	976	2013	1676	1873	1696	1451	3209	2136	2274
gene-Y75_RS13485	NC_007779.1	2710683	2711420	-	738	331	297	417	373	417	337	317	701	334	297
gene-Y75_RS13490	NC_007779.1	2711552	2712886	+	1335	2082	1549	1719	1624	2231	1936	1788	4784	2011	2068
gene-Y75_RS13500	NC_007779.1	2713095	2713976	-	882	219	208	199	166	196	221	182	486	167	169
gene-Y75_RS13505	NC_007779.1	2714079	2714666	+	588	90	89	71	67	105	87	77	204	43	36
gene-Y75_RS13510	NC_007779.1	2714722	2715105	-	384	1473	7606	657	648	788	828	797	3266	594	537
gene-Y75_RS13515	NC_007779.1	2715410	2716099	+	690	1045	943	954	848	1068	965	1102	2055	499	493
gene-Y75_RS13520	NC_007779.1	2716147	2717184	-	1038	2014	2018	1970	1690	2328	1953	1816	4618	2226	2371
gene-Y75_RS13530	NC_007779.1	2717391	2717810	+	420	724	586	746	728	900	773	668	1517	442	476
gene-Y75_RS13535	NC_007779.1	2717879	2718577	+	699	224	154	130	116	121	129	104	552	242	246
gene-Y75_RS13540	NC_007779.1	2718609	2721269	+	2661	766	580	576	516	600	590	649	1892	592	656
gene-Y75_RS13545	NC_007779.1	2721383	2722738	+	1356	3062	2943	4131	3671	4815	3959	3949	8655	2053	1982
gene-Y75_RS13550	NC_007779.1	2722784	2723107	+	324	318	439	415	376	588	442	483	899	29	36
gene-Y75_RS13555	NC_007779.1	2723104	2724402	-	1299	13051	17049	14270	13269	16123	14512	14589	33463	743	852
gene-Y75_RS13565	NC_007779.1	2724727	2724842	-	116	3	2	2	0	1	0	4	0	0	0
gene-Y75_RS13570	NC_007779.1	2724937	2727840	-	2904	5	5	15	18	17	8	2	15	33	44
gene-Y75_RS13575	NC_007779.1	2728025	2728100	-	76	1602	1222	1335	1160	1472	1338	1195	1256	0	0
gene-Y75_RS13580	NC_007779.1	2728272	2729813	-	1542	29	30	85	29	42	51	55	75	40	106
gene-Y75_RS13585	NC_007779.1	2730256	2732829	-	2574	8467	7685	7279	7249	7375	7112	5813	16228	6763	6823
gene-Y75_RS13590	NC_007779.1	2732959	2733690	-	732	478	386	550	502	711	675	509	1350	455	487
gene-Y75_RS13595	NC_007779.1	2733687	2734667	-	981	1287	920	1497	1357	1812	1560	1537	3527	1104	1015
gene-Y75_RS13600	NC_007779.1	2734802	2735539	+	738	5624	4599	4747	4272	5651	4956	5958	13464	5464	5158
gene-Y75_RS13610	NC_007779.1	2735810	2736151	+	342	6020	4941	3442	2969	3188	3096	4091	11609	5921	6266
gene-Y75_RS24980	NC_007779.1	2736255	2736302	+	48	148	243	245	182	262	247	244	484	27	13
gene-Y75_RS13615	NC_007779.1	2736401	2737561	+	1161	2446	3265	3801	3401	5108	4554	4349	9467	3350	3023
gene-Y75_RS13620	NC_007779.1	2737604	2738725	-	1122	2575	1417	3935	3659	4364	4008	3185	10053	4555	4759
gene-Y75_RS13625	NC_007779.1	2738736	2739806	-	1071	4928	2598	7637	6959	8315	8104	7316	19239	8402	8664
gene-Y75_RS13630	NC_007779.1	2740016	2740381	+	366	75	74	75	61	65	76	86	192	59	83
gene-Y75_RS13635	NC_007779.1	2740531	2741049	+	519	237	273	208	212	231	210	282	472	132	113
gene-Y75_RS13640	NC_007779.1	2741039	2742265	+	1227	301	256	165	174	252	202	273	517	176	150
gene-Y75_RS13645	NC_007779.1	2742281	2742763	+	483	370	323	328	272	429	310	431	648	151	133
gene-Y75_RS13650	NC_007779.1	2742839	2743186	-	348	10661	7200	13613	12260	14295	13047	12091	36778	10525	10568
gene-Y75_RS13655	NC_007779.1	2743228	2743995	-	768	22662	16079	27416	25288	34628	29774	28474	84560	21129	21295
gene-Y75_RS13660	NC_007779.1	2744026	2744574	-	549	20695	15066	25616	23211	31844	27486	26302	67942	18438	17934
gene-Y75_RS13665	NC_007779.1	2744593	2744841	-	249	10333	7068	13740	12578	16278	14167	13032	34921	9427	9490
gene-Y75_RS13670	NC_007779.1	2745090	2746451	-	1362	3351	2783	4131	3822	4978	4608	4128	7646	2490	2479
gene-Y75_RS13675	NC_007779.1	2746618	2747409	+	792	600	673	654	560	742	697	655	1813	753	794
gene-Y75_RS13680	NC_007779.1	2747430	2748716	+	1287	626	743	581	544	675	641	693	1863	926	876
gene-Y75_RS13685	NC_007779.1	2748771	2749364	-	594	4326	2969	4329	4029	4805	4387	4124	11592	4304	4207
gene-Y75_RS13695	NC_007779.1	2749487	2750365	+	879	854	893	669	579	889	722	885	1837	544	597
gene-Y75_RS13700	NC_007779.1	2750451	2752112	+	1662	602	456	514	489	646	503	581	1408	829	753
gene-Y75_RS13705	NC_007779.1	2752261	2752602	+	342	2718	2620	2710	2290	2809	2417	2693	6021	2209	2284
gene-Y75_RS13710	NC_007779.1	2752664	2752954	-	291	387	254	462	454	633	501	514	1091	418	413
gene-Y75_RS13715	NC_007779.1	2752944	2753381	-	438	685	542	861	743	930	770	772	2085	648	606
gene-Y75_RS13720	NC_007779.1	2753552	2754034	+	483	1708	1598	1661	1485	1987	1661	1849	3755	969	1034
gene-Y75_RS13725	NC_007779.1	2754249	2754611	+	363	591091	609949	492521	457353	558605	476883	520750	1152357	241259	247557
gene-Y75_RS13730	NC_007779.1	2754815	2756056	+	1242	1160	999	1102	969	1269	1140	1208	2553	0	0
gene-Y75_RS13735	NC_007779.1	2756300	2757256	-	957	128	182	103	79	127	96	126	246	0	0
gene-Y75_RS13740	NC_007779.1	2757300	2757512	+	213	19	18	22	11	8	20	15	34	0	0
gene-Y75_RS13745	NC_007779.1	2757641	2759050	+	1410	31	32	19	14	38	24	29	44	0	0
gene-Y75_RS13750	NC_007779.1	2759203	2759829	+	627	38	45	36	19	33	24	29	60	0	0
gene-Y75_RS13755	NC_007779.1	2760007	2762196	-	2190	822	898	606	497	602	558	649	1848	0	0
gene-Y75_RS13760	NC_007779.1	2762193	2763809	-	1617	966	1115	660	551	814	682	948	2071	0	0
gene-Y75_RS13765	NC_007779.1	2764169	2764432	-	264	46	65	34	39	58	49	37	83	0	0
gene-Y75_RS13770	NC_007779.1	2764574	2765647	+	1074	1645	2043	1354	1308	1671	1486	1808	3901	0	0
gene-Y75_RS13775	NC_007779.1	2765640	2766011	+	372	376	455	350	289	438	298	362	795	0	0
gene-Y75_RS13780	NC_007779.1	2766366	2767229	+	864	57	53	74	104	118	68	71	139	0	0
gene-Y75_RS13785	NC_007779.1	2767321	2768142	+	822	27	29	21	28	46	18	18	62	0	0
gene-Y75_RS13790	NC_007779.1	2768359	2769060	+	702	49	37	33	41	59	46	38	76	0	0
gene-Y75_RS13795	NC_007779.1	2769101	2769337	+	237	10	8	8	5	11	11	4	27	0	0
gene-Y75_RS13800	NC_007779.1	2769337	2769780	+	444	24	27	22	24	19	15	23	105	0	0
gene-Y75_RS13805	NC_007779.1	2769804	2770271	+	468	43	70	76	40	68	85	46	250	0	0
gene-Y75_RS13820	NC_007779.1	2771974	2773677	+	1704	447	448	147	144	275	198	278	767	0	0
gene-Y75_RS13825	NC_007779.1	2774575	2775033	+	459	23	34	37	18	28	31	23	49	0	0
gene-Y75_RS13830	NC_007779.1	2775042	2775524	+	483	2	3	4	17	17	12	16	19	0	0
gene-Y75_RS24055	NC_007779.1	2775533	2775733	+	201	0	6	9	9	6	2	3	15	0	0
gene-Y75_RS13835	NC_007779.1	2775771	2776088	+	318	10	6	10	15	8	9	12	28	0	0
gene-Y75_RS13840	NC_007779.1	2776109	2776438	+	330	27	16	25	31	31	23	22	51	0	0
gene-Y75_RS13845	NC_007779.1	2776802	2781382	-	4581	378	392	341	333	443	332	379	836	0	0
gene-Y75_RS24060	NC_007779.1	2781447	2781566	-	120	1	3	2	2	2	3	1	3	0	0
gene-Y75_RS13860	NC_007779.1	2784418	2784493	-	76	3	4	3	3	2	7	2	6	0	0
gene-Y75_RS13880	NC_007779.1	2787641	2788618	+	978	93	77	77	70	105	93	110	430	174	156
gene-Y75_RS13885	NC_007779.1	2788638	2789906	+	1269	82	60	45	50	76	76	82	342	196	191
gene-Y75_RS13890	NC_007779.1	2789929	2791377	+	1449	185	135	124	96	157	104	166	757	192	251
gene-Y75_RS13895	NC_007779.1	2791391	2792671	+	1281	206	181	112	125	171	160	176	786	252	282
gene-Y75_RS13900	NC_007779.1	2792909	2794309	+	1401	109	93	67	97	93	97	68	294	89	99
gene-Y75_RS13905	NC_007779.1	2794330	2794992	+	663	193	253	163	195	222	185	167	567	143	141
gene-Y75_RS13910	NC_007779.1	2794993	2795442	-	450	465	373	265	213	299	281	308	1745	237	302
gene-Y75_RS13915	NC_007779.1	2795526	2795684	-	159	281	244	323	321	308	279	313	721	309	246
gene-Y75_RS13920	NC_007779.1	2795867	2796166	+	300	48	69	63	62	76	84	57	162	56	59
gene-Y75_RS13925	NC_007779.1	2796176	2796700	+	525	138	222	156	109	173	156	170	575	125	117
gene-Y75_RS13930	NC_007779.1	2796747	2797151	-	405	7164	3528	6685	6278	7711	7444	7088	25842	3812	3106
gene-Y75_RS13935	NC_007779.1	2797820	2798269	+	450	22	19	15	15	23	16	20	30	28	29
gene-Y75_RS13940	NC_007779.1	2798306	2798650	-	345	81	70	49	49	74	35	71	151	201	245
gene-Y75_RS13945	NC_007779.1	2798802	2799131	+	330	93	126	44	57	73	39	51	1115	170	184
gene-Y75_RS13950	NC_007779.1	2799379	2799624	+	246	304	173	201	198	272	240	124	917	88	53
gene-Y75_RS13955	NC_007779.1	2799621	2800031	+	411	165	97	76	89	152	126	58	547	44	37
gene-Y75_RS13960	NC_007779.1	2800004	2802148	+	2145	750	648	638	529	737	614	426	2109	280	243
gene-Y75_RS13965	NC_007779.1	2802158	2803117	+	960	231	253	208	206	206	176	139	714	120	115
gene-Y75_RS13970	NC_007779.1	2803471	2804673	+	1203	1504	2143	695	617	800	607	944	1392	95	66
gene-Y75_RS13975	NC_007779.1	2804666	2805730	+	1065	719	999	416	317	356	331	401	747	48	73
gene-Y75_RS13980	NC_007779.1	2805788	2806780	+	993	1085	1046	479	412	624	420	692	820	102	135
gene-Y75_RS13990	NC_007779.1	2808273	2809010	+	738	1467	1673	1515	1398	1751	1480	1651	3701	1371	1405
gene-Y75_RS13995	NC_007779.1	2809000	2809335	+	336	437	366	422	432	463	431	429	1074	323	368
gene-Y75_RS14000	NC_007779.1	2809426	2809956	+	531	3802	2262	3099	3004	3693	3479	3973	6786	2469	2424
gene-Y75_RS14005	NC_007779.1	2810083	2811255	+	1173	1032	828	1900	1707	2678	2119	2390	2409	538	611
gene-Y75_RS14010	NC_007779.1	2811272	2812810	+	1539	645	496	1213	1143	1518	1357	1331	1817	362	369
gene-Y75_RS14015	NC_007779.1	2812874	2813389	-	516	4631	4903	3232	3165	4115	3642	3439	10475	3671	3762
gene-Y75_RS14020	NC_007779.1	2813539	2815095	-	1557	3865	3663	3854	3316	4445	3971	3698	10212	3516	3374
gene-Y75_RS14025	NC_007779.1	2815168	2815596	-	429	578	457	545	518	661	575	569	1775	590	467
gene-Y75_RS14030	NC_007779.1	2815593	2816159	-	567	798	547	881	863	1091	915	948	1813	571	599
gene-Y75_RS14035	NC_007779.1	2816440	2816516	-	77	423	386	522	503	567	476	423	844	604	691
gene-Y75_RS14040	NC_007779.1	2816715	2816791	-	77	1076	769	1161	1058	1358	1101	1076	3126	1661	1422
gene-Y75_RS14045	NC_007779.1	2816854	2816930	-	77	2086	1284	2220	1908	2305	1914	1894	5527	2477	2294
gene-Y75_RS14050	NC_007779.1	2817129	2817205	-	77	1062	594	1145	925	1039	944	892	4712	1215	1369
gene-Y75_RS14055	NC_007779.1	2817209	2817301	-	93	2068	168	1198	1329	1857	1723	1501	15722	1453	1609
gene-Y75_RS14060	NC_007779.1	2817617	2817802	-	186	3884	3672	3928	3413	4002	3606	3831	8704	3287	2961
gene-Y75_RS14065	NC_007779.1	2818037	2820667	-	2631	16438	14777	17115	16332	22559	19866	18470	43478	16396	16294
gene-Y75_RS14075	NC_007779.1	2820795	2821295	-	501	50	36	210	154	246	209	233	100	40	42
gene-Y75_RS14080	NC_007779.1	2821364	2822425	-	1062	4787	3861	4152	3834	5220	4410	4381	11240	4333	4434
gene-Y75_RS14085	NC_007779.1	2822505	2823002	-	498	595	519	588	626	795	628	641	1501	551	527
gene-Y75_RS14090	NC_007779.1	2823147	2824232	-	1086	613	491	727	706	882	779	752	1628	830	821
gene-Y75_RS14095	NC_007779.1	2824488	2825051	+	564	5	6	12	2	16	5	2	66	16	10
gene-Y75_RS14100	NC_007779.1	2825048	2826007	+	960	34	17	33	17	34	34	12	130	21	30
gene-Y75_RS14105	NC_007779.1	2826018	2826389	+	372	5	5	4	9	1	3	13	62	10	17
gene-Y75_RS14110	NC_007779.1	2826393	2827172	+	780	52	68	59	56	88	54	66	280	47	42
gene-Y75_RS14115	NC_007779.1	2827277	2827636	+	360	29	45	36	23	37	38	38	98	23	29
gene-Y75_RS14120	NC_007779.1	2827703	2828476	+	774	264	272	304	252	357	339	300	938	272	246
gene-Y75_RS14125	NC_007779.1	2828469	2829434	+	966	299	282	300	224	356	301	271	775	214	273
gene-Y75_RS14130	NC_007779.1	2829431	2830945	-	1515	300	280	279	277	359	340	301	650	153	197
gene-Y75_RS14135	NC_007779.1	2831132	2832571	+	1440	91	110	80	51	90	63	78	187	53	46
gene-Y75_RS14140	NC_007779.1	2832568	2833701	+	1134	73	62	56	53	83	39	39	124	44	53
gene-Y75_RS14145	NC_007779.1	2833829	2836081	-	2253	212	216	210	213	256	173	180	448	119	178
gene-Y75_RS14150	NC_007779.1	2836234	2836761	-	528	47	31	29	28	52	40	38	78	19	18
gene-Y75_RS14155	NC_007779.1	2836910	2837920	-	1011	315	246	260	231	313	284	285	639	299	369
gene-Y75_RS14160	NC_007779.1	2838180	2839637	+	1458	193	161	118	136	159	127	113	292	22	30
gene-Y75_RS14165	NC_007779.1	2839646	2841070	+	1425	195	198	231	183	261	262	263	409	68	46
gene-Y75_RS14170	NC_007779.1	2841229	2841699	-	471	195	173	205	182	263	189	235	594	122	129
gene-Y75_RS14175	NC_007779.1	2841692	2842102	-	411	43	42	38	39	70	65	54	150	45	30
gene-Y75_RS14180	NC_007779.1	2842099	2842866	-	768	57	60	55	56	74	73	58	137	39	37
gene-Y75_RS14185	NC_007779.1	2842866	2843408	-	543	17	20	6	22	24	18	18	45	13	9
gene-Y75_RS14190	NC_007779.1	2843418	2845127	-	1710	41	38	61	47	91	65	61	106	52	28
gene-Y75_RS14195	NC_007779.1	2845145	2846068	-	924	14	11	14	10	26	21	29	47	17	34
gene-Y75_RS14200	NC_007779.1	2846071	2847897	-	1827	19	36	23	17	47	21	41	85	28	27
gene-Y75_RS14205	NC_007779.1	2847894	2848505	-	612	8	14	6	8	20	16	7	22	2	9
gene-Y75_RS14215	NC_007779.1	2848630	2849091	-	462	2	7	4	13	6	16	15	15	4	7
gene-Y75_RS14220	NC_007779.1	2849303	2849653	+	351	26	16	22	21	8	15	36	63	18	30
gene-Y75_RS14225	NC_007779.1	2849657	2850529	+	873	106	123	126	97	124	144	94	301	92	131
gene-Y75_RS14230	NC_007779.1	2850520	2850792	+	273	16	14	11	17	21	10	17	78	17	10
gene-Y75_RS14235	NC_007779.1	2850792	2851913	+	1122	152	132	148	138	167	154	150	1161	95	154
gene-Y75_RS14240	NC_007779.1	2851910	2852920	+	1011	157	172	242	176	232	212	199	513	152	147
gene-Y75_RS14245	NC_007779.1	2852994	2855072	+	2079	153	178	199	187	288	238	265	462	186	164
gene-Y75_RS14250	NC_007779.1	2855109	2855462	-	354	43	43	27	39	52	38	33	60	14	14
gene-Y75_RS25000	NC_007779.1	2855539	2855673	-	135	2	0	0	2	2	0	0	10	1	4
gene-Y75_RS14255	NC_007779.1	2855749	2858310	+	2562	1622	1563	1607	1412	2002	1652	1625	4564	1608	1593
gene-Y75_RS14260	NC_007779.1	2858416	2859072	+	657	37	48	55	40	40	50	38	81	24	24
gene-Y75_RS14265	NC_007779.1	2859123	2859890	-	768	328	203	318	239	353	321	290	700	216	256
gene-Y75_RS14270	NC_007779.1	2860086	2860994	+	909	50	37	60	54	46	63	58	182	33	59
gene-Y75_RS14275	NC_007779.1	2860991	2862157	+	1167	92	119	83	82	91	107	102	281	83	122
gene-Y75_RS14280	NC_007779.1	2862249	2862887	+	639	20	37	23	17	36	27	30	97	50	50
gene-Y75_RS14285	NC_007779.1	2862892	2863668	+	777	57	68	61	57	74	78	72	127	65	72
gene-Y75_RS14290	NC_007779.1	2863757	2865121	+	1365	64	99	167	144	242	154	155	194	52	70
gene-Y75_RS14305	NC_007779.1	2866270	2867364	-	1095	4768	5513	3527	3487	4106	3869	4591	9204	1566	1574
gene-Y75_RS14310	NC_007779.1	2867549	2868175	-	627	810	680	632	535	715	601	661	1770	564	552
gene-Y75_RS14315	NC_007779.1	2868169	2868930	-	762	978	699	728	757	1049	827	871	2496	762	763
gene-Y75_RS14320	NC_007779.1	2868911	2869960	-	1050	1629	1271	1185	1157	1512	1466	1380	4137	1332	1412
gene-Y75_RS14325	NC_007779.1	2869957	2870436	-	480	444	317	321	366	401	351	353	1160	390	388
gene-Y75_RS14330	NC_007779.1	2870436	2871146	-	711	585	432	515	430	545	523	466	1717	645	654
gene-Y75_RS14335	NC_007779.1	2871165	2871476	-	312	525	367	430	372	494	489	452	1120	533	448
gene-Y75_RS14340	NC_007779.1	2871670	2871993	-	324	207	247	240	240	275	212	258	672	213	240
gene-Y75_RS14345	NC_007779.1	2872043	2872648	-	606	897	553	1102	1196	1290	1138	1143	2737	681	762
gene-Y75_RS14350	NC_007779.1	2872648	2874075	-	1428	5692	4042	7061	6705	8578	7764	7119	17810	4723	4710
gene-Y75_RS14355	NC_007779.1	2874077	2874985	-	909	5419	3773	6405	6069	8000	7302	6784	17559	5011	4960
gene-Y75_RS14360	NC_007779.1	2875237	2876274	+	1038	509	490	428	397	463	445	405	913	377	404
gene-Y75_RS14365	NC_007779.1	2877225	2877509	-	285	76	67	33	56	58	37	62	107	0	0
gene-Y75_RS14370	NC_007779.1	2877511	2878428	-	918	127	164	106	98	130	119	129	314	0	0
gene-Y75_RS14375	NC_007779.1	2878444	2879043	-	600	112	146	58	55	78	58	99	255	0	0
gene-Y75_RS14380	NC_007779.1	2879030	2879704	-	675	131	113	74	70	103	86	96	203	0	0
gene-Y75_RS14385	NC_007779.1	2879707	2880798	-	1092	110	148	95	69	115	71	117	239	0	0
gene-Y75_RS14390	NC_007779.1	2880811	2881293	-	483	28	52	26	13	26	26	11	72	0	0
gene-Y75_RS14395	NC_007779.1	2881286	2882794	-	1509	53	51	39	44	41	32	76	136	0	0
gene-Y75_RS14400	NC_007779.1	2883209	2885875	-	2667	126	166	178	156	209	148	222	375	0	0
gene-Y75_RS14405	NC_007779.1	2886234	2886968	-	735	4387	2804	5334	5184	7064	6154	5399	14551	4188	4216
gene-Y75_RS14410	NC_007779.1	2887043	2888755	-	1713	9288	6222	11365	10717	14876	13377	11877	32811	8692	9511
gene-Y75_RS14415	NC_007779.1	2888755	2890554	-	1800	10588	7367	13061	12308	16795	14707	13227	36805	11278	12538
gene-Y75_RS14420	NC_007779.1	2890873	2891235	+	363	506	255	428	447	564	450	511	1150	577	481
gene-Y75_RS14425	NC_007779.1	2891313	2892584	+	1272	82	73	99	99	114	91	97	236	75	83
gene-Y75_RS14430	NC_007779.1	2892575	2892835	+	261	7	5	8	2	2	11	7	20	0	4
gene-Y75_RS14435	NC_007779.1	2892852	2893427	+	576	35	21	22	23	32	32	38	54	29	19
gene-Y75_RS14440	NC_007779.1	2893575	2894435	-	861	39	28	35	44	38	37	35	69	23	35
gene-Y75_RS14445	NC_007779.1	2894432	2895211	-	780	4	16	20	11	12	9	18	41	5	10
gene-Y75_RS14450	NC_007779.1	2895189	2896598	-	1410	17	20	21	16	13	14	12	59	19	9
gene-Y75_RS14455	NC_007779.1	2896620	2898074	-	1455	65	59	84	62	108	75	88	124	39	34
gene-Y75_RS14460	NC_007779.1	2898144	2898929	-	786	10	4	21	12	26	15	16	17	6	6
gene-Y75_RS14465	NC_007779.1	2899248	2900525	+	1278	66	72	52	52	84	82	68	124	44	66
gene-Y75_RS14470	NC_007779.1	2900552	2902030	+	1479	67	81	81	70	83	57	64	167	41	67
gene-Y75_RS14475	NC_007779.1	2903403	2904074	-	672	205	197	228	222	253	169	216	387	187	164
gene-Y75_RS14480	NC_007779.1	2904213	2904353	+	141	0	0	0	0	0	0	3	2	0	0
gene-Y75_RS14485	NC_007779.1	2904367	2905239	+	873	14	14	43	44	52	62	51	43	14	12
gene-Y75_RS14490	NC_007779.1	2905299	2906597	-	1299	39176	31173	62556	57950	75935	68113	72252	90093	21450	21345
gene-Y75_RS14495	NC_007779.1	2906685	2908322	-	1638	9153	7426	16369	15226	20053	18043	17021	22695	7299	7171
gene-Y75_RS14500	NC_007779.1	2908550	2909341	-	792	625	488	393	402	567	486	497	1185	512	459
gene-Y75_RS14505	NC_007779.1	2909412	2909747	-	336	283	260	172	188	223	210	243	595	181	179
gene-Y75_RS14510	NC_007779.1	2909747	2909995	-	249	267	241	243	189	293	205	272	739	182	248
gene-Y75_RS14515	NC_007779.1	2910073	2912307	-	2235	3116	3066	2646	2413	3170	3126	3048	6956	2512	2394
gene-Y75_RS14520	NC_007779.1	2912355	2913656	-	1302	643	592	609	582	687	554	635	1641	460	465
gene-Y75_RS14525	NC_007779.1	2913713	2916469	+	2757	1162	1051	1106	1000	1242	1087	1134	2671	780	815
gene-Y75_RS14530	NC_007779.1	2916701	2918041	-	1341	108	129	152	127	152	163	149	302	117	146
gene-Y75_RS14535	NC_007779.1	2918062	2919402	-	1341	87	84	80	72	89	72	82	169	40	46
gene-Y75_RS14540	NC_007779.1	2919404	2920756	-	1353	22	27	26	24	20	23	26	43	45	43
gene-Y75_RS14545	NC_007779.1	2921191	2921640	-	450	720	771	624	543	751	649	682	1662	478	483
gene-Y75_RS14550	NC_007779.1	2921658	2922440	-	783	349	226	394	353	390	451	487	985	361	341
gene-Y75_RS14555	NC_007779.1	2922440	2922769	-	330	174	175	200	225	259	233	300	517	174	183
gene-Y75_RS14565	NC_007779.1	2923391	2923936	-	546	467	567	446	427	562	455	475	1232	400	464
gene-Y75_RS14570	NC_007779.1	2924004	2924852	+	849	933	837	1004	914	1112	977	1058	2330	1109	1068
gene-Y75_RS14575	NC_007779.1	2924964	2926328	+	1365	1866	2204	1387	1304	1649	1548	1707	4476	1907	1735
gene-Y75_RS14580	NC_007779.1	2926885	2928174	+	1290	412	473	315	292	324	325	296	2490	1614	1574
gene-Y75_RS14585	NC_007779.1	2928232	2929599	+	1368	211	200	198	156	221	160	173	1237	718	661
gene-Y75_RS14590	NC_007779.1	2929711	2930466	+	756	254	198	246	212	293	251	237	599	196	207
gene-Y75_RS14595	NC_007779.1	2930521	2931669	-	1149	144	129	93	96	125	142	91	357	109	135
gene-Y75_RS14600	NC_007779.1	2931697	2932344	-	648	49	36	31	27	36	49	49	83	37	31
gene-Y75_RS14605	NC_007779.1	2932891	2934207	+	1317	50	28	26	34	43	41	32	81	0	0
gene-Y75_RS14610	NC_007779.1	2934240	2936015	+	1776	92	94	78	105	112	117	110	295	268	221
gene-Y75_RS14615	NC_007779.1	2936124	2937542	+	1419	273	236	176	191	206	189	205	539	259	244
gene-Y75_RS14620	NC_007779.1	2937544	2937966	+	423	342	361	226	217	284	264	283	682	260	261
gene-Y75_RS14625	NC_007779.1	2938024	2938755	+	732	507	418	383	347	435	388	380	1086	350	345
gene-Y75_RS14630	NC_007779.1	2938799	2939899	-	1101	1066	981	1303	1244	1456	1300	1301	2781	875	868
gene-Y75_RS14635	NC_007779.1	2939892	2940287	-	396	172	175	218	254	265	250	192	535	156	142
gene-Y75_RS14640	NC_007779.1	2940306	2941223	-	918	609	617	655	603	778	645	717	1594	572	518
gene-Y75_RS14645	NC_007779.1	2941574	2941801	-	228	163	191	145	171	179	190	116	610	125	119
gene-Y75_RS14650	NC_007779.1	2941993	2943198	+	1206	776	730	627	636	680	694	662	1548	545	540
gene-Y75_RS14655	NC_007779.1	2943198	2943641	+	444	265	239	343	297	412	380	364	701	299	243
gene-Y75_RS14660	NC_007779.1	2943692	2944498	-	807	668	677	2100	1874	2590	2230	2271	1720	735	680
gene-Y75_RS14665	NC_007779.1	2944737	2945834	-	1098	2028	1495	2498	2266	2983	2558	2600	3827	2019	2132
gene-Y75_RS14670	NC_007779.1	2946043	2946119	+	77	1580	438	716	597	1017	887	1033	5170	968	1026
gene-Y75_RS14675	NC_007779.1	2946153	2946229	+	77	2806	945	1205	1268	1585	1321	1450	6730	1348	1782
gene-Y75_RS14680	NC_007779.1	2946263	2946339	+	77	224	45	167	211	225	181	140	321	91	117
gene-Y75_RS14685	NC_007779.1	2946413	2947666	-	1254	902	914	967	829	1100	992	965	2278	702	696
gene-Y75_RS14690	NC_007779.1	2947898	2949229	+	1332	5333	1665	7297	6838	8464	7462	7202	14626	5616	5379
gene-Y75_RS14695	NC_007779.1	2949291	2951117	-	1827	922	675	1056	899	1175	1061	955	2443	882	848
gene-Y75_RS14700	NC_007779.1	2951117	2954659	-	3543	1606	1422	1161	965	1459	1252	1130	4111	1694	1768
gene-Y75_RS14705	NC_007779.1	2954652	2957540	-	2889	1170	1240	1011	942	1201	1046	1052	2856	1513	1462
gene-Y75_RS14710	NC_007779.1	2957716	2961084	-	3369	1438	1622	1549	1286	1626	1430	1403	3687	1333	1352
gene-Y75_RS14715	NC_007779.1	2961097	2961420	-	324	18	26	24	18	45	16	56	129	26	23
gene-Y75_RS14720	NC_007779.1	2961405	2961812	-	408	24	29	28	20	22	26	32	98	26	21
gene-Y75_RS14725	NC_007779.1	2961809	2962372	-	564	29	34	46	29	49	26	50	115	37	34
gene-Y75_RS14730	NC_007779.1	2962363	2962833	-	471	9	17	23	21	25	18	24	42	12	16
gene-Y75_RS14735	NC_007779.1	2963017	2963811	-	795	1622	1528	1292	1289	1625	1402	1471	4315	2054	2030
gene-Y75_RS14740	NC_007779.1	2963818	2964693	-	876	1104	1051	958	897	1111	977	954	2617	1028	951
gene-Y75_RS14745	NC_007779.1	2964844	2967090	-	2247	4057	3867	2585	2330	3150	2809	2689	8664	1862	1887
gene-Y75_RS14750	NC_007779.1	2967103	2967633	-	531	1903	1978	1673	1305	2002	1748	1669	4499	1077	1086
gene-Y75_RS25540	NC_007779.1	2967986	2968132	-	147	38	41	39	29	34	35	34	73	27	22
gene-Y75_RS14765	NC_007779.1	2968318	2969007	+	690	236	291	220	253	346	329	277	608	217	214
gene-Y75_RS14770	NC_007779.1	2969076	2969789	+	714	502	457	627	509	656	586	560	1280	312	286
gene-Y75_RS14775	NC_007779.1	2969927	2970145	+	219	368	381	272	275	270	311	352	691	297	342
gene-Y75_RS14780	NC_007779.1	2970253	2971293	+	1041	1994	2028	1768	1761	2282	2121	2166	4388	1266	1362
gene-Y75_RS14785	NC_007779.1	2971325	2972518	-	1194	305	319	278	222	277	303	337	801	248	269
gene-Y75_RS14790	NC_007779.1	2972511	2974670	-	2160	1052	1181	796	746	914	831	1100	2782	901	934
gene-Y75_RS14795	NC_007779.1	2975255	2976286	+	1032	450	514	545	553	576	639	484	1383	415	416
gene-Y75_RS14800	NC_007779.1	2976293	2977555	-	1263	1689	1308	2023	2060	2394	2151	2110	5216	2031	1948
gene-Y75_RS14805	NC_007779.1	2977677	2978612	+	936	185	164	162	177	205	194	160	491	119	115
gene-Y75_RS14810	NC_007779.1	2978599	2979291	-	693	480	538	344	351	515	442	434	1061	172	180
gene-Y75_RS14815	NC_007779.1	2979420	2980838	-	1419	267	274	284	247	321	321	316	425	86	78
gene-Y75_RS14820	NC_007779.1	2981153	2981914	-	762	171	178	215	230	261	259	212	287	87	76
gene-Y75_RS14825	NC_007779.1	2981944	2982780	-	837	134	101	240	243	281	271	231	189	81	68
gene-Y75_RS14830	NC_007779.1	2983067	2984248	-	1182	1460	964	1815	1727	2205	1877	1796	2244	1087	1096
gene-Y75_RS14835	NC_007779.1	2984503	2985732	+	1230	119	131	130	127	137	134	128	196	111	120
gene-Y75_RS14840	NC_007779.1	2986192	2986824	+	633	46	62	29	21	28	40	49	66	27	12
gene-Y75_RS14845	NC_007779.1	2987158	2987967	+	810	58	63	69	61	56	65	84	131	0	0
gene-Y75_RS14850	NC_007779.1	2987960	2988442	+	483	13	16	21	3	14	5	14	33	0	0
gene-Y75_RS24100	NC_007779.1	2988475	2988555	-	81	0	0	0	2	0	2	0	12	0	0
gene-Y75_RS14855	NC_007779.1	2988591	2989016	-	426	6	2	0	2	2	4	2	9	0	0
gene-Y75_RS14865	NC_007779.1	2989924	2990415	+	492	9	4	2	2	8	4	7	10	0	0
gene-Y75_RS14870	NC_007779.1	2990750	2992126	+	1377	25	32	12	34	22	28	31	52	0	0
gene-Y75_RS14875	NC_007779.1	2992294	2992512	+	219	9	6	3	0	8	10	19	16	0	0
gene-Y75_RS14910	NC_007779.1	2995028	2996256	-	1229	19	26	8	12	13	16	23	32	0	0
gene-Y75_RS25545	NC_007779.1	2996345	2996623	-	279	91	64	59	52	63	56	68	120	0	0
gene-Y75_RS14925	NC_007779.1	2996690	2997484	-	795	173	201	289	214	302	265	314	303	14	18
gene-Y75_RS14930	NC_007779.1	2997640	2997713	-	74	125	47	139	148	211	178	154	191	125	131
gene-Y75_RS14935	NC_007779.1	2997792	2998547	-	756	802	891	640	634	894	775	812	1622	415	383
gene-Y75_RS14940	NC_007779.1	2998962	3001259	+	2298	88	123	110	88	124	108	127	269	90	97
gene-Y75_RS14945	NC_007779.1	3001270	3002148	+	879	35	38	27	29	59	31	35	125	24	51
gene-Y75_RS14950	NC_007779.1	3002145	3002624	+	480	45	28	12	25	28	19	30	83	17	21
gene-Y75_RS14955	NC_007779.1	3002664	3004442	-	1779	254	251	196	163	180	196	223	410	136	121
gene-Y75_RS14960	NC_007779.1	3004921	3006108	+	1188	21	41	21	21	25	27	24	29	19	6
gene-Y75_RS14965	NC_007779.1	3006166	3007362	+	1197	88	76	81	77	82	68	66	152	44	50
gene-Y75_RS14970	NC_007779.1	3007420	3008631	+	1212	50	32	38	44	39	46	54	116	25	22
gene-Y75_RS14975	NC_007779.1	3008684	3010069	+	1386	67	65	61	42	74	58	51	143	41	21
gene-Y75_RS14980	NC_007779.1	3010117	3011049	+	933	133	123	88	100	128	142	101	250	65	86
gene-Y75_RS14985	NC_007779.1	3011270	3012895	-	1626	88	106	88	58	71	83	76	155	66	48
gene-Y75_RS14990	NC_007779.1	3012943	3013713	-	771	8	21	19	15	4	14	15	28	9	6
gene-Y75_RS14995	NC_007779.1	3013816	3014394	+	579	60	61	46	44	30	36	50	76	6	6
gene-Y75_RS15000	NC_007779.1	3014716	3017814	+	3099	198	160	123	150	174	211	186	349	69	78
gene-Y75_RS15005	NC_007779.1	3017817	3019145	+	1329	31	24	10	18	20	14	22	45	13	14
gene-Y75_RS15010	NC_007779.1	3019196	3019975	+	780	47	27	22	22	57	22	42	124	27	24
gene-Y75_RS15015	NC_007779.1	3019972	3022842	+	2871	181	170	176	160	213	243	207	384	97	104
gene-Y75_RS15020	NC_007779.1	3023007	3024407	+	1401	79	130	80	75	99	71	93	148	32	40
gene-Y75_RS15025	NC_007779.1	3024425	3025741	+	1317	230	213	167	171	228	227	220	467	130	118
gene-Y75_RS15030	NC_007779.1	3025777	3027144	+	1368	160	134	145	112	154	153	130	307	104	92
gene-Y75_RS15035	NC_007779.1	3027180	3027668	-	489	37	21	24	18	39	23	23	90	20	21
gene-Y75_RS15040	NC_007779.1	3027668	3029587	-	1920	62	65	71	76	94	72	86	180	45	44
gene-Y75_RS15050	NC_007779.1	3030023	3031471	+	1449	20	27	22	21	19	25	32	47	23	18
gene-Y75_RS15055	NC_007779.1	3031473	3031598	+	126	0	0	0	0	0	0	0	4	0	0
gene-Y75_RS25010	NC_007779.1	3031595	3031666	-	72	2	0	0	0	0	0	0	15	0	0
gene-Y75_RS15060	NC_007779.1	3031721	3032269	+	549	120	115	108	76	107	116	89	400	67	74
gene-Y75_RS15065	NC_007779.1	3032313	3033830	-	1518	9013	7807	9981	8927	12376	11195	10828	24332	5259	5512
gene-Y75_RS15070	NC_007779.1	3033840	3034938	-	1099	6883	6263	7323	6651	9905	8803	8790	19799	3984	4237
gene-Y75_RS15075	NC_007779.1	3035029	3036762	-	1734	1558	1380	1573	1435	1964	1693	1701	4028	1485	1540
gene-Y75_RS15080	NC_007779.1	3036768	3037478	-	711	1041	1037	929	925	1281	1170	1313	2786	1046	980
gene-Y75_RS15085	NC_007779.1	3037503	3038399	-	897	762	700	791	707	1036	914	978	2078	807	784
gene-Y75_RS15090	NC_007779.1	3038511	3039032	+	522	1109	907	1334	1099	1435	1227	1288	2351	812	694
gene-Y75_RS15095	NC_007779.1	3039072	3039479	-	408	376	270	292	317	372	261	302	923	243	237
gene-Y75_RS15100	NC_007779.1	3039460	3039726	-	267	822	559	641	576	794	721	822	1823	477	417
gene-Y75_RS15105	NC_007779.1	3039969	3040949	+	981	3825	3310	3224	3082	3999	3629	3397	9149	1915	1960
gene-Y75_RS15110	NC_007779.1	3041145	3041804	-	660	473	597	435	331	576	464	453	1027	275	271
gene-Y75_RS15115	NC_007779.1	3041968	3042279	-	312	511	386	446	455	535	433	524	1148	416	423
gene-Y75_RS15120	NC_007779.1	3042324	3043757	+	1434	2062	1669	1738	1566	2016	1852	2002	4750	1349	1184
gene-Y75_RS15125	NC_007779.1	3043814	3044557	-	744	81	50	295	291	434	384	284	345	66	97
gene-Y75_RS15130	NC_007779.1	3044824	3047697	-	2874	2441	1137	3206	3006	4183	3682	3136	8032	3398	3742
gene-Y75_RS15135	NC_007779.1	3047816	3048205	-	390	1167	396	1634	1589	2280	1909	1657	4227	1550	1546
gene-Y75_RS15140	NC_007779.1	3048229	3049323	-	1095	2144	768	2876	2870	4241	3519	2923	6894	3467	3489
gene-Y75_RS25015	NC_007779.1	3049614	3049697	+	84	37	22	37	40	65	46	56	99	7	5
gene-Y75_RS15145	NC_007779.1	3049771	3050973	-	1203	1039	951	968	805	1072	1004	1133	2283	494	499
gene-Y75_RS15150	NC_007779.1	3050996	3052174	-	1179	1066	1031	889	897	1181	980	940	2434	508	531
gene-Y75_RS15155	NC_007779.1	3052171	3053496	-	1326	2890	2563	2543	2364	3115	2875	2781	6322	1381	1356
gene-Y75_RS15160	NC_007779.1	3053522	3054100	-	579	1728	1580	1850	1622	2291	1870	1951	4096	1056	970
gene-Y75_RS15165	NC_007779.1	3054268	3054597	+	330	2208	2395	2102	1889	2339	1984	1862	4774	1286	1204
gene-Y75_RS15170	NC_007779.1	3054639	3054822	+	184	86208	113785	78055	65779	54003	49041	52795	162968	66017	65569
gene-Y75_RS15175	NC_007779.1	3054843	3055445	+	603	216	305	282	275	309	278	282	648	200	201
gene-Y75_RS24140	NC_007779.1	3055546	3055605	-	60	276	113	359	350	382	336	369	717	209	226
gene-Y75_RS15180	NC_007779.1	3055834	3057066	-	1233	32448	32545	20345	19332	24948	22510	25723	70377	12133	12622
gene-Y75_RS15185	NC_007779.1	3057322	3057981	-	660	3954	3392	3264	3125	3662	3383	3629	8900	2318	2228
gene-Y75_RS15190	NC_007779.1	3058037	3058267	-	231	23	18	17	8	21	16	9	79	11	10
gene-Y75_RS15195	NC_007779.1	3058409	3059302	+	894	1104	1263	1057	879	1240	1237	1094	2687	890	876
gene-Y75_RS15200	NC_007779.1	3059506	3061650	+	2145	132	106	111	121	151	83	92	244	63	70
gene-Y75_RS15205	NC_007779.1	3061643	3062638	+	996	34	27	17	29	51	32	28	77	13	22
gene-Y75_RS15210	NC_007779.1	3062649	3063434	+	786	24	43	36	32	53	24	56	81	48	40
gene-Y75_RS15215	NC_007779.1	3063458	3064936	+	1479	54	107	64	56	84	69	77	207	52	46
gene-Y75_RS15220	NC_007779.1	3064933	3065829	-	897	156	213	127	93	151	146	137	239	77	60
gene-Y75_RS15225	NC_007779.1	3065996	3066736	-	741	1347	1140	974	902	1173	1026	1120	3536	1053	1069
gene-Y75_RS15230	NC_007779.1	3066829	3067464	-	636	298	325	187	169	216	192	222	582	129	125
gene-Y75_RS15235	NC_007779.1	3067603	3068463	-	861	4082	6021	2179	1954	2378	2070	2589	6036	1646	1620
gene-Y75_RS15240	NC_007779.1	3068821	3069900	-	1080	21480	12703	19649	18066	24136	21764	22350	44910	14589	14295
gene-Y75_RS15245	NC_007779.1	3070115	3071278	-	1164	17052	11168	14093	13540	17122	15676	16078	36709	10085	9720
gene-Y75_RS15250	NC_007779.1	3071328	3072347	-	1020	3648	2791	3591	3301	4229	3859	3549	9486	2777	2889
gene-Y75_RS15255	NC_007779.1	3072632	3073345	-	714	344	370	338	246	374	289	343	747	213	209
gene-Y75_RS15260	NC_007779.1	3073342	3073851	-	510	305	317	274	310	393	320	357	744	188	220
gene-Y75_RS15265	NC_007779.1	3073873	3074838	-	966	22	37	18	16	40	31	27	52	11	13
gene-Y75_RS15270	NC_007779.1	3074835	3076112	-	1278	26	48	41	24	52	27	39	68	14	12
gene-Y75_RS15275	NC_007779.1	3076127	3077515	-	1389	14	29	22	31	30	29	34	60	16	14
gene-Y75_RS15280	NC_007779.1	3077543	3077986	-	444	18	18	13	4	23	16	17	27	6	8
gene-Y75_RS15285	NC_007779.1	3078300	3080291	-	1992	15650	11131	14905	13682	18810	15882	17926	30836	9914	10216
gene-Y75_RS15290	NC_007779.1	3080569	3081327	+	759	664	544	1123	1115	1424	1241	1104	1433	698	732
gene-Y75_RS15295	NC_007779.1	3081533	3082453	-	921	1078	655	5406	5097	5961	5551	4988	2579	1081	1062
gene-Y75_RS15300	NC_007779.1	3082591	3084567	-	1977	6444	4700	10218	8802	11170	10310	9295	20248	10466	10135
gene-Y75_RS15305	NC_007779.1	3084576	3084707	-	132	270	174	409	411	465	403	412	1293	542	496
gene-Y75_RS25555	NC_007779.1	3084801	3084944	-	144	1218	871	1571	1411	1673	1416	1592	2832	1996	1967
gene-Y75_RS25560	NC_007779.1	3085055	3085306	-	252	972	309	1101	1065	1580	1175	1557	5327	870	989
gene-Y75_RS15320	NC_007779.1	3085362	3086516	+	1155	17012	8722	21556	20380	25664	22489	22117	47172	16272	16470
gene-Y75_RS15325	NC_007779.1	3086940	3088334	+	1395	399	289	516	512	746	694	576	1428	475	506
gene-Y75_RS15330	NC_007779.1	3088411	3088908	+	498	176	165	161	140	191	163	146	372	120	113
gene-Y75_RS15335	NC_007779.1	3089003	3089710	+	708	47	31	82	41	76	78	57	123	339	308
gene-Y75_RS15340	NC_007779.1	3089790	3090521	+	732	777	635	821	768	1035	859	724	1862	617	705
gene-Y75_RS15345	NC_007779.1	3090534	3091484	+	951	1759	1523	1674	1664	2186	1928	1738	3733	1223	1405
gene-Y75_RS15350	NC_007779.1	3091593	3092156	+	564	1396	1733	1230	1056	1459	1329	1514	3354	807	776
gene-Y75_RS15355	NC_007779.1	3092156	3092572	+	417	528	601	629	515	639	603	574	1425	339	364
gene-Y75_RS15360	NC_007779.1	3092756	3093736	-	981	90	92	158	105	171	117	120	197	77	62
gene-Y75_RS15365	NC_007779.1	3093754	3094458	+	705	705	565	795	742	896	788	833	2005	464	514
gene-Y75_RS15370	NC_007779.1	3094476	3095042	+	567	871	671	905	883	1139	922	993	2285	674	640
gene-Y75_RS15375	NC_007779.1	3095039	3095329	+	291	257	202	244	265	398	280	322	817	147	147
gene-Y75_RS15380	NC_007779.1	3095337	3095930	+	594	629	504	756	633	1012	818	800	1662	397	439
gene-Y75_RS15385	NC_007779.1	3095923	3097059	+	1137	847	695	1043	967	1221	1065	1147	2148	567	630
gene-Y75_RS15390	NC_007779.1	3097214	3098221	-	1008	99	72	91	71	108	71	78	160	45	51
gene-Y75_RS15395	NC_007779.1	3098338	3099384	-	1047	116	181	132	119	141	110	141	251	72	83
gene-Y75_RS15400	NC_007779.1	3099560	3100279	-	720	285	250	415	367	420	407	476	547	1019	1083
gene-Y75_RS15410	NC_007779.1	3100463	3100789	-	327	1922	1484	1075	949	1272	996	1362	4071	1878	1855
gene-Y75_RS15415	NC_007779.1	3100789	3101508	-	720	1633	1142	1384	1337	1570	1366	1466	4903	2177	2173
gene-Y75_RS15420	NC_007779.1	3101669	3102721	+	1053	804	664	839	708	982	845	814	3184	684	729
gene-Y75_RS15425	NC_007779.1	3102749	3103024	+	276	1015	691	695	694	887	805	781	3117	630	599
gene-Y75_RS15430	NC_007779.1	3103089	3104168	+	1080	806	625	728	686	926	782	798	2672	724	676
gene-Y75_RS15435	NC_007779.1	3104370	3105626	+	1257	277	323	260	273	336	276	272	834	253	206
gene-Y75_RS15440	NC_007779.1	3105676	3107811	-	2136	1436	1097	1677	1650	2048	1860	1811	4419	2950	3017
gene-Y75_RS25295	NC_007779.1	3107973	3108056	-	84	88	71	112	78	76	88	61	119	35	38
gene-Y75_RS15445	NC_007779.1	3108209	3108916	+	708	87	61	77	73	61	106	75	146	69	91
gene-Y75_RS15450	NC_007779.1	3109022	3109097	+	76	34	38	116	153	154	136	86	71	33	20
gene-Y75_RS15455	NC_007779.1	3109246	3109782	-	537	82	54	132	123	171	124	139	183	77	89
gene-Y75_RS15465	NC_007779.1	3110710	3111705	-	996	172	83	219	162	266	211	262	326	368	423
gene-Y75_RS15470	NC_007779.1	3111723	3112133	-	411	218	158	292	216	305	260	289	484	419	419
gene-Y75_RS15475	NC_007779.1	3112199	3113008	-	810	395	230	404	398	483	379	428	721	595	577
gene-Y75_RS15480	NC_007779.1	3113206	3117768	-	4563	1854	1033	2017	1772	2350	2182	1938	2786	3778	3766
gene-Y75_RS15490	NC_007779.1	3118253	3119935	-	1683	232	243	227	192	237	210	233	474	110	102
gene-Y75_RS15495	NC_007779.1	3120290	3122461	-	2172	1119	690	586	551	747	575	654	2552	500	458
gene-Y75_RS15500	NC_007779.1	3122483	3122887	-	405	166	125	107	62	138	104	69	584	70	55
gene-Y75_RS15505	NC_007779.1	3122892	3124115	-	1224	153	136	98	105	111	109	126	498	92	80
gene-Y75_RS15510	NC_007779.1	3124126	3125178	-	1053	110	79	63	45	80	62	53	142	27	20
gene-Y75_RS15515	NC_007779.1	3125178	3126677	-	1500	254	150	84	90	95	105	114	264	58	70
gene-Y75_RS15520	NC_007779.1	3126928	3127692	+	765	506	443	357	323	428	345	346	881	40	40
gene-Y75_RS15525	NC_007779.1	3127699	3128835	-	1137	104	88	78	78	90	68	62	256	26	14
gene-Y75_RS15530	NC_007779.1	3128870	3129850	+	981	14	14	11	6	19	13	12	28	0	0
gene-Y75_RS15540	NC_007779.1	3131110	3131868	-	759	17	18	30	20	16	17	22	43	13	7
gene-Y75_RS15545	NC_007779.1	3131900	3132613	-	714	25	42	26	20	19	22	32	54	32	21
gene-Y75_RS15550	NC_007779.1	3132787	3133479	+	693	8	8	6	6	4	12	22	30	2	6
gene-Y75_RS15555	NC_007779.1	3133528	3135027	-	1500	20	26	53	30	40	27	28	74	30	18
gene-Y75_RS15560	NC_007779.1	3135319	3137178	-	1860	2337	2676	1719	1647	2276	1945	2358	5025	1330	1277
gene-Y75_RS15565	NC_007779.1	3137383	3138249	+	867	1241	1312	739	668	784	789	813	2696	588	674
gene-Y75_RS15570	NC_007779.1	3138372	3138620	-	249	68	53	74	70	76	91	60	176	42	54
gene-Y75_RS15575	NC_007779.1	3138633	3138974	-	342	49	35	37	41	54	44	47	98	21	26
gene-Y75_RS15580	NC_007779.1	3138967	3139455	-	489	70	109	120	117	166	109	95	286	74	40
gene-Y75_RS15585	NC_007779.1	3139448	3139942	-	495	158	207	194	205	241	207	215	390	119	108
gene-Y75_RS15590	NC_007779.1	3139942	3141645	-	1704	385	423	393	396	479	432	411	933	253	252
gene-Y75_RS15595	NC_007779.1	3141642	3142820	-	1179	40	54	89	57	94	48	63	158	35	29
gene-Y75_RS15600	NC_007779.1	3142810	3143796	-	987	58	82	73	56	88	85	117	171	47	34
gene-Y75_RS15605	NC_007779.1	3143799	3144917	-	1119	90	141	113	127	120	112	149	259	92	71
gene-Y75_RS15615	NC_007779.1	3145106	3145393	-	288	20	15	45	45	38	47	25	48	12	17
gene-Y75_RS15625	NC_007779.1	3146553	3147593	+	1041	130	132	143	137	179	143	139	722	114	90
gene-Y75_RS15630	NC_007779.1	3147633	3148127	-	495	1618	1188	1713	1569	1649	1473	1595	4123	1307	1213
gene-Y75_RS15635	NC_007779.1	3148318	3149202	+	885	66	59	46	43	52	45	85	298	36	28
gene-Y75_RS15640	NC_007779.1	3149474	3149899	-	426	1444	1297	1734	1606	1885	1765	1806	3967	800	822
gene-Y75_RS15645	NC_007779.1	3149906	3150640	-	735	3122	3074	3191	3012	3791	3615	3371	8310	1680	1677
gene-Y75_RS15655	NC_007779.1	3150892	3152079	+	1188	2294	1887	2050	1778	2490	2243	2266	5439	1522	1472
gene-Y75_RS15660	NC_007779.1	3152219	3152878	+	660	521	460	634	514	711	655	563	1188	461	488
gene-Y75_RS15665	NC_007779.1	3152918	3153817	-	900	246	215	298	313	265	246	266	719	198	183
gene-Y75_RS15675	NC_007779.1	3154011	3155174	+	1164	978	709	956	862	1096	1005	957	2642	520	588
gene-Y75_RS15680	NC_007779.1	3155279	3156106	+	828	340	379	159	173	215	153	226	934	173	198
gene-Y75_RS15685	NC_007779.1	3156306	3157232	+	927	82	50	83	64	70	72	92	150	65	70
gene-Y75_RS15690	NC_007779.1	3157283	3157540	+	258	47	45	47	33	49	59	36	107	25	22
gene-Y75_RS15695	NC_007779.1	3157583	3159802	-	2220	1760	1402	2492	2053	2879	2394	2300	4355	1286	1333
gene-Y75_RS15700	NC_007779.1	3159913	3161325	-	1413	1719	1655	1974	1944	2359	2182	1758	4410	1212	1094
gene-Y75_RS15705	NC_007779.1	3161400	3162137	-	738	1013	986	1002	984	1292	1103	1050	2694	801	758
gene-Y75_RS15710	NC_007779.1	3162371	3164629	-	2259	2924	2297	3603	3254	4112	3671	3598	7271	2096	2206
gene-Y75_RS15715	NC_007779.1	3164767	3166374	-	1608	653	482	495	466	625	579	604	1052	300	278
gene-Y75_RS15720	NC_007779.1	3166507	3166902	-	396	353	263	249	253	298	295	336	691	158	147
gene-Y75_RS15725	NC_007779.1	3166904	3167200	-	297	325	238	334	282	368	312	381	738	170	129
gene-Y75_RS15730	NC_007779.1	3167405	3167887	-	483	125	164	85	99	117	77	104	150	47	60
gene-Y75_RS15735	NC_007779.1	3167940	3168332	-	393	584	780	314	248	327	340	469	521	291	322
gene-Y75_RS15740	NC_007779.1	3168484	3169143	+	660	134	130	125	128	153	102	116	123	130	91
gene-Y75_RS15745	NC_007779.1	3169140	3170489	+	1350	206	224	171	176	284	191	171	219	155	207
gene-Y75_RS15750	NC_007779.1	3170535	3170867	-	333	4	8	2	0	4	4	4	10	0	2
gene-Y75_RS15755	NC_007779.1	3171186	3171767	+	582	896	795	656	625	756	715	779	2066	470	475
gene-Y75_RS15760	NC_007779.1	3171798	3172112	+	315	1752	1798	1164	1172	1315	1192	1289	3541	928	949
gene-Y75_RS15765	NC_007779.1	3172160	3174052	-	1893	1786	1880	2738	2573	3247	3002	2810	5726	1770	1733
gene-Y75_RS15770	NC_007779.1	3174081	3174662	-	582	493	532	598	613	741	659	557	1782	468	515
gene-Y75_RS15775	NC_007779.1	3174662	3175489	-	828	1135	1191	1230	1077	1503	1242	1186	3930	1054	1142
gene-Y75_RS15780	NC_007779.1	3175514	3175936	-	423	520	539	470	409	513	456	462	1731	401	473
gene-Y75_RS15785	NC_007779.1	3175937	3176566	-	630	720	634	489	481	762	670	652	1825	548	517
gene-Y75_RS15790	NC_007779.1	3176771	3178252	+	1482	8694	6959	7164	6490	8901	7913	8598	20423	6665	6938
gene-Y75_RS15800	NC_007779.1	3178400	3179071	+	672	1829	1852	1801	1741	2288	1875	2070	4442	1976	2100
gene-Y75_RS15805	NC_007779.1	3179077	3180237	+	1161	2457	2119	2651	2412	3051	2727	2933	7082	3311	3412
gene-Y75_RS15810	NC_007779.1	3180275	3181063	-	789	125	153	133	98	96	102	96	377	73	103
gene-Y75_RS15815	NC_007779.1	3181206	3181979	+	774	886	1106	732	600	823	650	678	1768	461	464
gene-Y75_RS15820	NC_007779.1	3182037	3182207	-	171	99	137	120	89	91	110	119	224	58	52
gene-Y75_RS15825	NC_007779.1	3182469	3183122	-	654	1082	1346	1322	1105	1471	1349	1363	2753	817	776
gene-Y75_RS15830	NC_007779.1	3183496	3183786	+	291	1669	1184	1235	1119	1423	1343	1429	3085	1000	1313
gene-Y75_RS15835	NC_007779.1	3184070	3184621	+	552	38	47	39	38	55	35	44	72	32	24
gene-Y75_RS15845	NC_007779.1	3184843	3186071	+	1229	3	5	0	3	5	5	2	5	0	0
gene-Y75_RS15850	NC_007779.1	3186056	3188521	+	2466	143	138	130	106	141	149	151	308	48	36
gene-Y75_RS15855	NC_007779.1	3188537	3189286	+	750	33	27	43	29	54	53	42	72	10	14
gene-Y75_RS15860	NC_007779.1	3189288	3190352	+	1065	123	161	148	149	147	138	170	233	72	65
gene-Y75_RS15865	NC_007779.1	3190395	3190595	-	201	278	310	139	159	157	140	197	464	117	81
gene-Y75_RS15870	NC_007779.1	3190864	3191493	+	630	28	50	32	43	47	29	49	97	24	16
gene-Y75_RS15875	NC_007779.1	3191520	3193181	+	1662	77	66	119	91	77	109	89	180	70	42
gene-Y75_RS25020	NC_007779.1	3193422	3193481	+	60	4669	503	3754	3584	4247	4215	4239	12717	2153	2627
gene-Y75_RS24175	NC_007779.1	3193797	3193856	+	60	1467	522	1271	1317	1505	1434	1609	2647	1114	1301
gene-Y75_RS15890	NC_007779.1	3193976	3195409	-	1434	1145	917	1008	990	1197	1152	1166	2598	616	748
gene-Y75_RS15895	NC_007779.1	3195457	3198297	-	2841	1593	1849	1315	1279	1798	1519	1640	3459	771	942
gene-Y75_RS15900	NC_007779.1	3198320	3199621	-	1302	580	601	567	535	746	662	588	1264	345	379
gene-Y75_RS15910	NC_007779.1	3199863	3200483	+	621	799	799	502	487	641	595	594	1685	1796	1889
gene-Y75_RS15915	NC_007779.1	3200547	3201785	+	1239	989	1036	1011	825	1063	909	930	2469	1082	1042
gene-Y75_RS15920	NC_007779.1	3201966	3202787	-	822	668	696	716	702	938	899	807	1833	864	882
gene-Y75_RS15925	NC_007779.1	3202877	3203245	-	369	271	184	246	244	317	288	319	578	241	186
gene-Y75_RS15930	NC_007779.1	3203350	3203967	+	618	466	475	405	428	488	334	457	1121	299	276
gene-Y75_RS15935	NC_007779.1	3203980	3204912	-	933	35	71	50	32	72	54	66	205	35	21
gene-Y75_RS15940	NC_007779.1	3205119	3206030	+	912	19	19	27	15	21	16	31	56	5	14
gene-Y75_RS15945	NC_007779.1	3206027	3206632	+	606	17	17	8	9	24	17	10	51	10	11
gene-Y75_RS15950	NC_007779.1	3206680	3208143	+	1464	63	68	104	82	104	85	97	248	44	55
gene-Y75_RS15955	NC_007779.1	3208186	3209199	-	1014	999	816	989	874	933	926	734	2671	837	886
gene-Y75_RS15960	NC_007779.1	3209437	3209652	+	216	16194	9649	19447	18053	20239	18608	18414	44276	17400	18537
gene-Y75_RS15965	NC_007779.1	3209763	3211508	+	1746	3421	3037	9974	8784	12159	10817	10750	9244	2773	2801
gene-Y75_RS15970	NC_007779.1	3211703	3213544	+	1842	8114	6853	22430	21058	28104	24755	23245	20762	7017	7123
gene-Y75_RS15975	NC_007779.1	3213623	3214129	-	507	654	684	573	589	732	536	674	1579	332	386
gene-Y75_RS15980	NC_007779.1	3214254	3214329	+	76	25	19	30	12	45	23	29	61	8	11
gene-Y75_RS15985	NC_007779.1	3214383	3215147	-	765	735	365	721	653	863	897	764	1634	280	286
gene-Y75_RS15990	NC_007779.1	3215435	3216058	+	624	499	332	513	462	607	651	644	1311	365	356
gene-Y75_RS15995	NC_007779.1	3216212	3217732	-	1521	349	308	282	216	334	347	316	5938	156	164
gene-Y75_RS16000	NC_007779.1	3218150	3219529	+	1380	307	374	136	135	202	160	205	1630	185	182
gene-Y75_RS16005	NC_007779.1	3219571	3219903	-	333	9	10	11	29	22	9	8	36	5	6
gene-Y75_RS16010	NC_007779.1	3220122	3221105	+	984	452	352	381	296	477	376	413	1015	258	323
gene-Y75_RS16015	NC_007779.1	3221289	3224381	+	3093	111	107	179	139	159	168	163	285	107	118
gene-Y75_RS16020	NC_007779.1	3224378	3224827	+	450	2	12	14	2	15	7	9	16	9	4
gene-Y75_RS16025	NC_007779.1	3224890	3226323	+	1434	16	33	23	14	23	26	32	41	10	14
gene-Y75_RS16030	NC_007779.1	3226457	3227527	+	1071	8	15	28	14	34	20	23	38	18	12
gene-Y75_RS16035	NC_007779.1	3227544	3229895	+	2352	81	64	99	67	113	99	87	142	57	40
gene-Y75_RS16040	NC_007779.1	3230321	3232339	+	2019	211	149	161	131	172	150	226	391	170	122
gene-Y75_RS16045	NC_007779.1	3232384	3232800	-	417	91	77	81	79	81	71	74	196	42	61
gene-Y75_RS16050	NC_007779.1	3232797	3233111	-	315	81	54	79	72	144	94	104	190	73	42
gene-Y75_RS16060	NC_007779.1	3233395	3234531	-	1137	429	245	460	371	485	441	397	873	566	532
gene-Y75_RS16065	NC_007779.1	3234616	3235119	+	504	178	163	178	169	160	158	165	424	128	159
gene-Y75_RS16070	NC_007779.1	3235196	3235888	+	693	21	25	40	23	36	25	32	61	19	9
gene-Y75_RS16075	NC_007779.1	3235967	3236953	+	987	497	490	472	418	535	454	389	1220	228	256
gene-Y75_RS16080	NC_007779.1	3237236	3238201	+	966	159	147	1419	1277	1289	1084	1016	438	164	156
gene-Y75_RS16085	NC_007779.1	3238600	3239844	+	1245	2749	4013	1356	1223	1536	1394	1904	4713	1279	1190
gene-Y75_RS16090	NC_007779.1	3239849	3240400	-	552	83	78	73	49	80	59	73	138	33	31
gene-Y75_RS16095	NC_007779.1	3240483	3241970	-	1488	352	151	349	269	376	356	282	767	201	188
gene-Y75_RS16100	NC_007779.1	3241985	3243397	-	1413	405	216	424	384	579	502	445	736	176	199
gene-Y75_RS16105	NC_007779.1	3243880	3245178	+	1299	86	91	120	119	129	130	108	332	105	137
gene-Y75_RS16110	NC_007779.1	3245308	3246084	+	777	1160	949	1389	1243	1466	1289	1292	2450	624	670
gene-Y75_RS25300	NC_007779.1	3246324	3246407	+	84	239	193	156	161	297	194	226	732	305	290
gene-Y75_RS16115	NC_007779.1	3246429	3247091	+	663	564	524	590	578	612	568	669	1647	573	465
gene-Y75_RS16120	NC_007779.1	3247095	3247478	+	384	320	301	250	242	273	249	284	739	247	255
gene-Y75_RS16125	NC_007779.1	3247625	3247993	+	369	502	483	433	362	489	401	609	2759	565	625
gene-Y75_RS16130	NC_007779.1	3248031	3248336	+	306	360	417	207	232	259	230	308	1794	330	328
gene-Y75_RS16135	NC_007779.1	3248339	3248743	+	405	314	377	229	235	235	201	315	1669	241	279
gene-Y75_RS16140	NC_007779.1	3248733	3249032	+	300	345	460	291	255	327	283	331	1739	255	278
gene-Y75_RS16145	NC_007779.1	3249218	3249610	+	393	40	19	38	46	60	48	54	83	36	38
gene-Y75_RS16150	NC_007779.1	3249680	3250666	+	987	154	144	178	151	214	204	164	615	163	146
gene-Y75_RS16155	NC_007779.1	3250960	3251325	+	366	468	374	330	336	438	453	458	986	238	212
gene-Y75_RS16160	NC_007779.1	3251567	3251923	+	357	47	40	41	36	40	42	40	111	22	28
gene-Y75_RS16165	NC_007779.1	3251974	3252870	-	897	795	726	716	661	885	735	802	1828	433	420
gene-Y75_RS16170	NC_007779.1	3252975	3253676	+	702	60	71	58	62	61	46	61	144	38	49
gene-Y75_RS16175	NC_007779.1	3253699	3253863	+	165	451	393	306	287	356	346	418	1046	298	354
gene-Y75_RS16180	NC_007779.1	3253997	3255307	-	1311	183	181	238	194	244	188	205	378	167	107
gene-Y75_RS16185	NC_007779.1	3255335	3256666	-	1332	111	124	91	114	108	81	127	218	72	59
gene-Y75_RS16190	NC_007779.1	3256941	3258305	-	1365	85	76	97	80	133	120	92	199	58	49
gene-Y75_RS16195	NC_007779.1	3258377	3258766	-	390	21	31	27	33	33	31	35	69	8	12
gene-Y75_RS16200	NC_007779.1	3258780	3261074	-	2295	150	165	152	116	187	186	199	296	77	75
gene-Y75_RS16205	NC_007779.1	3261202	3262182	+	981	0	0	0	0	0	0	0	0	0	0
gene-Y75_RS16215	NC_007779.1	3263541	3264872	-	1332	191	167	163	177	200	146	185	323	73	94
gene-Y75_RS16220	NC_007779.1	3264894	3265883	-	990	10	2	12	21	19	12	8	18	11	14
gene-Y75_RS16225	NC_007779.1	3265982	3266920	-	939	15	10	8	23	21	27	12	55	21	8
gene-Y75_RS25210	NC_007779.1	3267235	3267453	+	219	0	0	2	0	0	0	0	1	0	2
gene-Y75_RS16235	NC_007779.1	3267709	3268248	+	540	6	14	10	4	2	10	6	25	14	3
gene-Y75_RS16240	NC_007779.1	3268270	3269457	+	1188	18	12	11	15	14	9	11	19	16	9
gene-Y75_RS16245	NC_007779.1	3270071	3270447	-	377	117584	81036	87309	87069	96684	81117	90838	271566	62697	73929
gene-Y75_RS16250	NC_007779.1	3270480	3271625	-	1146	90	157	126	127	141	164	135	308	84	51
gene-Y75_RS16255	NC_007779.1	3271722	3272612	-	891	121	117	94	91	107	102	109	237	57	62
gene-Y75_RS16260	NC_007779.1	3272642	3273412	-	771	39	44	14	47	24	29	21	75	12	17
gene-Y75_RS16265	NC_007779.1	3273428	3274762	-	1335	9	18	32	14	26	28	13	37	20	12
gene-Y75_RS16270	NC_007779.1	3275137	3276708	+	1572	138	121	130	145	186	161	139	256	69	74
gene-Y75_RS16275	NC_007779.1	3276857	3277192	+	336	416	364	270	270	302	254	348	813	129	134
gene-Y75_RS16280	NC_007779.1	3277192	3277656	+	465	492	553	366	335	488	369	469	1336	168	138
gene-Y75_RS16285	NC_007779.1	3277711	3278520	-	810	1117	1200	1016	965	1147	1014	1088	2371	403	421
gene-Y75_RS16290	NC_007779.1	3278769	3280049	+	1281	66	47	63	59	59	73	81	101	25	46
gene-Y75_RS16295	NC_007779.1	3280072	3280545	+	474	37	21	27	37	25	30	20	64	19	20
gene-Y75_RS16310	NC_007779.1	3281831	3282985	+	1155	25	23	49	24	39	40	43	69	32	28
gene-Y75_RS16315	NC_007779.1	3282998	3283858	+	861	38	26	41	30	59	26	45	62	41	20
gene-Y75_RS16320	NC_007779.1	3284025	3284501	+	477	10	24	7	12	16	4	19	37	6	0
gene-Y75_RS16325	NC_007779.1	3284540	3285343	+	804	16	33	16	18	40	12	25	27	12	6
gene-Y75_RS16330	NC_007779.1	3285333	3286124	+	792	31	53	28	17	28	36	20	67	17	18
gene-Y75_RS16335	NC_007779.1	3286125	3286880	+	756	31	24	36	25	32	22	47	88	17	29
gene-Y75_RS16340	NC_007779.1	3287281	3287865	+	585	68	63	58	38	40	42	77	149	93	80
gene-Y75_RS16345	NC_007779.1	3287945	3288640	+	696	12	25	24	22	30	20	28	36	4	4
gene-Y75_RS16350	NC_007779.1	3288669	3291185	+	2517	353	321	343	280	388	332	301	727	215	200
gene-Y75_RS16355	NC_007779.1	3291196	3292287	+	1092	162	173	176	133	211	140	195	360	125	151
gene-Y75_RS16360	NC_007779.1	3292330	3293190	-	861	552	469	492	493	625	515	585	1349	839	900
gene-Y75_RS16365	NC_007779.1	3293255	3295291	+	2037	3115	2736	3193	2873	4024	3506	3446	7488	2019	2144
gene-Y75_RS16370	NC_007779.1	3295249	3295644	+	396	307	328	286	294	348	370	317	972	141	174
gene-Y75_RS16375	NC_007779.1	3295664	3296254	+	591	802	662	733	676	783	723	727	2241	704	650
gene-Y75_RS16380	NC_007779.1	3296264	3296839	+	576	1037	859	798	768	982	832	839	2384	851	949
gene-Y75_RS16385	NC_007779.1	3296953	3297993	-	1041	447	304	577	503	704	587	378	1699	440	430
gene-Y75_RS16390	NC_007779.1	3298066	3298701	-	636	65	37	61	61	40	39	46	138	21	53
gene-Y75_RS16395	NC_007779.1	3298829	3299347	+	519	27	38	23	9	15	20	36	107	21	12
gene-Y75_RS16400	NC_007779.1	3299327	3299770	-	444	122	123	79	66	105	80	105	273	102	83
gene-Y75_RS16405	NC_007779.1	3299821	3300123	+	303	120	110	131	88	182	126	141	322	86	90
gene-Y75_RS16410	NC_007779.1	3300110	3300613	-	504	466	468	365	347	481	409	503	1121	219	277
gene-Y75_RS16415	NC_007779.1	3300607	3301131	-	525	948	1023	832	703	784	883	929	2109	590	609
gene-Y75_RS16420	NC_007779.1	3301340	3302335	+	996	91	108	80	63	54	73	115	174	46	53
gene-Y75_RS16425	NC_007779.1	3302344	3303222	+	879	34	53	62	54	54	57	46	142	36	32
gene-Y75_RS16430	NC_007779.1	3303303	3304310	+	1008	315	275	263	201	266	219	188	1209	488	504
gene-Y75_RS16435	NC_007779.1	3304428	3305672	-	1245	374	431	688	616	805	617	645	982	497	518
gene-Y75_RS16445	NC_007779.1	3305826	3307715	-	1890	2777	3835	6760	6136	7803	6797	6197	6763	1398	1505
gene-Y75_RS24220	NC_007779.1	3307708	3307788	-	81	92	116	204	154	235	203	211	390	35	38
gene-Y75_RS16450	NC_007779.1	3307895	3308779	-	885	7502	8834	9481	8182	10883	9545	10295	15318	4084	4201
gene-Y75_RS16455	NC_007779.1	3308888	3311023	-	2136	19239	15628	28902	26747	35498	31017	31117	45969	11936	12196
gene-Y75_RS16460	NC_007779.1	3311270	3311539	-	270	19582	13286	23127	20649	27057	22435	24582	48390	19924	18917
gene-Y75_RS16465	NC_007779.1	3311688	3312632	-	945	1465	1218	5085	4691	5735	4873	4650	4979	1599	1605
gene-Y75_RS16470	NC_007779.1	3312632	3313033	-	402	877	632	2766	2536	3214	2908	3023	2553	793	844
gene-Y75_RS16475	NC_007779.1	3313197	3315869	-	2673	13946	10971	34886	33322	43749	39488	36656	42550	12610	13755
gene-Y75_RS16480	NC_007779.1	3315894	3317381	-	1488	6030	5018	16251	14784	19320	16820	16766	18894	5347	5899
gene-Y75_RS16485	NC_007779.1	3317409	3317861	-	453	1776	1604	5437	4982	5904	5419	5077	5824	1886	1915
gene-Y75_RS16490	NC_007779.1	3318068	3318144	-	77	1573	1691	1770	1671	1839	1420	1638	2542	901	878
gene-Y75_RS16495	NC_007779.1	3318492	3319835	+	1344	13148	3678	15614	14113	18269	15736	14095	35893	12062	11431
gene-Y75_RS16500	NC_007779.1	3319843	3321468	-	1626	84	79	169	128	153	129	130	294	113	95
gene-Y75_RS16505	NC_007779.1	3321927	3322013	-	87	43	14	98	90	89	93	101	647	35	36
gene-Y75_RS16510	NC_007779.1	3322028	3322360	-	333	12111	6774	10878	9860	10986	9666	10220	38126	12156	11047
gene-Y75_RS16515	NC_007779.1	3322588	3323925	-	1338	3977	3181	4202	3771	4686	4139	4411	9127	2200	2334
gene-Y75_RS16520	NC_007779.1	3323918	3324766	-	849	829	539	947	865	1149	908	1040	1592	450	427
gene-Y75_RS16525	NC_007779.1	3324856	3326790	-	1935	12712	12396	13581	13196	15228	13808	12416	32893	10429	10549
gene-Y75_RS16530	NC_007779.1	3326890	3327519	-	630	2821	3218	3529	3172	4072	3444	3579	7012	2423	2405
gene-Y75_RS16535	NC_007779.1	3327645	3327938	+	294	3283	3075	3960	3566	4239	3741	3993	8380	2461	2330
gene-Y75_RS16540	NC_007779.1	3328094	3328570	-	477	1408	1287	3560	3079	3790	3473	3470	3341	1278	1215
gene-Y75_RS16545	NC_007779.1	3328818	3330251	+	1434	717	702	970	889	1159	943	839	1978	908	929
gene-Y75_RS16550	NC_007779.1	3330437	3331609	-	1173	1211	1153	4136	3754	4989	4732	4711	3176	788	844
gene-Y75_RS16555	NC_007779.1	3331625	3332590	-	966	845	877	4180	3950	4756	4159	4221	2374	539	524
gene-Y75_RS16560	NC_007779.1	3332717	3332974	-	258	6501	4774	7645	7213	7780	7052	5896	25239	7778	7420
gene-Y75_RS16565	NC_007779.1	3332995	3333306	-	312	16835	12537	17804	16370	19494	17033	16825	61804	18130	17474
gene-Y75_RS16570	NC_007779.1	3333565	3334536	+	972	3843	3342	3756	3517	4585	3947	4059	8809	2380	2365
gene-Y75_RS16575	NC_007779.1	3334764	3335042	+	279	175	144	201	177	242	197	200	388	83	110
gene-Y75_RS16580	NC_007779.1	3335090	3336349	-	1260	3761	3554	4805	4370	5681	4945	5023	10402	3341	3310
gene-Y75_RS16585	NC_007779.1	3336404	3336658	-	255	1608	1470	1839	1580	2461	1932	2072	4088	940	1014
gene-Y75_RS16590	NC_007779.1	3336818	3337111	-	294	633	564	694	589	737	646	664	1980	434	484
gene-Y75_RS16595	NC_007779.1	3337111	3337746	-	636	1417	1116	1301	1133	1492	1343	1344	4097	833	840
gene-Y75_RS16600	NC_007779.1	3337765	3338316	-	552	787	652	692	765	935	800	782	2243	551	576
gene-Y75_RS16605	NC_007779.1	3338321	3339103	-	783	859	613	854	868	937	885	845	2126	560	464
gene-Y75_RS16610	NC_007779.1	3339111	3339920	-	810	1200	1204	1432	1339	1745	1384	1416	3182	828	724
gene-Y75_RS16615	NC_007779.1	3340130	3341107	+	978	703	639	544	566	684	612	631	1592	408	412
gene-Y75_RS16620	NC_007779.1	3341121	3342107	+	987	1606	1351	1182	1136	1662	1350	1513	4031	878	809
gene-Y75_RS16625	NC_007779.1	3342128	3342694	+	567	1068	878	1069	819	1207	1020	990	2805	616	631
gene-Y75_RS16630	NC_007779.1	3342691	3343266	+	576	999	940	979	815	1284	1099	1028	2841	634	604
gene-Y75_RS16635	NC_007779.1	3343235	3343792	+	558	1272	1156	1275	1237	1521	1227	1350	3959	836	783
gene-Y75_RS16640	NC_007779.1	3343799	3344524	+	726	1339	1225	1219	1196	1640	1434	1404	4507	968	968
gene-Y75_RS16645	NC_007779.1	3344572	3346005	+	1434	4153	4487	3477	2945	4195	3506	3478	10563	2332	2581
gene-Y75_RS16650	NC_007779.1	3346028	3346315	+	288	2085	2125	1046	1047	1481	1232	1307	4185	907	964
gene-Y75_RS16655	NC_007779.1	3346433	3346924	+	492	2300	2353	1571	1371	2057	1642	1654	5213	1085	1056
gene-Y75_RS16660	NC_007779.1	3346970	3347824	+	855	1938	1943	1736	1445	2078	1760	1680	5721	1222	1247
gene-Y75_RS16665	NC_007779.1	3347821	3348093	+	273	214	265	152	155	195	191	185	582	112	122
gene-Y75_RS16670	NC_007779.1	3348307	3348939	+	633	2808	3461	2576	2262	2676	2114	2599	6206	1284	1358
gene-Y75_RS16675	NC_007779.1	3348936	3349664	-	729	378	419	296	260	325	298	305	948	202	260
gene-Y75_RS16680	NC_007779.1	3349661	3350314	-	654	1074	1011	609	570	763	654	865	2405	657	723
gene-Y75_RS16685	NC_007779.1	3350544	3352880	-	2337	1421	1627	1131	989	1286	1138	1159	2976	983	967
gene-Y75_RS16690	NC_007779.1	3352976	3353905	-	930	36	44	47	43	54	38	52	93	41	49
gene-Y75_RS16695	NC_007779.1	3354580	3359040	+	4461	78854	80407	35115	32787	46560	41503	36223	159735	50793	55683
gene-Y75_RS16700	NC_007779.1	3359053	3360471	+	1419	25590	25999	12257	11484	15497	14110	11526	52638	15314	16362
gene-Y75_RS16705	NC_007779.1	3361031	3361795	+	765	557	446	435	420	484	450	499	1407	0	0
gene-Y75_RS16710	NC_007779.1	3361967	3362641	+	675	39	80	35	30	37	48	50	73	0	0
gene-Y75_RS16715	NC_007779.1	3362662	3365043	+	2382	346	356	316	301	357	345	350	609	0	0
gene-Y75_RS16725	NC_007779.1	3365557	3366537	-	981	14	9	8	6	6	11	8	15	0	0
gene-Y75_RS16735	NC_007779.1	3366781	3367497	+	717	296	247	266	292	320	282	288	640	0	0
gene-Y75_RS16740	NC_007779.1	3367682	3368809	+	1128	109	148	135	138	182	107	159	150	293	354
gene-Y75_RS16745	NC_007779.1	3368869	3369333	-	465	55	41	55	38	78	53	76	233	218	184
gene-Y75_RS16750	NC_007779.1	3369330	3370205	-	876	73	62	60	64	82	73	68	296	41	59
gene-Y75_RS16755	NC_007779.1	3370202	3370891	-	690	39	29	44	58	41	46	43	138	39	32
gene-Y75_RS16760	NC_007779.1	3370939	3372429	-	1491	58	43	60	73	85	55	56	145	46	64
gene-Y75_RS16765	NC_007779.1	3372538	3373431	-	894	157	83	253	188	295	247	231	400	110	93
gene-Y75_RS16770	NC_007779.1	3373553	3374344	-	792	855	913	983	893	1077	1012	974	1827	512	588
gene-Y75_RS16775	NC_007779.1	3374724	3376091	+	1368	86	72	95	87	108	105	89	172	41	28
gene-Y75_RS16780	NC_007779.1	3376134	3376631	-	498	1501	1164	1918	1711	2183	1958	1812	4209	1328	1327
gene-Y75_RS16785	NC_007779.1	3376637	3377275	-	639	5288	4005	6030	5171	6290	5591	5934	11303	4528	4084
gene-Y75_RS16790	NC_007779.1	3377670	3378062	-	393	14375	9419	17950	16356	18584	16585	14957	52229	15773	15235
gene-Y75_RS16795	NC_007779.1	3378078	3378506	-	429	28360	20525	32021	28914	36157	30917	32039	76642	33440	30569
gene-Y75_RS16800	NC_007779.1	3378725	3379852	-	1128	1087	929	1183	1087	1440	1179	1170	2317	750	851
gene-Y75_RS16805	NC_007779.1	3380046	3380444	+	399	2528	2395	2382	1986	2732	2318	2430	5458	1647	1795
gene-Y75_RS16810	NC_007779.1	3380598	3381965	+	1368	883	815	846	821	1024	942	829	1847	541	639
gene-Y75_RS16815	NC_007779.1	3382055	3383122	+	1068	953	868	1029	1011	1185	1024	996	2085	685	610
gene-Y75_RS16820	NC_007779.1	3383185	3384123	-	939	32153	21695	21618	19508	23967	20822	26504	56487	17866	17450
gene-Y75_RS16825	NC_007779.1	3384558	3385028	+	471	1899	1222	2452	2136	2405	2106	2121	4243	1321	1324
gene-Y75_RS16830	NC_007779.1	3385393	3385656	+	264	67	50	147	128	170	116	79	218	47	36
gene-Y75_RS16835	NC_007779.1	3385712	3385984	-	273	22	26	22	33	42	28	27	148	36	57
gene-Y75_RS16840	NC_007779.1	3386076	3388043	-	1968	99	133	149	115	225	190	148	240	109	93
gene-Y75_RS16845	NC_007779.1	3388049	3388981	-	933	172	175	149	137	172	166	164	371	77	71
gene-Y75_RS16850	NC_007779.1	3388989	3389192	-	204	145	101	111	87	81	116	136	248	38	40
gene-Y75_RS16855	NC_007779.1	3389375	3390304	+	930	571	691	525	467	626	563	531	1381	296	285
gene-Y75_RS16860	NC_007779.1	3390438	3391883	-	1446	1976	2323	2068	1882	2511	2220	2063	4647	1308	1515
gene-Y75_RS16865	NC_007779.1	3392313	3396113	-	3801	1846	1732	1521	1248	1734	1514	1595	4003	1564	1579
gene-Y75_RS16870	NC_007779.1	3396181	3397650	-	1470	2204	1756	2103	1956	2654	2191	2139	5450	1468	1528
gene-Y75_RS16875	NC_007779.1	3397640	3398233	-	594	715	712	752	755	1026	760	775	2025	454	467
gene-Y75_RS16880	NC_007779.1	3398242	3398730	-	489	441	333	571	514	622	570	582	1545	366	409
gene-Y75_RS16885	NC_007779.1	3398730	3399833	-	1104	1433	1309	1912	1724	2211	1914	1728	4437	1275	1218
gene-Y75_RS16890	NC_007779.1	3399899	3400942	-	1044	6692	5928	8440	7876	10399	8889	8248	15812	5226	4824
gene-Y75_RS16900	NC_007779.1	3401247	3403187	-	1941	911	1130	830	710	891	823	997	2381	993	905
gene-Y75_RS16905	NC_007779.1	3403339	3404313	+	975	649	808	523	541	622	623	580	1325	420	423
gene-Y75_RS16925	NC_007779.1	3405291	3405761	+	471	4739	3852	4958	4501	5590	5002	4978	12367	3712	3539
gene-Y75_RS16930	NC_007779.1	3405772	3407121	+	1350	10268	8021	11138	10444	13169	11529	10514	29364	8613	8593
gene-Y75_RS16935	NC_007779.1	3407230	3407472	+	243	62	58	103	96	147	105	111	201	91	96
gene-Y75_RS16940	NC_007779.1	3407462	3408913	+	1452	328	353	606	527	681	538	528	1142	497	518
gene-Y75_RS16945	NC_007779.1	3408925	3409806	+	882	840	647	1252	1116	1446	1263	1200	2568	1028	973
gene-Y75_RS16950	NC_007779.1	3410135	3411100	+	966	6640	4790	7190	6372	8742	7147	6762	18528	6476	6648
gene-Y75_RS16955	NC_007779.1	3411126	3411422	+	297	2884	1811	3337	3017	4126	3434	3190	9586	3079	3065
gene-Y75_RS16960	NC_007779.1	3411508	3412392	+	885	82	66	161	129	178	159	153	214	108	133
gene-Y75_RS16965	NC_007779.1	3412476	3412655	+	180	64	31	51	59	58	74	35	161	175	138
gene-Y75_RS16970	NC_007779.1	3412658	3413320	-	663	15	17	28	28	27	29	39	96	37	23
gene-Y75_RS16975	NC_007779.1	3413719	3414876	+	1158	24	34	35	32	42	55	29	54	6	32
gene-Y75_RS16980	NC_007779.1	3414888	3417992	+	3105	182	241	190	147	196	192	195	405	110	132
gene-Y75_RS16985	NC_007779.1	3418245	3418466	+	222	98	88	56	64	51	60	104	285	286	229
gene-Y75_RS17000	NC_007779.1	3419989	3421170	+	1182	107	79	71	79	87	74	76	179	93	93
gene-Y75_RS17005	NC_007779.1	3421180	3422283	+	1104	31	20	44	50	39	33	48	83	31	44
gene-Y75_RS17010	NC_007779.1	3422291	3423049	+	759	84	72	103	108	104	149	137	202	74	79
gene-Y75_RS17015	NC_007779.1	3423280	3423395	-	116	2	0	2	0	0	2	0	0	0	2
gene-Y75_RS17020	NC_007779.1	3423435	3423510	-	76	0	0	2	0	4	6	0	10	4	0
gene-Y75_RS17025	NC_007779.1	3423525	3423640	-	116	0	0	0	0	0	0	0	0	0	0
gene-Y75_RS17030	NC_007779.1	3423735	3426638	-	2904	30	20	105	72	51	43	35	10	32	124
gene-Y75_RS17035	NC_007779.1	3426832	3426907	-	76	299	205	246	228	251	241	253	0	1019	917
gene-Y75_RS17040	NC_007779.1	3426993	3428534	-	1542	1	2	2	0	1	2	1	0	2	0
gene-Y75_RS17055	NC_007779.1	3429149	3430738	+	1590	6767	3425	8379	8005	10745	8996	7629	0	8116	8599
gene-Y75_RS17060	NC_007779.1	3430750	3432039	+	1290	4939	2476	6192	5930	7703	6824	5494	0	5823	6317
gene-Y75_RS17065	NC_007779.1	3432036	3433361	-	1326	114	91	118	119	172	131	142	0	62	70
gene-Y75_RS17070	NC_007779.1	3433358	3434755	-	1398	55	48	64	67	96	92	74	0	38	35
gene-Y75_RS17075	NC_007779.1	3434993	3435418	+	426	12	25	29	30	26	29	31	0	8	21
gene-Y75_RS17080	NC_007779.1	3435420	3436115	-	696	295	313	592	436	599	479	485	0	382	357
gene-Y75_RS17085	NC_007779.1	3436128	3436400	-	273	12189	9839	11713	10675	13232	11076	12413	0	11284	11730
gene-Y75_RS17090	NC_007779.1	3436587	3437177	-	591	897	783	1066	960	1177	996	1134	0	935	950
gene-Y75_RS17095	NC_007779.1	3437220	3437891	-	672	505	435	373	340	568	443	411	0	392	506
gene-Y75_RS17100	NC_007779.1	3437901	3438965	-	1065	1839	1675	1682	1594	1883	1853	2007	0	1350	1481
gene-Y75_RS17105	NC_007779.1	3439005	3439778	-	774	627	600	608	529	719	629	648	0	419	418
gene-Y75_RS17110	NC_007779.1	3439873	3440349	+	477	2273	2526	1965	1690	2179	1950	2199	0	1221	1211
gene-Y75_RS17115	NC_007779.1	3440582	3442477	+	1896	10188	9857	11480	10479	14353	12524	12750	0	8632	9226
gene-Y75_RS17120	NC_007779.1	3442477	3443112	+	636	2191	2243	2475	2328	3213	2957	2661	0	1729	1974
gene-Y75_RS17125	NC_007779.1	3443105	3443860	+	756	2853	2760	2963	2810	3816	3434	3180	0	2018	2336
gene-Y75_RS17130	NC_007779.1	3443844	3444044	+	201	372	264	317	318	469	414	394	0	184	181
gene-Y75_RS17135	NC_007779.1	3444046	3444816	+	771	2883	2930	3023	2797	3533	3301	3362	0	2210	2424
gene-Y75_RS17140	NC_007779.1	3444813	3445946	+	1134	5177	4865	5436	4761	6544	5903	5800	0	3457	3672
gene-Y75_RS17145	NC_007779.1	3446356	3446895	-	540	196	236	520	440	559	475	563	0	157	142
gene-Y75_RS17150	NC_007779.1	3447108	3451331	-	4224	43059	39472	66899	62617	79593	72999	67515	0	36214	36781
gene-Y75_RS17155	NC_007779.1	3451408	3455436	-	4029	43977	41587	67317	64186	82624	74023	70695	0	38054	38615
gene-Y75_RS17160	NC_007779.1	3455756	3456121	-	366	35097	23690	42407	38791	45369	41887	40521	0	45921	40062
gene-Y75_RS17165	NC_007779.1	3456188	3456685	-	498	41872	29138	50716	46020	58229	51106	48643	0	49856	48685
gene-Y75_RS17170	NC_007779.1	3457098	3457802	-	705	31678	22033	37311	34191	43522	38868	35689	0	32448	32546
gene-Y75_RS17175	NC_007779.1	3457806	3458234	-	429	19347	12681	23030	21526	26232	23448	21282	0	22601	21742
gene-Y75_RS17180	NC_007779.1	3458393	3458938	-	546	4371	3450	12109	11024	13299	12107	11310	0	3796	3524
gene-Y75_RS17185	NC_007779.1	3458940	3459323	-	384	4508	3914	11312	10642	13586	12071	12365	0	3699	3410
gene-Y75_RS17190	NC_007779.1	3459553	3460737	-	1185	56118	32491	58046	53033	64489	58338	53367	59610	69292	65545
gene-Y75_RS17195	NC_007779.1	3460852	3460927	-	76	1484	758	1845	1694	1979	1660	1406	0	2212	2352
gene-Y75_RS17200	NC_007779.1	3460934	3461008	-	75	1290	511	1281	1249	1384	1270	999	0	1416	1488
gene-Y75_RS17205	NC_007779.1	3461125	3461209	-	85	5688	3396	6661	6485	6917	6108	5127	189	10297	10641
gene-Y75_RS17210	NC_007779.1	3461218	3461293	-	76	96	99	93	79	92	90	96	0	49	67
gene-Y75_RS17220	NC_007779.1	3461655	3462605	+	951	1445	1129	1310	1213	1428	1258	1240	0	1215	1188
gene-Y75_RS17225	NC_007779.1	3462634	3463599	-	966	577	577	601	518	682	605	618	0	383	391
gene-Y75_RS17230	NC_007779.1	3463596	3464624	-	1029	1281	1183	1370	1264	1527	1346	1506	0	1048	994
gene-Y75_RS17235	NC_007779.1	3464927	3465042	-	116	0	0	0	0	0	0	0	0	0	0
gene-Y75_RS17240	NC_007779.1	3465137	3468040	-	2904	19	11	19	24	15	16	16	0	10	7
gene-Y75_RS17245	NC_007779.1	3468234	3468309	-	76	1733	1513	1525	1298	1664	1397	1407	706	954	1078
gene-Y75_RS17250	NC_007779.1	3468481	3470022	-	1542	0	4	0	0	0	0	2	0	0	0
gene-Y75_RS17255	NC_007779.1	3470396	3471253	-	858	571	466	713	661	829	723	707	0	497	528
gene-Y75_RS17260	NC_007779.1	3471198	3473042	-	1845	2586	2011	2426	2230	3004	2627	2783	0	201	199
gene-Y75_RS17265	NC_007779.1	3473411	3474511	+	1101	1599	992	1756	1828	1854	1854	1776	0	1346	1445
gene-Y75_RS17270	NC_007779.1	3474551	3474910	-	360	569	468	556	596	556	521	557	0	443	459
gene-Y75_RS17275	NC_007779.1	3474910	3475560	-	651	1184	1223	1206	1139	1478	1241	1189	0	961	1044
gene-Y75_RS17280	NC_007779.1	3475891	3477291	+	1401	3386	2055	1795	1578	2318	2002	2515	0	2462	2643
gene-Y75_RS17285	NC_007779.1	3477274	3478191	-	918	1921	1616	1978	1860	2448	2247	2184	0	1546	1566
gene-Y75_RS17290	NC_007779.1	3478458	3479831	-	1374	4846	1611	7395	6849	8215	7559	6082	0	6761	7435
gene-Y75_RS17295	NC_007779.1	3479892	3480668	-	777	2521	815	3402	3181	4078	3587	3231	0	3692	3880
gene-Y75_RS17300	NC_007779.1	3480676	3481680	-	1005	3737	1176	5548	5095	6417	5500	4931	0	6632	6556
gene-Y75_RS17305	NC_007779.1	3481834	3482985	+	1152	3010	1401	4294	4166	4592	3903	3764	0	4600	4713
gene-Y75_RS17315	NC_007779.1	3483583	3486234	+	2652	23356	20949	21438	19883	29334	25920	22387	0	14289	14952
gene-Y75_RS17320	NC_007779.1	3486416	3488149	+	1734	2835	2125	3540	3333	4298	3918	3685	0	2759	2711
gene-Y75_RS17325	NC_007779.1	3488364	3489215	+	852	150	222	139	130	143	117	147	0	94	88
gene-Y75_RS17330	NC_007779.1	3489202	3489543	-	342	10	10	17	5	17	3	13	0	7	4
gene-Y75_RS17335	NC_007779.1	3489545	3490423	-	879	32	23	32	16	20	26	29	0	25	27
gene-Y75_RS17340	NC_007779.1	3490389	3492686	-	2298	115	106	109	93	128	105	94	0	119	130
gene-Y75_RS17345	NC_007779.1	3492737	3493057	-	321	5	3	5	7	5	6	4	0	6	12
gene-Y75_RS17350	NC_007779.1	3493072	3494151	-	1080	16	12	6	8	10	13	12	0	22	15
gene-Y75_RS17355	NC_007779.1	3494460	3496961	+	2502	64	37	61	56	82	74	41	0	54	63
gene-Y75_RS17360	NC_007779.1	3496973	3497635	+	663	37	15	25	34	38	29	44	0	53	35
gene-Y75_RS17365	NC_007779.1	3497646	3498749	+	1104	139	195	104	128	108	121	114	0	144	193
gene-Y75_RS17375	NC_007779.1	3499024	3499641	+	618	23	25	22	21	33	23	21	0	27	15
gene-Y75_RS17380	NC_007779.1	3499668	3500573	-	906	128	191	114	103	144	138	110	0	129	108
gene-Y75_RS17385	NC_007779.1	3500666	3502846	-	2181	6731	8468	5071	4947	6312	5988	5385	0	4896	5209
gene-Y75_RS17390	NC_007779.1	3503175	3504065	-	891	4770	1865	5868	5442	6881	5782	4632	0	7733	7699
gene-Y75_RS25575	NC_007779.1	3504141	3504275	+	135	28	21	51	63	48	66	62	0	29	21
gene-Y75_RS17400	NC_007779.1	3504414	3506846	-	2433	3242	2157	3908	3600	4755	4034	3601	0	4388	4565
gene-Y75_RS17405	NC_007779.1	3506849	3508009	-	1161	2048	1125	2431	2091	2878	2563	2475	0	2755	2912
gene-Y75_RS17410	NC_007779.1	3508286	3508603	+	318	2262	1257	2336	2220	2855	2327	2416	0	1791	1767
gene-Y75_RS17415	NC_007779.1	3508787	3509395	+	609	244	184	345	313	438	364	424	0	143	185
gene-Y75_RS17420	NC_007779.1	3509456	3509668	-	213	14322	7981	14324	12979	17989	15568	15931	0	14323	14621
gene-Y75_RS17425	NC_007779.1	3509871	3512069	+	2199	761	703	760	702	904	864	778	0	564	488
gene-Y75_RS17430	NC_007779.1	3512225	3513250	+	1026	1036	738	1032	881	1405	1009	1009	0	909	915
gene-Y75_RS17435	NC_007779.1	3513342	3514301	+	960	2440	1893	2279	2076	2953	2490	2470	0	1618	1790
gene-Y75_RS17440	NC_007779.1	3514394	3514924	+	531	1025	758	1568	1416	1751	1581	1361	0	1193	1123
gene-Y75_RS17445	NC_007779.1	3514934	3516265	+	1332	3385	2704	5060	4508	6002	5373	4739	0	3988	4116
gene-Y75_RS17450	NC_007779.1	3516332	3517258	+	927	446	416	1177	1038	1266	1114	1098	0	634	590
gene-Y75_RS17455	NC_007779.1	3517351	3517836	+	486	2207	2475	2466	2376	2747	2449	2665	0	1880	1542
gene-Y75_RS17460	NC_007779.1	3517921	3518166	-	246	5443	4065	4327	3969	5129	4690	5249	0	2980	2850
gene-Y75_RS17465	NC_007779.1	3518591	3519436	+	846	88	83	60	64	91	71	75	0	49	48
gene-Y75_RS17470	NC_007779.1	3519459	3520967	+	1509	329	297	311	284	347	298	286	0	187	210
gene-Y75_RS17475	NC_007779.1	3521102	3522112	+	1011	466	296	505	413	608	523	417	0	556	565
gene-Y75_RS17480	NC_007779.1	3522209	3522955	+	747	1067	786	724	694	960	802	743	0	704	692
gene-Y75_RS17485	NC_007779.1	3522960	3523388	-	429	782	935	348	330	463	416	633	0	333	313
gene-Y75_RS17490	NC_007779.1	3523415	3523714	-	300	504	563	263	214	233	238	358	0	220	200
gene-Y75_RS17495	NC_007779.1	3523926	3524366	-	441	231	218	199	187	225	217	248	0	188	199
gene-Y75_RS17500	NC_007779.1	3524467	3525066	+	600	722	595	540	481	643	599	609	0	783	654
gene-Y75_RS17505	NC_007779.1	3525174	3525941	+	768	8140	6205	5985	5457	7158	6382	6253	0	5721	5739
gene-Y75_RS17510	NC_007779.1	3525996	3526751	-	756	295	209	343	281	348	352	287	0	482	444
gene-Y75_RS17515	NC_007779.1	3526858	3527847	-	990	676	442	616	639	669	566	597	0	575	681
gene-Y75_RS17520	NC_007779.1	3528167	3529129	-	963	5046	5105	5550	4927	6329	5428	5146	0	2862	2699
gene-Y75_RS17525	NC_007779.1	3529310	3530212	-	903	1419	1459	1532	1334	1633	1540	1433	0	1033	1007
gene-Y75_RS17530	NC_007779.1	3530361	3530861	-	501	1461	1227	1608	1408	1407	1397	1243	0	2283	2362
gene-Y75_RS17535	NC_007779.1	3531011	3531709	+	699	1741	1725	1256	1145	1484	1462	1492	0	2190	2149
gene-Y75_RS17540	NC_007779.1	3531706	3533079	+	1374	1436	1312	1182	1066	1396	1303	1191	0	1841	1911
gene-Y75_RS17545	NC_007779.1	3533185	3533859	-	675	470	398	357	286	413	336	357	0	313	353
gene-Y75_RS17550	NC_007779.1	3534008	3534991	-	984	120	92	310	280	363	329	309	0	47	45
gene-Y75_RS17560	NC_007779.1	3535251	3535871	-	621	23345	11572	20237	19075	26748	23672	21596	0	12646	13748
gene-Y75_RS17565	NC_007779.1	3536156	3537190	+	1035	53	66	53	38	76	77	56	0	60	54
gene-Y75_RS17570	NC_007779.1	3537187	3538035	-	849	32	37	47	55	70	47	48	0	60	41
gene-Y75_RS17575	NC_007779.1	3538109	3538945	-	837	35	48	57	56	46	31	48	0	40	39
gene-Y75_RS17585	NC_007779.1	3539233	3540702	+	1470	28	21	27	20	20	27	26	0	10	6
gene-Y75_RS17590	NC_007779.1	3540699	3541958	+	1260	32	28	24	11	27	27	18	0	15	28
gene-Y75_RS17595	NC_007779.1	3542409	3543233	+	825	53	34	26	52	35	29	32	0	23	16
gene-Y75_RS17600	NC_007779.1	3543243	3543557	+	315	23	27	14	14	23	10	10	0	20	26
gene-Y75_RS17605	NC_007779.1	3543858	3544304	+	447	7	9	2	8	9	6	16	0	2	1
gene-Y75_RS17610	NC_007779.1	3544315	3545766	+	1452	22	18	20	14	14	24	16	0	24	34
gene-Y75_RS17615	NC_007779.1	3545756	3546826	+	1071	68	59	53	40	49	41	61	0	41	38
gene-Y75_RS17620	NC_007779.1	3546826	3548574	+	1749	57	62	53	65	65	62	59	0	49	54
gene-Y75_RS17625	NC_007779.1	3548624	3549679	-	1056	31	54	44	32	65	34	71	0	21	34
gene-Y75_RS17630	NC_007779.1	3549832	3550665	-	834	362	361	264	235	345	341	307	0	347	329
gene-Y75_RS17640	NC_007779.1	3550859	3553909	+	3051	3956	3946	3040	2667	3550	3308	3280	4	2318	2338
gene-Y75_RS17645	NC_007779.1	3553922	3554824	+	903	308	180	252	212	251	263	245	0	159	147
gene-Y75_RS17650	NC_007779.1	3554821	3555456	+	636	225	128	213	218	281	229	245	0	146	164
gene-Y75_RS17655	NC_007779.1	3555453	3556382	+	930	864	725	1016	986	1289	1080	1063	0	665	608
gene-Y75_RS17665	NC_007779.1	3556712	3556954	-	243	68	99	48	53	72	62	98	0	58	52
gene-Y75_RS17670	NC_007779.1	3557172	3557390	-	219	1	1	5	2	0	2	2	0	2	1
gene-Y75_RS17675	NC_007779.1	3558243	3559184	-	942	991	844	812	685	1037	816	789	0	507	561
gene-Y75_RS17680	NC_007779.1	3559229	3559666	-	438	455	402	339	302	422	407	371	0	233	278
gene-Y75_RS17685	NC_007779.1	3559663	3560535	-	873	310	284	218	226	319	244	243	0	231	229
gene-Y75_RS17690	NC_007779.1	3560529	3561128	-	600	466	475	304	344	469	346	484	0	302	325
gene-Y75_RS17695	NC_007779.1	3561227	3562012	-	786	465	342	479	404	507	451	503	0	413	425
gene-Y75_RS17700	NC_007779.1	3562046	3562942	-	897	57	65	36	44	55	43	49	0	42	39
gene-Y75_RS17705	NC_007779.1	3563110	3564006	+	897	11	27	18	18	18	29	27	0	24	37
gene-Y75_RS17710	NC_007779.1	3564030	3564908	+	879	46	57	31	35	49	46	42	0	46	29
gene-Y75_RS17715	NC_007779.1	3564925	3566166	+	1242	150	141	127	107	187	132	161	0	91	123
gene-Y75_RS17720	NC_007779.1	3566304	3567206	+	903	29	14	21	17	14	29	19	0	15	27
gene-Y75_RS17725	NC_007779.1	3567405	3569441	+	2037	31	57	35	31	54	36	44	0	15	28
gene-Y75_RS17730	NC_007779.1	3569487	3570872	+	1386	33	40	34	39	52	50	71	0	24	46
gene-Y75_RS17735	NC_007779.1	3570915	3572318	+	1404	14	28	36	28	19	16	44	0	9	13
gene-Y75_RS17740	NC_007779.1	3572386	3573078	+	693	9	14	4	11	12	10	12	0	2	6
gene-Y75_RS17745	NC_007779.1	3573169	3574434	-	1266	76	54	86	53	83	80	90	0	51	54
gene-Y75_RS17750	NC_007779.1	3574536	3575516	-	981	135	107	198	177	241	191	179	0	92	86
gene-Y75_RS17755	NC_007779.1	3575524	3576234	-	711	118	122	197	180	229	234	203	0	117	98
gene-Y75_RS17760	NC_007779.1	3576451	3578274	-	1824	13704	11755	19415	17760	21604	19146	16579	0	10524	10762
gene-Y75_RS17770	NC_007779.1	3578647	3580056	+	1410	28029	7178	19984	18150	22576	20113	18893	0	25857	25271
gene-Y75_RS17775	NC_007779.1	3580342	3581391	+	1050	1390	381	1221	995	1419	1135	1054	0	1545	1478
gene-Y75_RS17780	NC_007779.1	3581403	3582812	+	1410	1450	440	814	993	1176	996	960	0	1175	1218
gene-Y75_RS17785	NC_007779.1	3582924	3583034	+	111	1759	1168	1138	1078	1182	1103	1282	0	343	418
gene-Y75_RS17790	NC_007779.1	3583263	3584636	-	1374	2054	1617	1729	1490	1951	1845	1804	0	2062	2097
gene-Y75_RS17795	NC_007779.1	3584825	3585334	-	510	1822	1080	1901	1660	2242	2128	1980	0	2741	2730
gene-Y75_RS17800	NC_007779.1	3585916	3586548	+	633	1182	853	1240	1133	1565	1228	1253	0	779	894
gene-Y75_RS17805	NC_007779.1	3586929	3589715	-	2787	3667	3313	2311	2123	2928	2435	2779	0	2046	1985
gene-Y75_RS17820	NC_007779.1	3590079	3591011	+	933	190	204	207	159	225	208	235	0	126	136
gene-Y75_RS17825	NC_007779.1	3591052	3592482	-	1431	75	120	83	93	104	77	149	0	46	69
gene-Y75_RS17830	NC_007779.1	3592637	3593263	-	627	3114	1980	3226	2740	3226	2829	3076	0	2557	2362
gene-Y75_RS17835	NC_007779.1	3593280	3594266	-	987	1316	1227	1294	1196	1516	1296	1366	0	1639	1643
gene-Y75_RS17840	NC_007779.1	3594343	3594612	-	270	800	1093	662	627	759	681	763	0	1112	1136
gene-Y75_RS17845	NC_007779.1	3594682	3595266	+	585	293	260	277	241	307	251	231	0	146	171
gene-Y75_RS17850	NC_007779.1	3595248	3595775	+	528	101	113	147	119	170	158	148	0	56	71
gene-Y75_RS17855	NC_007779.1	3596047	3596162	-	116	8	0	14	2	16	20	4	12	6	26
gene-Y75_RS17860	NC_007779.1	3596258	3599162	-	2905	76	53	298	169	143	157	159	44	160	495
gene-Y75_RS17865	NC_007779.1	3599346	3599421	-	76	8	5	6	5	11	13	3	0	21	17
gene-Y75_RS17870	NC_007779.1	3599464	3599540	-	77	0	0	0	0	0	0	0	1	0	0
gene-Y75_RS17875	NC_007779.1	3599609	3601150	-	1542	2	0	22	2	12	6	34	14	0	0
gene-Y75_RS17880	NC_007779.1	3601528	3602073	-	546	454	358	404	396	448	360	560	0	354	363
gene-Y75_RS17885	NC_007779.1	3602085	3603536	-	1452	840	720	948	779	1022	845	917	0	809	802
gene-Y75_RS17890	NC_007779.1	3603575	3604189	-	615	465	361	468	443	561	494	525	0	300	355
gene-Y75_RS17895	NC_007779.1	3604189	3605520	-	1332	3277	2164	2763	2705	3815	3325	3586	0	2512	2590
gene-Y75_RS17900	NC_007779.1	3605710	3607899	+	2190	742	366	451	454	552	404	588	0	277	307
gene-Y75_RS17905	NC_007779.1	3607909	3609072	+	1164	391	236	273	253	297	286	344	0	150	181
gene-Y75_RS17910	NC_007779.1	3609453	3610154	-	702	1761	1481	1692	1501	1904	1716	1655	0	888	937
gene-Y75_RS17915	NC_007779.1	3610200	3611693	-	1494	2738	2606	3136	2663	3225	2932	3038	0	2058	2132
gene-Y75_RS17920	NC_007779.1	3611860	3612348	+	489	497	362	594	498	636	591	587	0	499	496
gene-Y75_RS17925	NC_007779.1	3612345	3613127	-	783	250	205	563	504	658	663	608	0	161	168
gene-Y75_RS17930	NC_007779.1	3613169	3613945	-	777	1011	776	1283	1284	1306	1247	1126	0	1045	937
gene-Y75_RS17935	NC_007779.1	3613948	3614463	-	516	1525	1144	1426	1302	1948	1530	1618	0	1202	1244
gene-Y75_RS17940	NC_007779.1	3614467	3614736	-	270	1802	1546	1616	1449	1882	1609	1927	0	1605	1385
gene-Y75_RS17945	NC_007779.1	3614815	3616455	-	1641	1225	947	1143	1129	1435	1139	1145	0	1420	1395
gene-Y75_RS17950	NC_007779.1	3616452	3617057	-	606	624	550	722	681	844	744	685	0	517	539
gene-Y75_RS17955	NC_007779.1	3617071	3617826	-	756	1885	1468	2015	1875	2270	2163	2124	0	1393	1349
gene-Y75_RS17960	NC_007779.1	3617921	3619348	-	1428	297	235	315	276	395	332	310	0	352	362
gene-Y75_RS17965	NC_007779.1	3619489	3620250	-	762	1173	1501	904	776	1075	859	978	0	1185	1219
gene-Y75_RS17970	NC_007779.1	3620512	3621327	+	816	875	748	763	726	972	903	856	0	740	789
gene-Y75_RS17975	NC_007779.1	3621367	3623628	-	2262	130517	51255	180620	170715	232344	207219	192289	0	156904	160454
gene-Y75_RS17980	NC_007779.1	3623865	3624818	+	954	940	500	1114	1065	1370	1177	1177	0	853	871
gene-Y75_RS17985	NC_007779.1	3624706	3625605	-	900	234	279	311	249	339	320	304	0	319	305
gene-Y75_RS17990	NC_007779.1	3625681	3626481	-	801	691	537	492	464	560	432	551	0	316	321
gene-Y75_RS17995	NC_007779.1	3626489	3627511	-	1023	1310	1254	1141	1070	1410	1258	1249	0	816	773
gene-Y75_RS18000	NC_007779.1	3627622	3628242	+	621	417	429	269	270	306	273	238	0	291	283
gene-Y75_RS18005	NC_007779.1	3628304	3628924	-	621	613	777	568	512	626	581	496	0	191	172
gene-Y75_RS18010	NC_007779.1	3628988	3630817	-	1830	1344	1062	1744	1498	1915	1616	1600	0	1338	1372
gene-Y75_RS18015	NC_007779.1	3630950	3631819	-	870	1047	819	1154	1037	1289	1140	1311	0	724	755
gene-Y75_RS18020	NC_007779.1	3631984	3632451	+	468	707	584	725	764	929	825	855	0	305	378
gene-Y75_RS18025	NC_007779.1	3632503	3633393	+	891	292	237	881	743	874	780	749	0	266	239
gene-Y75_RS18030	NC_007779.1	3633488	3633868	+	381	18	17	16	14	24	25	20	0	3	8
gene-Y75_RS18035	NC_007779.1	3633882	3634262	+	381	39	48	73	70	74	92	114	0	9	10
gene-Y75_RS18040	NC_007779.1	3634305	3635255	-	951	1589	1131	2431	2065	2552	2289	2268	0	1941	1967
gene-Y75_RS25305	NC_007779.1	3635407	3635463	-	57	341	197	417	385	384	349	332	0	381	482
gene-Y75_RS18050	NC_007779.1	3635625	3636389	+	765	60	44	66	78	74	73	101	0	109	127
gene-Y75_RS18055	NC_007779.1	3636536	3638698	-	2163	1808	1934	2382	2002	2774	2426	2512	0	1170	1263
gene-Y75_RS18060	NC_007779.1	3638782	3639498	-	717	781	636	512	473	685	569	546	0	455	451
gene-Y75_RS18065	NC_007779.1	3639498	3640394	-	897	970	926	699	680	867	740	760	0	444	538
gene-Y75_RS18070	NC_007779.1	3640391	3641098	-	708	603	589	434	481	625	591	503	0	285	321
gene-Y75_RS18075	NC_007779.1	3641095	3641919	-	825	968	1010	882	895	1069	965	821	0	564	541
gene-Y75_RS18080	NC_007779.1	3641956	3642159	-	204	1021	1103	889	784	1121	954	910	0	459	447
gene-Y75_RS18085	NC_007779.1	3642622	3642942	+	321	481	303	654	552	678	584	604	0	727	783
gene-Y75_RS18090	NC_007779.1	3642982	3645528	-	2547	7620	7909	6056	5572	7353	6572	5916	0	4797	4742
gene-Y75_RS18095	NC_007779.1	3645915	3646856	+	942	1437	1461	1520	1412	1736	1498	1442	0	1085	1063
gene-Y75_RS18100	NC_007779.1	3646853	3647593	+	741	650	560	564	496	769	706	685	0	501	510
gene-Y75_RS18105	NC_007779.1	3647615	3648796	+	1182	1552	1281	1251	1113	1587	1259	1466	0	1186	1103
gene-Y75_RS18110	NC_007779.1	3648799	3649995	+	1197	1749	1347	1715	1458	2005	1660	1957	0	1091	1184
gene-Y75_RS18115	NC_007779.1	3650674	3652329	+	1656	152	124	182	109	188	137	201	0	66	82
gene-Y75_RS18120	NC_007779.1	3652488	3653723	-	1236	42	51	97	76	91	81	94	0	82	71
gene-Y75_RS18125	NC_007779.1	3653870	3653946	-	77	36	10	39	36	75	56	44	0	25	21
gene-Y75_RS18130	NC_007779.1	3653989	3654075	-	87	549	264	534	572	577	491	397	0	482	416
gene-Y75_RS18135	NC_007779.1	3654096	3654171	-	76	457	224	479	520	491	423	405	0	388	576
gene-Y75_RS18140	NC_007779.1	3654230	3654306	-	77	688	237	689	718	551	604	549	0	599	712
gene-Y75_RS18145	NC_007779.1	3654409	3655794	-	1386	1538	1016	1632	1503	1784	1675	1242	0	1627	1515
gene-Y75_RS18150	NC_007779.1	3655985	3656725	-	741	333	318	361	317	454	342	310	0	272	244
gene-Y75_RS18155	NC_007779.1	3656728	3658080	-	1353	244	184	285	279	279	283	261	0	297	243
gene-Y75_RS18160	NC_007779.1	3658077	3659156	-	1080	378	330	380	389	489	471	420	0	376	361
gene-Y75_RS18165	NC_007779.1	3659153	3660403	-	1251	348	323	464	364	552	462	386	0	335	368
gene-Y75_RS18170	NC_007779.1	3660405	3661535	-	1131	655	492	727	611	826	780	730	0	663	654
gene-Y75_RS18175	NC_007779.1	3661540	3662214	-	675	260	163	272	238	336	309	294	0	225	289
gene-Y75_RS25025	NC_007779.1	3662192	3663073	-	882	474	363	691	591	655	578	575	0	531	514
gene-Y75_RS25030	NC_007779.1	3663092	3664159	-	1068	906	672	999	834	1075	1061	990	0	776	786
gene-Y75_RS18190	NC_007779.1	3664159	3665421	-	1263	916	726	1186	1063	1421	1254	1188	0	946	989
gene-Y75_RS18195	NC_007779.1	3665418	3666548	-	1131	1005	838	1192	1144	1520	1240	1058	0	1030	1016
gene-Y75_RS18200	NC_007779.1	3666604	3667650	-	1047	1060	853	1340	1113	1524	1374	1209	0	998	1057
gene-Y75_RS18205	NC_007779.1	3667662	3668765	-	1104	1445	1279	2004	1750	2062	1926	1725	0	1310	1186
gene-Y75_RS18210	NC_007779.1	3668777	3668995	-	219	162	191	187	155	232	222	195	0	194	189
gene-Y75_RS18215	NC_007779.1	3669005	3670264	-	1260	9392	7895	9062	8737	11081	9714	9537	0	6989	6572
gene-Y75_RS18220	NC_007779.1	3670349	3670450	-	102	2714	3048	2559	2326	3171	2682	2838	0	2118	1815
gene-Y75_RS18225	NC_007779.1	3670591	3670920	-	330	7271	6800	7657	7055	8448	7126	6633	0	5578	5329
gene-Y75_RS18230	NC_007779.1	3671051	3672316	+	1266	5907	5981	5121	4493	6113	5228	5522	0	4198	4318
gene-Y75_RS18235	NC_007779.1	3672452	3673936	+	1485	2360	2213	2088	1896	2544	2171	1992	0	1873	1901
gene-Y75_RS18240	NC_007779.1	3673983	3676004	-	2022	1093	884	1146	973	1388	1172	1119	0	1097	1117
gene-Y75_RS18250	NC_007779.1	3676868	3677149	+	282	799	593	1072	1014	1333	1175	1195	0	552	580
gene-Y75_RS18255	NC_007779.1	3677236	3678711	-	1476	60155	37601	28960	27250	55939	52118	53744	0	22621	23197
gene-Y75_RS18260	NC_007779.1	3678861	3679754	+	894	150	127	181	234	220	173	173	0	172	154
gene-Y75_RS18265	NC_007779.1	3679806	3681350	-	1545	1471	916	3112	3095	1940	1622	1524	0	5839	6440
gene-Y75_RS18270	NC_007779.1	3681353	3683203	-	1851	2613	1666	5580	5215	3286	2900	2811	0	9559	10326
gene-Y75_RS18275	NC_007779.1	3683268	3684197	-	930	3048	1944	4431	4069	3036	2708	2895	0	8094	8459
gene-Y75_RS18280	NC_007779.1	3684217	3684480	-	264	228	113	426	462	188	181	161	0	1321	1433
gene-Y75_RS25040	NC_007779.1	3686124	3686174	-	51	1893	622	3213	2812	1288	1089	1304	0	723	844
gene-Y75_RS18290	NC_007779.1	3686261	3686359	-	99	5398	1089	6423	5958	4342	4299	5382	0	2436	2605
gene-Y75_RS18295	NC_007779.1	3686712	3688232	+	1521	285	180	309	265	325	218	318	0	126	125
gene-Y75_RS18300	NC_007779.1	3688257	3688595	-	339	5220	2648	5143	4598	4786	4678	4626	0	8947	9671
gene-Y75_RS18305	NC_007779.1	3688714	3689553	+	840	481	375	474	446	576	454	486	0	252	242
gene-Y75_RS18310	NC_007779.1	3689649	3689724	-	76	12	13	32	34	40	23	22	0	11	15
gene-Y75_RS18315	NC_007779.1	3689733	3689809	-	77	16	0	4	3	12	6	9	0	6	3
gene-Y75_RS18320	NC_007779.1	3689864	3689979	-	116	2	0	1	2	0	0	4	0	0	0
gene-Y75_RS18325	NC_007779.1	3690074	3692977	-	2904	103	61	239	156	196	124	170	116	166	392
gene-Y75_RS18330	NC_007779.1	3693171	3693246	-	76	437	329	282	261	354	341	315	0	3	2
gene-Y75_RS18335	NC_007779.1	3693332	3694873	-	1542	32	20	130	56	38	38	58	12	57	163
gene-Y75_RS18340	NC_007779.1	3695354	3696046	+	693	849	639	657	565	818	664	683	0	298	290
gene-Y75_RS18345	NC_007779.1	3696069	3697496	+	1428	221	183	244	193	233	214	233	0	189	164
gene-Y75_RS18350	NC_007779.1	3697462	3698454	-	993	184	173	226	176	250	200	212	0	115	167
gene-Y75_RS18355	NC_007779.1	3698458	3699387	-	930	626	494	882	798	958	846	755	0	314	271
gene-Y75_RS18360	NC_007779.1	3699513	3700403	-	891	3456	2418	3519	3098	4680	3774	3789	0	1301	1316
gene-Y75_RS18365	NC_007779.1	3700428	3701393	-	966	286	215	439	471	510	507	326	0	55	58
gene-Y75_RS18370	NC_007779.1	3701398	3702903	-	1506	347	351	591	689	712	649	381	0	28	27
gene-Y75_RS18375	NC_007779.1	3702911	3703330	-	420	547	351	1282	1349	1413	1212	835	0	1032	939
gene-Y75_RS18380	NC_007779.1	3703497	3705365	-	1869	711	509	845	778	893	774	834	0	464	428
gene-Y75_RS18385	NC_007779.1	3705588	3707084	+	1497	565	500	430	416	547	536	538	0	483	390
gene-Y75_RS18390	NC_007779.1	3707078	3708529	+	1452	374	404	370	374	470	406	382	0	270	325
gene-Y75_RS18395	NC_007779.1	3708534	3709526	-	993	796	301	1236	1143	1201	1053	1028	0	1708	1743
gene-Y75_RS18400	NC_007779.1	3709678	3710136	+	459	162	92	161	164	195	166	174	0	131	124
gene-Y75_RS18405	NC_007779.1	3710226	3710669	+	444	2241	1616	2190	1997	2593	2054	2061	0	1500	1388
gene-Y75_RS18410	NC_007779.1	3711048	3712937	+	1890	3301	2507	3631	3369	4278	3666	3684	0	3244	3292
gene-Y75_RS18415	NC_007779.1	3713001	3713624	+	624	654	557	637	623	812	647	642	0	936	852
gene-Y75_RS18420	NC_007779.1	3714241	3714621	+	381	4478	2718	3679	3455	4310	3653	4329	0	3019	2919
gene-Y75_RS18425	NC_007779.1	3714630	3715445	+	816	15726	10045	14246	12600	16417	13824	16218	0	10232	9915
gene-Y75_RS18430	NC_007779.1	3715492	3715731	+	240	16595	9258	14561	13148	15772	14565	15537	0	11082	10458
gene-Y75_RS18435	NC_007779.1	3715793	3716263	+	471	20439	10959	14139	13755	19372	17643	19538	0	11582	12730
gene-Y75_RS18440	NC_007779.1	3716278	3716811	+	534	12034	6954	9794	9042	11520	10590	11953	0	8251	8293
gene-Y75_RS18445	NC_007779.1	3716824	3718365	+	1542	47029	27282	38963	36279	46472	41468	45858	0	32140	33026
gene-Y75_RS18450	NC_007779.1	3718416	3719279	+	864	25924	15443	20124	19110	26506	23166	26984	0	15676	16890
gene-Y75_RS18455	NC_007779.1	3719306	3720688	+	1383	36980	22597	31237	29089	38100	32999	37945	0	24058	25286
gene-Y75_RS18460	NC_007779.1	3720709	3721128	+	420	12604	7162	10010	9875	12785	11533	12189	0	8084	8890
gene-Y75_RS18465	NC_007779.1	3721481	3722851	+	1371	5801	4674	4728	4311	5367	4707	4648	0	5888	5860
gene-Y75_RS18470	NC_007779.1	3723013	3724842	+	1830	11332	8156	8510	7747	9857	8310	7248	0	12282	12502
gene-Y75_RS18475	NC_007779.1	3725156	3726196	+	1041	2377	1995	1867	1540	1631	1422	1540	0	777	735
gene-Y75_RS18480	NC_007779.1	3726283	3727242	+	960	598	555	574	453	504	447	468	0	239	252
gene-Y75_RS18485	NC_007779.1	3727242	3728132	+	891	576	550	526	391	478	407	446	0	208	190
gene-Y75_RS18490	NC_007779.1	3728315	3729088	+	774	1018	887	800	713	897	732	704	0	426	366
gene-Y75_RS18495	NC_007779.1	3729103	3729828	+	726	926	892	696	633	664	567	630	0	479	470
gene-Y75_RS18500	NC_007779.1	3730114	3730950	+	837	18	20	25	37	30	25	45	0	14	12
gene-Y75_RS18505	NC_007779.1	3731084	3732961	+	1878	725	594	783	781	1029	844	711	0	50	40
gene-Y75_RS18510	NC_007779.1	3732980	3734392	+	1413	32	41	40	18	36	39	30	0	42	34
gene-Y75_RS18515	NC_007779.1	3734461	3736077	+	1617	36	58	30	36	56	52	43	0	20	47
gene-Y75_RS18520	NC_007779.1	3736104	3737273	+	1170	48	73	53	55	69	63	51	0	45	49
gene-Y75_RS18525	NC_007779.1	3737288	3738010	+	723	61	81	44	67	71	97	71	0	43	45
gene-Y75_RS18530	NC_007779.1	3738072	3738659	-	588	197	182	120	107	182	122	142	0	207	188
gene-Y75_RS18535	NC_007779.1	3738708	3739175	-	468	173	170	114	95	147	80	117	0	114	120
gene-Y75_RS18540	NC_007779.1	3739242	3739907	-	666	442	394	407	346	492	375	490	0	402	423
gene-Y75_RS18545	NC_007779.1	3740072	3741409	+	1338	3600	3134	5012	4188	5421	4603	3756	0	4680	4549
gene-Y75_RS18550	NC_007779.1	3741463	3742029	-	567	587	647	285	270	351	275	440	0	155	170
gene-Y75_RS18555	NC_007779.1	3742051	3742800	-	750	389	427	202	220	299	215	329	0	342	260
gene-Y75_RS18560	NC_007779.1	3742944	3744172	-	1229	0	0	0	0	0	0	0	0	0	0
gene-Y75_RS18570	NC_007779.1	3744293	3745252	-	960	221	226	245	189	254	186	254	0	172	180
gene-Y75_RS18575	NC_007779.1	3745227	3746402	-	1176	78	59	71	64	88	76	63	0	75	82
gene-Y75_RS18585	NC_007779.1	3746979	3747959	+	981	0	0	0	0	0	0	0	0	0	0
gene-Y75_RS18595	NC_007779.1	3749071	3750486	-	1416	187	82	228	187	215	272	297	0	52	35
gene-Y75_RS18600	NC_007779.1	3750659	3751639	+	981	0	0	0	0	0	0	0	0	0	0
gene-Y75_RS18605	NC_007779.1	3751906	3751980	-	75	66	15	52	61	72	47	82	0	37	48
gene-Y75_RS18610	NC_007779.1	3752223	3753587	-	1365	1077	860	1661	1547	2093	1679	1783	0	794	750
gene-Y75_RS18615	NC_007779.1	3753693	3755339	-	1647	7954	6085	8048	7500	9304	8118	7527	0	7085	7230
gene-Y75_RS18620	NC_007779.1	3755342	3755599	-	258	382	250	282	241	424	325	336	0	345	310
gene-Y75_RS18625	NC_007779.1	3755563	3755922	-	360	1236	895	1098	1034	1367	1219	1104	0	1198	1154
gene-Y75_RS18630	NC_007779.1	3755939	3756079	-	141	7938	4537	8221	7803	10529	9017	8611	0	9099	8797
gene-Y75_RS25045	NC_007779.1	3756309	3756389	-	81	33	33	46	31	30	38	36	0	16	45
gene-Y75_RS18635	NC_007779.1	3756686	3758089	+	1404	2871	3091	3047	2847	3543	3031	3215	0	1968	1956
gene-Y75_RS18640	NC_007779.1	3758094	3759194	+	1101	1600	1574	1577	1566	2004	1823	1700	0	966	1151
gene-Y75_RS18645	NC_007779.1	3759194	3760267	+	1074	544	451	696	643	853	736	817	0	396	431
gene-Y75_RS18650	NC_007779.1	3760296	3762710	+	2415	5625	4682	5952	5617	7011	6564	6279	0	3494	3762
gene-Y75_RS18660	NC_007779.1	3762950	3763348	+	399	240	156	208	189	289	204	252	0	281	316
gene-Y75_RS18665	NC_007779.1	3763463	3764275	+	813	1230	1106	1135	908	1383	1117	1080	0	884	965
gene-Y75_RS18670	NC_007779.1	3764321	3764977	-	657	258	197	223	202	218	157	200	0	239	189
gene-Y75_RS18675	NC_007779.1	3765255	3765944	+	690	218	189	195	123	202	187	187	0	137	130
gene-Y75_RS18680	NC_007779.1	3765941	3766819	+	879	91	72	68	71	90	69	58	0	64	65
gene-Y75_RS18685	NC_007779.1	3766803	3767420	+	618	16	30	8	13	25	20	22	0	29	22
gene-Y75_RS18690	NC_007779.1	3767417	3768565	+	1149	68	79	75	80	70	79	85	0	32	48
gene-Y75_RS18695	NC_007779.1	3768640	3769977	+	1338	43	56	60	65	98	55	91	0	64	57
gene-Y75_RS18700	NC_007779.1	3769974	3771038	-	1065	43	44	31	27	62	40	36	0	91	90
gene-Y75_RS18705	NC_007779.1	3771139	3772353	+	1215	486	528	446	398	516	404	459	0	338	391
gene-Y75_RS18710	NC_007779.1	3772355	3772687	-	333	647	605	553	430	695	563	543	0	354	343
gene-Y75_RS18715	NC_007779.1	3772993	3773406	+	414	1113	408	1467	1319	1460	1234	1235	0	1297	1305
gene-Y75_RS18720	NC_007779.1	3773518	3773946	+	429	127	86	378	390	373	330	311	0	185	160
gene-Y75_RS18725	NC_007779.1	3774142	3775803	+	1662	931	987	807	585	814	745	753	0	537	435
gene-Y75_RS18730	NC_007779.1	3775800	3776516	-	717	37	26	26	37	19	24	24	0	35	18
gene-Y75_RS18750	NC_007779.1	3779239	3780132	-	894	107	104	74	86	94	70	108	0	24	25
gene-Y75_RS18755	NC_007779.1	3780299	3782014	+	1716	28	27	30	26	47	52	39	0	28	26
gene-Y75_RS18760	NC_007779.1	3782011	3783504	+	1494	58	72	68	46	87	62	79	0	34	55
gene-Y75_RS18765	NC_007779.1	3783551	3784000	-	450	104	125	61	78	115	81	91	0	51	66
gene-Y75_RS18770	NC_007779.1	3784108	3784455	+	348	108	129	98	64	87	86	95	0	46	64
gene-Y75_RS18775	NC_007779.1	3784445	3784807	+	363	34	51	31	23	39	35	48	0	32	40
gene-Y75_RS18780	NC_007779.1	3784804	3785301	+	498	27	28	38	31	22	38	31	0	30	37
gene-Y75_RS18785	NC_007779.1	3785309	3786493	-	1185	12	8	27	15	20	18	13	0	6	15
gene-Y75_RS25310	NC_007779.1	3786575	3786649	+	75	1	10	2	0	4	2	0	0	0	2
gene-Y75_RS18790	NC_007779.1	3786773	3786862	-	90	360	365	363	343	377	305	375	0	607	686
gene-Y75_RS18805	NC_007779.1	3787427	3787525	+	99	3474	2785	2663	2448	3244	2805	2852	0	2795	3069
gene-Y75_RS18810	NC_007779.1	3787631	3789319	+	1689	6454	3371	4739	4274	6300	5278	5019	0	3482	3889
gene-Y75_RS18815	NC_007779.1	3789323	3789613	+	291	790	382	527	516	682	636	528	0	527	567
gene-Y75_RS18820	NC_007779.1	3789689	3790279	+	591	856	639	1023	993	1218	1141	970	0	313	324
gene-Y75_RS18825	NC_007779.1	3790279	3791781	+	1503	289	240	471	413	481	407	416	0	254	357
gene-Y75_RS18830	NC_007779.1	3791791	3793110	+	1320	176	153	235	254	258	203	197	0	214	211
gene-Y75_RS18835	NC_007779.1	3793248	3794639	+	1392	35	39	37	36	69	48	47	0	38	27
gene-Y75_RS18840	NC_007779.1	3794685	3796451	-	1767	373	269	310	315	352	316	369	0	196	262
gene-Y75_RS18845	NC_007779.1	3796626	3797960	+	1335	27	30	25	18	32	20	25	0	19	18
gene-Y75_RS18850	NC_007779.1	3798013	3798465	+	453	148	151	127	157	186	189	135	0	132	146
gene-Y75_RS18855	NC_007779.1	3798676	3799866	+	1191	180	298	276	283	334	259	228	0	74	85
gene-Y75_RS18860	NC_007779.1	3799907	3800200	-	294	29	63	38	37	47	46	45	0	24	13
gene-Y75_RS18870	NC_007779.1	3800422	3801240	+	819	3246	3345	3044	2707	3925	3542	3752	0	1202	1100
gene-Y75_RS18875	NC_007779.1	3801244	3802167	-	924	434	504	381	344	426	413	512	0	212	173
gene-Y75_RS18880	NC_007779.1	3802278	3803462	-	1185	29	46	36	21	28	33	30	0	20	14
gene-Y75_RS18890	NC_007779.1	3804099	3804193	-	95	130	91	141	158	188	164	155	0	175	229
gene-Y75_RS18895	NC_007779.1	3804486	3805868	+	1383	59	68	31	51	63	49	31	0	36	48
gene-Y75_RS18900	NC_007779.1	3805878	3808196	+	2319	212	220	157	143	209	163	216	0	107	144
gene-Y75_RS18905	NC_007779.1	3808249	3809958	-	1710	1494	1607	1184	1042	1455	1337	1390	0	669	795
gene-Y75_RS18910	NC_007779.1	3810079	3811470	-	1392	2626	2338	3891	3534	4391	3891	2603	0	4112	3880
gene-Y75_RS18915	NC_007779.1	3811750	3812955	+	1206	528	577	520	535	574	467	525	0	4135	3832
gene-Y75_RS18920	NC_007779.1	3813124	3815205	-	2082	1395	969	815	777	944	872	901	0	1277	1256
gene-Y75_RS18925	NC_007779.1	3815211	3815900	-	690	776	531	541	411	595	538	540	0	596	574
gene-Y75_RS18930	NC_007779.1	3815907	3818015	-	2109	5217	4513	3729	3485	4772	4166	4207	0	4144	4067
gene-Y75_RS18935	NC_007779.1	3818034	3818309	-	276	2744	2311	2744	2499	3315	2812	2535	0	2083	1955
gene-Y75_RS18940	NC_007779.1	3818364	3818987	-	624	2228	2353	2244	1993	2655	2254	2124	0	1296	1277
gene-Y75_RS18945	NC_007779.1	3819245	3820927	+	1683	106	123	99	106	117	115	117	0	48	46
gene-Y75_RS18950	NC_007779.1	3820924	3821541	-	618	32	41	56	32	74	34	72	0	30	45
gene-Y75_RS18955	NC_007779.1	3821831	3822655	-	825	123	79	129	130	136	138	126	0	99	80
gene-Y75_RS18960	NC_007779.1	3822876	3823739	-	864	1497	1120	1692	1572	2171	1744	1796	0	1408	1538
gene-Y75_RS18970	NC_007779.1	3824647	3825288	+	642	104	50	278	235	286	252	231	0	696	642
gene-Y75_RS18975	NC_007779.1	3825325	3825921	-	597	1561	906	1753	1423	1768	1623	1688	0	749	803
gene-Y75_RS18980	NC_007779.1	3826028	3826486	-	459	1570	1079	1944	1780	2220	1892	1883	0	966	918
gene-Y75_RS18985	NC_007779.1	3826464	3827684	-	1221	1979	1371	2095	1984	2587	2077	2301	0	1265	1269
gene-Y75_RS18990	NC_007779.1	3827856	3828524	+	669	1278	873	1466	1153	1457	1303	1477	0	1788	1844
gene-Y75_RS18995	NC_007779.1	3828741	3828977	+	237	21944	15228	30142	26343	33829	28437	26109	0	19541	20742
gene-Y75_RS19000	NC_007779.1	3828998	3829165	+	168	4270	2554	5283	4772	5962	4964	4716	0	4048	3952
gene-Y75_RS19005	NC_007779.1	3829263	3830072	+	810	175	140	459	466	604	512	543	0	252	202
gene-Y75_RS19010	NC_007779.1	3830111	3830590	-	480	389	195	399	434	487	473	360	0	476	497
gene-Y75_RS19015	NC_007779.1	3830598	3831875	-	1278	1245	731	1482	1421	1690	1468	1311	0	1536	1361
gene-Y75_RS19020	NC_007779.1	3832281	3833351	+	1071	945	1098	916	769	1043	941	1067	0	218	187
gene-Y75_RS19025	NC_007779.1	3833348	3834472	+	1125	664	835	669	633	842	704	831	0	182	155
gene-Y75_RS19030	NC_007779.1	3834465	3835262	+	798	464	499	434	360	539	404	556	0	133	92
gene-Y75_RS19035	NC_007779.1	3835299	3836234	+	936	374	391	202	236	371	410	447	0	0	0
gene-Y75_RS19040	NC_007779.1	3836278	3837357	+	1080	698	717	620	583	696	638	758	0	0	0
gene-Y75_RS19045	NC_007779.1	3837357	3838376	+	1020	757	787	557	532	718	655	820	0	0	0
gene-Y75_RS19050	NC_007779.1	3838416	3839432	+	1017	799	740	558	579	728	687	797	0	0	0
gene-Y75_RS19055	NC_007779.1	3839450	3840148	+	699	526	473	432	469	585	535	589	0	0	0
gene-Y75_RS19060	NC_007779.1	3840219	3841070	+	852	395	386	347	341	402	365	406	0	0	0
gene-Y75_RS19065	NC_007779.1	3841103	3842176	+	1074	637	638	450	486	626	677	761	0	0	0
gene-Y75_RS19070	NC_007779.1	3842208	3843467	-	1260	1319	1007	1007	957	1187	1111	1425	0	0	0
gene-Y75_RS19075	NC_007779.1	3843477	3844436	-	960	695	573	736	597	886	732	807	0	429	444
gene-Y75_RS19080	NC_007779.1	3844440	3845486	-	1047	1450	1151	1509	1287	1805	1530	1636	0	889	828
gene-Y75_RS19085	NC_007779.1	3845496	3846428	-	933	4743	3525	4565	4108	4881	4923	5529	0	2098	2010
gene-Y75_RS19090	NC_007779.1	3846732	3847589	+	858	1001	858	788	656	885	776	1008	0	0	0
gene-Y75_RS19095	NC_007779.1	3847864	3849060	+	1197	453	363	522	512	655	542	531	0	703	800
gene-Y75_RS19100	NC_007779.1	3849070	3850095	+	1026	542	607	659	764	866	777	712	0	684	698
gene-Y75_RS19105	NC_007779.1	3850334	3851368	+	1035	36	47	38	19	34	16	37	0	28	30
gene-Y75_RS19110	NC_007779.1	3851355	3852314	-	960	395	350	321	308	466	404	331	0	320	282
gene-Y75_RS19115	NC_007779.1	3852318	3853577	-	1260	1833	1766	1794	1490	2213	1977	1982	0	1134	1276
gene-Y75_RS19120	NC_007779.1	3853611	3855155	-	1545	5860	5077	4399	4125	5656	5204	5032	0	2583	2590
gene-Y75_RS19125	NC_007779.1	3855400	3855831	+	432	2491	1978	2690	2656	3203	2650	2556	0	1794	1678
gene-Y75_RS19130	NC_007779.1	3855973	3856224	+	252	2178	1872	1899	1681	2279	2022	2107	0	1418	1302
gene-Y75_RS19135	NC_007779.1	3856287	3856754	+	468	3930	3204	3285	2826	3693	3112	3523	0	2032	2021
gene-Y75_RS19140	NC_007779.1	3856754	3857773	+	1020	2944	1909	1908	1718	2352	2076	2145	0	1490	1501
gene-Y75_RS19145	NC_007779.1	3857853	3858674	+	822	1490	1392	1367	1170	1640	1345	1361	0	1284	1314
gene-Y75_RS19150	NC_007779.1	3858727	3859200	-	474	232	146	213	218	246	237	198	0	341	363
gene-Y75_RS19155	NC_007779.1	3859398	3860588	-	1191	385	344	245	249	310	242	273	0	140	204
gene-Y75_RS19160	NC_007779.1	3860585	3861361	-	777	137	113	134	126	133	156	159	0	48	56
gene-Y75_RS19165	NC_007779.1	3861361	3863016	-	1656	442	400	582	488	606	534	591	0	175	178
gene-Y75_RS19170	NC_007779.1	3863388	3863750	-	363	1092	914	1315	1144	1588	1463	1407	0	804	915
gene-Y75_RS19175	NC_007779.1	3864035	3864244	+	210	389	366	263	349	451	334	318	0	115	131
gene-Y75_RS19180	NC_007779.1	3864256	3864843	-	588	445	352	468	433	572	508	428	0	387	368
gene-Y75_RS19185	NC_007779.1	3864843	3865991	-	1149	1263	990	1064	1020	1252	1185	1180	0	674	618
gene-Y75_RS19190	NC_007779.1	3866221	3868134	-	1914	1294	1229	1316	1076	1642	1462	1332	0	530	451
gene-Y75_RS19195	NC_007779.1	3868671	3869033	+	363	36	33	38	25	30	19	27	0	33	26
gene-Y75_RS19200	NC_007779.1	3869036	3870172	+	1137	68	42	40	62	65	65	51	0	49	63
gene-Y75_RS19210	NC_007779.1	3871777	3872238	-	462	24	34	17	17	18	20	16	0	4	16
gene-Y75_RS19220	NC_007779.1	3873236	3874078	-	843	169	184	97	89	102	125	184	0	114	84
gene-Y75_RS19225	NC_007779.1	3874099	3878232	-	4134	67	82	41	54	63	50	80	2	79	74
gene-Y75_RS19230	NC_007779.1	3878460	3879068	+	609	343	445	287	260	382	275	339	0	132	138
gene-Y75_RS19235	NC_007779.1	3879166	3880557	+	1392	1091	855	1121	998	1340	1244	1043	0	678	707
gene-Y75_RS19240	NC_007779.1	3880554	3882398	+	1845	1825	1407	1803	1653	2309	1946	1887	0	1014	967
gene-Y75_RS19245	NC_007779.1	3882588	3883739	+	1152	13	18	21	17	24	17	19	0	32	33
gene-Y75_RS19250	NC_007779.1	3883904	3885442	+	1539	46	70	41	44	74	42	45	0	43	53
gene-Y75_RS19255	NC_007779.1	3885661	3885804	-	144	20	20	31	15	19	23	8	0	14	8
gene-Y75_RS19260	NC_007779.1	3885987	3886310	+	324	10	4	2	8	11	7	10	0	4	3
gene-Y75_RS19265	NC_007779.1	3886316	3887452	+	1137	31	37	31	36	39	42	41	0	12	22
gene-Y75_RS19270	NC_007779.1	3887449	3888423	-	975	119	125	123	101	86	120	157	0	83	74
gene-Y75_RS19275	NC_007779.1	3888547	3889287	+	741	38	54	66	50	71	52	69	0	23	24
gene-Y75_RS19280	NC_007779.1	3889634	3890329	-	696	59	74	46	43	54	34	37	0	37	37
gene-Y75_RS19285	NC_007779.1	3890323	3891183	-	861	20	32	22	12	14	23	16	0	23	26
gene-Y75_RS19290	NC_007779.1	3891176	3891838	-	663	12	13	4	10	14	17	15	0	9	9
gene-Y75_RS19295	NC_007779.1	3891835	3893331	-	1497	25	38	50	36	46	51	40	0	19	22
gene-Y75_RS19300	NC_007779.1	3893335	3894321	-	987	14	19	10	5	9	19	6	0	6	7
gene-Y75_RS19305	NC_007779.1	3894334	3895611	-	1278	36	32	18	24	22	27	25	0	10	22
gene-Y75_RS19310	NC_007779.1	3895614	3896087	-	474	6	2	4	8	2	6	2	0	2	4
gene-Y75_RS19315	NC_007779.1	3896205	3896672	-	468	2	8	0	0	7	7	2	0	5	7
gene-Y75_RS19320	NC_007779.1	3896684	3897682	-	999	17	24	21	16	29	33	27	0	22	25
gene-Y75_RS19325	NC_007779.1	3897883	3898731	+	849	769	644	596	501	649	585	619	0	704	733
gene-Y75_RS19330	NC_007779.1	3898833	3899306	+	474	235	297	203	185	258	213	276	0	194	222
gene-Y75_RS19340	NC_007779.1	3899457	3900710	-	1254	3830	3900	3284	2941	4014	3346	3628	0	2914	2717
gene-Y75_RS19345	NC_007779.1	3900888	3902918	-	2031	213	161	241	232	298	257	222	0	165	147
gene-Y75_RS19350	NC_007779.1	3903238	3904062	+	825	3262	3151	3530	3153	3989	3241	3569	0	1503	1482
gene-Y75_RS19355	NC_007779.1	3904258	3905436	-	1179	417	411	350	380	430	397	480	0	249	199
gene-Y75_RS19360	NC_007779.1	3905514	3906695	-	1182	89	70	63	34	67	77	48	0	55	46
gene-Y75_RS19365	NC_007779.1	3906673	3908214	-	1542	293	307	348	369	381	389	339	0	58	69
gene-Y75_RS19370	NC_007779.1	3908292	3909284	-	993	32	53	69	61	55	53	55	0	32	32
gene-Y75_RS19375	NC_007779.1	3909650	3910972	+	1323	153	157	165	135	162	127	176	0	105	81
gene-Y75_RS19380	NC_007779.1	3911044	3912498	+	1455	95	94	123	118	130	140	134	0	47	53
gene-Y75_RS19385	NC_007779.1	3912667	3913008	+	342	4	12	9	2	8	6	13	0	1	6
gene-Y75_RS19390	NC_007779.1	3913054	3913491	+	438	22	29	20	14	28	14	18	0	11	7
gene-Y75_RS19395	NC_007779.1	3913533	3914528	-	996	147	163	156	106	164	107	117	0	179	144
gene-Y75_RS19400	NC_007779.1	3914703	3915002	+	300	28	37	23	24	25	12	25	0	37	37
gene-Y75_RS19405	NC_007779.1	3915097	3916008	+	912	4325	4368	4292	4176	5174	4728	4426	0	2668	2773
gene-Y75_RS19410	NC_007779.1	3916018	3918087	+	2070	8134	8019	7751	7329	10197	8899	7819	0	5126	5162
gene-Y75_RS24400	NC_007779.1	3918366	3919735	-	1370	153	161	179	206	264	180	237	0	1802	1636
gene-Y75_RS19425	NC_007779.1	3919815	3919967	+	153	2	3	5	5	1	3	5	0	2	3
gene-Y75_RS25315	NC_007779.1	3919944	3920015	-	72	0	0	0	2	2	0	0	0	0	2
gene-Y75_RS19430	NC_007779.1	3920154	3920366	-	213	1032	3635	1800	1596	2416	1607	1587	0	2712	2797
gene-Y75_RS19435	NC_007779.1	3920647	3920937	-	291	85	144	46	28	60	30	48	0	157	172
gene-Y75_RS19440	NC_007779.1	3921371	3922081	+	711	1973	1915	1888	1773	2252	1986	2099	0	1722	1681
gene-Y75_RS19445	NC_007779.1	3922131	3923105	-	975	3970	3091	2636	2375	3274	2772	2929	0	1691	1721
gene-Y75_RS19450	NC_007779.1	3923209	3923868	-	660	206	180	307	290	296	314	291	0	1165	1111
gene-Y75_RS19455	NC_007779.1	3924021	3926354	+	2334	1261	1094	1136	1000	1358	1196	1083	0	1101	1131
gene-Y75_RS19460	NC_007779.1	3926323	3926763	-	441	130	115	117	104	120	95	127	0	53	52
gene-Y75_RS19465	NC_007779.1	3926760	3927323	-	564	355	400	284	231	312	252	352	0	136	101
gene-Y75_RS19470	NC_007779.1	3927481	3928179	+	699	270	296	189	168	246	253	276	0	151	166
gene-Y75_RS19475	NC_007779.1	3928408	3929616	+	1209	69	68	53	45	73	62	69	0	56	51
gene-Y75_RS19480	NC_007779.1	3929940	3931631	+	1692	494	473	502	469	520	496	544	0	544	583
gene-Y75_RS19485	NC_007779.1	3931723	3931799	+	77	13	6	11	16	11	14	15	0	8	15
gene-Y75_RS19490	NC_007779.1	3931834	3931967	+	134	23	4	154	111	156	137	137	0	16	14
gene-Y75_RS19500	NC_007779.1	3932710	3934317	+	1608	15980	24128	8163	7403	10709	9394	12811	0	7337	7362
gene-Y75_RS25670	NC_007779.1	3934380	3934607	-	228	521	720	251	238	350	279	380	0	223	263
gene-Y75_RS19510	NC_007779.1	3934625	3935644	+	1020	537	961	432	376	520	478	405	0	222	273
gene-Y75_RS19515	NC_007779.1	3935654	3936556	+	903	592	1068	489	442	638	574	567	0	283	303
gene-Y75_RS19520	NC_007779.1	3936567	3937550	+	984	941	1520	742	662	872	845	888	0	463	512
gene-Y75_RS19525	NC_007779.1	3937547	3938551	+	1005	1037	1646	706	785	1000	861	1007	0	487	599
gene-Y75_RS19530	NC_007779.1	3938581	3939852	-	1272	423	527	484	426	565	522	482	0	357	308
gene-Y75_RS19540	NC_007779.1	3940328	3940435	+	108	68	65	87	83	102	57	52	0	161	173
gene-Y75_RS19545	NC_007779.1	3940522	3942201	-	1680	866	940	631	529	764	608	639	0	459	518
gene-Y75_RS19550	NC_007779.1	3942198	3942389	-	192	37	26	29	21	33	20	30	0	24	15
gene-Y75_RS19555	NC_007779.1	3942386	3943957	-	1572	1632	1802	1122	962	1265	1102	1343	0	839	771
gene-Y75_RS19560	NC_007779.1	3944230	3944418	+	189	511	415	321	282	410	372	462	0	107	86
gene-Y75_RS19565	NC_007779.1	3944454	3945182	+	729	143	114	171	132	165	165	150	0	114	112
gene-Y75_RS19570	NC_007779.1	3945179	3947797	+	2619	148	113	139	139	184	130	109	0	488	553
gene-Y75_RS19575	NC_007779.1	3947808	3950147	+	2340	184	173	152	148	199	198	201	0	857	829
gene-Y75_RS19580	NC_007779.1	3950154	3951260	+	1107	58	76	52	63	93	53	77	0	321	300
gene-Y75_RS19585	NC_007779.1	3951242	3954715	+	3474	485	507	444	374	511	525	477	0	1112	1116
gene-Y75_RS19590	NC_007779.1	3954797	3956785	+	1989	534	440	466	517	564	491	543	0	424	446
gene-Y75_RS19595	NC_007779.1	3956968	3958254	+	1287	920	568	981	992	1121	1034	1010	0	333	399
gene-Y75_RS19600	NC_007779.1	3958475	3959971	+	1497	805	880	891	783	1012	992	955	0	1001	1056
gene-Y75_RS19605	NC_007779.1	3960067	3960996	-	930	749	589	913	829	1130	1012	762	0	288	320
gene-Y75_RS19615	NC_007779.1	3961228	3961995	+	768	27	8	24	15	12	12	24	0	20	16
gene-Y75_RS19620	NC_007779.1	3962065	3964125	+	2061	220	304	198	192	270	202	231	0	189	198
gene-Y75_RS19625	NC_007779.1	3964307	3965629	-	1323	9235	8217	8445	7858	9934	9519	8403	0	6933	7351
gene-Y75_RS19630	NC_007779.1	3966040	3967053	-	1014	278	227	202	167	214	214	245	0	167	196
gene-Y75_RS19635	NC_007779.1	3967102	3968001	-	900	208	153	238	221	296	257	244	0	175	168
gene-Y75_RS19640	NC_007779.1	3968521	3969123	+	603	122	123	114	74	109	105	126	0	85	82
gene-Y75_RS19645	NC_007779.1	3969174	3970823	-	1650	319	332	257	222	302	264	282	0	103	127
gene-Y75_RS19650	NC_007779.1	3971227	3972624	+	1398	59	106	85	64	80	76	94	0	48	56
gene-Y75_RS19655	NC_007779.1	3972835	3974235	+	1401	121	923	40	46	42	59	52	18	48	39
gene-Y75_RS19660	NC_007779.1	3974605	3975429	+	825	1550	2046	631	568	778	616	1482	0	335	279
gene-Y75_RS19665	NC_007779.1	3975797	3976525	+	729	1165	1808	421	433	466	356	1046	0	43	47
gene-Y75_RS19670	NC_007779.1	3976888	3980001	-	3114	336	725	216	177	240	237	262	0	133	144
gene-Y75_RS19675	NC_007779.1	3980026	3981135	-	1110	126	203	33	41	44	38	39	0	29	42
gene-Y75_RS19680	NC_007779.1	3981243	3981521	+	279	33	63	0	4	4	2	6	0	4	9
gene-Y75_RS19685	NC_007779.1	3981522	3982049	-	528	179	315	2	8	5	11	17	0	24	36
gene-Y75_RS19690	NC_007779.1	3982848	3983420	-	573	404	1445	58	55	60	55	99	0	72	60
gene-Y75_RS19695	NC_007779.1	3983675	3984007	+	333	2393	8299	214	214	277	214	411	0	163	166
gene-Y75_RS19700	NC_007779.1	3984123	3984449	+	327	1185	4806	70	43	104	69	189	0	100	78
gene-Y75_RS19705	NC_007779.1	3984513	3985160	+	648	73	285	17	16	21	14	27	0	4	10
gene-Y75_RS19710	NC_007779.1	3985202	3985732	-	531	38	140	22	16	24	12	30	0	12	9
gene-Y75_RS19715	NC_007779.1	3985888	3986454	-	567	618	1429	91	56	82	76	151	0	124	83
gene-Y75_RS19725	NC_007779.1	3987253	3988233	+	981	53	58	48	40	56	50	39	0	0	0
gene-Y75_RS19735	NC_007779.1	3989753	3990178	-	426	67	60	90	97	81	93	104	0	66	64
gene-Y75_RS19740	NC_007779.1	3990191	3991480	-	1290	74	102	134	133	144	134	121	0	57	78
gene-Y75_RS19745	NC_007779.1	3991534	3991887	-	354	48	34	100	61	74	48	77	0	62	55
gene-Y75_RS19755	NC_007779.1	3992627	3992710	+	84	751	618	991	879	1123	783	991	0	645	507
gene-Y75_RS19760	NC_007779.1	3992764	3994116	-	1353	2068	1778	1868	1753	2220	2023	1808	0	1329	1321
gene-Y75_RS19765	NC_007779.1	3994188	3995030	-	843	726	636	833	823	1149	997	879	0	558	558
gene-Y75_RS19770	NC_007779.1	3995233	3997275	+	2043	2471	2012	2623	2239	3128	2734	2474	0	2931	3018
gene-Y75_RS19775	NC_007779.1	3997283	3998035	+	753	296	254	481	457	653	585	502	0	342	366
gene-Y75_RS19780	NC_007779.1	3998084	3999553	-	1470	96	110	132	117	137	106	129	0	100	102
gene-Y75_RS25435	NC_007779.1	3999719	3999772	+	54	3	4	3	2	2	6	6	0	5	0
gene-Y75_RS25320	NC_007779.1	3999750	3999803	+	54	0	2	0	0	0	0	0	0	0	0
gene-Y75_RS19785	NC_007779.1	3999870	4000304	-	435	12117	13484	7720	7079	9000	8001	11122	0	2793	3064
gene-Y75_RS19790	NC_007779.1	4000695	4001030	+	336	192	180	183	223	213	170	176	0	120	162
gene-Y75_RS19795	NC_007779.1	4001274	4002773	-	1500	2566	1774	3742	3330	3501	3208	3117	0	2666	2646
gene-Y75_RS19800	NC_007779.1	4003005	4004207	+	1203	672	400	741	623	887	751	750	0	550	602
gene-Y75_RS19805	NC_007779.1	4004522	4005574	-	1053	62	99	93	59	67	74	95	0	63	34
gene-Y75_RS19825	NC_007779.1	4007825	4009447	+	1623	75	68	78	45	72	71	66	0	45	41
gene-Y75_RS25325	NC_007779.1	4009637	4009750	+	114	815	776	453	417	430	465	624	0	235	249
gene-Y75_RS19830	NC_007779.1	4009813	4010880	+	1068	1429	1436	578	546	815	701	1090	0	255	298
gene-Y75_RS19835	NC_007779.1	4010877	4013612	+	2736	2718	3195	1275	1248	1698	1405	2308	0	533	558
gene-Y75_RS19840	NC_007779.1	4013612	4014736	+	1125	935	1231	403	438	501	525	798	0	190	212
gene-Y75_RS19845	NC_007779.1	4014901	4016037	-	1137	64	95	47	23	78	52	68	6	52	38
gene-Y75_RS19855	NC_007779.1	4016633	4017016	-	384	18	19	8	11	13	9	12	0	10	11
gene-Y75_RS19860	NC_007779.1	4016988	4021223	-	4236	85	74	67	75	76	78	76	2	88	80
gene-Y75_RS19865	NC_007779.1	4021426	4021827	-	402	280	243	200	194	250	234	195	0	318	320
gene-Y75_RS19870	NC_007779.1	4021833	4022639	-	807	39	34	45	22	43	28	28	0	18	8
gene-Y75_RS19875	NC_007779.1	4022636	4023400	-	765	32	33	24	23	23	23	21	0	11	9
gene-Y75_RS19880	NC_007779.1	4023400	4024233	-	834	4	17	11	24	15	7	6	0	7	5
gene-Y75_RS19885	NC_007779.1	4024230	4025174	-	945	12	32	14	12	22	16	14	0	4	15
gene-Y75_RS19890	NC_007779.1	4025174	4026748	-	1575	18	64	40	35	57	18	24	0	13	9
gene-Y75_RS19895	NC_007779.1	4026859	4027446	-	588	295	427	399	400	442	370	368	0	287	339
gene-Y75_RS19900	NC_007779.1	4027501	4028550	-	1050	102	78	87	94	123	82	90	0	85	63
gene-Y75_RS19905	NC_007779.1	4028682	4029899	+	1218	322	353	382	328	443	389	295	0	251	241
gene-Y75_RS19910	NC_007779.1	4029903	4030460	-	558	1636	1313	1462	1480	1773	1633	1792	0	1185	1304
gene-Y75_RS19915	NC_007779.1	4030533	4031198	-	666	324	223	266	285	301	239	290	0	161	187
gene-Y75_RS19920	NC_007779.1	4031419	4031664	+	246	434	223	276	291	422	358	346	0	242	228
gene-Y75_RS19925	NC_007779.1	4031766	4033964	-	2199	338	380	441	422	595	575	616	0	294	313
gene-Y75_RS19930	NC_007779.1	4034038	4034664	-	627	602	603	654	494	641	607	614	0	443	405
gene-Y75_RS19935	NC_007779.1	4034805	4035164	+	360	426	353	368	316	489	352	454	0	397	379
gene-Y75_RS19940	NC_007779.1	4035167	4035436	-	270	91	63	81	88	110	100	118	0	70	71
gene-Y75_RS19945	NC_007779.1	4035426	4036022	-	597	384	387	433	399	515	463	510	0	374	355
gene-Y75_RS19950	NC_007779.1	4036172	4037665	+	1494	2049	1832	2115	2002	2647	2335	2424	0	839	831
gene-Y75_RS19955	NC_007779.1	4037668	4038336	+	669	748	725	863	881	956	886	848	0	494	528
gene-Y75_RS19960	NC_007779.1	4038329	4039387	+	1059	1235	1099	1139	1175	1295	1122	1300	0	678	670
gene-Y75_RS19965	NC_007779.1	4039632	4040486	+	855	2730	2356	3380	3324	3577	3357	3305	0	2486	2607
gene-Y75_RS19970	NC_007779.1	4040757	4041860	+	1104	26067	26649	12140	12026	16192	14657	17526	0	7798	8114
gene-Y75_RS19980	NC_007779.1	4042048	4042431	-	384	196	200	178	201	232	199	222	0	135	115
gene-Y75_RS19985	NC_007779.1	4042855	4043964	+	1110	8068	5026	5906	5352	7613	6683	8138	0	3138	3531
gene-Y75_RS19990	NC_007779.1	4044012	4044938	+	927	1417	1064	1316	1199	1599	1452	1447	0	529	455
gene-Y75_RS19995	NC_007779.1	4044935	4046212	+	1278	2715	1814	2682	2646	3267	3026	2900	0	1204	1239
gene-Y75_RS20000	NC_007779.1	4046209	4046976	+	768	2016	1517	1836	1691	2522	2085	2067	0	961	1062
gene-Y75_RS20005	NC_007779.1	4046978	4047691	+	714	2605	1698	2137	2020	3003	2574	2593	0	1339	1420
gene-Y75_RS20015	NC_007779.1	4048090	4049406	+	1317	334	270	337	354	463	392	345	0	217	163
gene-Y75_RS20020	NC_007779.1	4049504	4050391	+	888	34	29	74	65	57	62	33	0	41	31
gene-Y75_RS20025	NC_007779.1	4050388	4051233	+	846	53	54	54	42	67	65	47	0	45	34
gene-Y75_RS20030	NC_007779.1	4051235	4052305	+	1071	188	144	182	184	270	220	153	0	152	158
gene-Y75_RS20035	NC_007779.1	4052302	4053045	+	744	307	233	308	247	420	372	337	0	271	263
gene-Y75_RS20040	NC_007779.1	4053032	4053472	-	441	124	120	63	60	98	76	87	0	59	71
gene-Y75_RS20045	NC_007779.1	4053592	4055334	+	1743	211	225	139	98	175	126	110	0	94	125
gene-Y75_RS20050	NC_007779.1	4055372	4055656	-	285	26	27	30	34	24	31	26	0	6	11
gene-Y75_RS25055	NC_007779.1	4055856	4056011	-	156	0	4	2	4	4	9	0	0	0	3
gene-Y75_RS20055	NC_007779.1	4056235	4056932	-	698	1	3	2	7	2	1	1	0	376	246
gene-Y75_RS20060	NC_007779.1	4056961	4057377	-	417	6	6	5	6	9	16	8	0	11	4
gene-Y75_RS20065	NC_007779.1	4057374	4058552	-	1179	6	12	5	6	13	14	8	0	6	6
gene-Y75_RS20070	NC_007779.1	4058789	4059277	-	489	153	215	106	101	137	122	125	0	49	43
gene-Y75_RS20075	NC_007779.1	4059610	4060647	+	1038	1232	1115	966	880	1140	1075	1305	0	792	778
gene-Y75_RS20080	NC_007779.1	4060770	4061465	+	696	263	297	235	232	333	254	281	0	200	218
gene-Y75_RS20085	NC_007779.1	4061689	4062684	+	996	976	1030	991	936	1194	1057	1092	0	506	608
gene-Y75_RS20090	NC_007779.1	4062823	4063350	+	528	87	50	93	74	123	96	103	0	78	92
gene-Y75_RS20095	NC_007779.1	4063354	4064694	+	1341	125	84	145	120	228	163	163	0	139	114
gene-Y75_RS20100	NC_007779.1	4064751	4065344	-	594	149	186	149	109	146	117	170	0	141	163
gene-Y75_RS20105	NC_007779.1	4065537	4066640	+	1104	14124	11892	15709	15386	17380	15973	14415	0	14190	14894
gene-Y75_RS20110	NC_007779.1	4066913	4069099	+	2187	7227	7071	4169	4157	4769	4589	6082	0	2987	3295
gene-Y75_RS20115	NC_007779.1	4069096	4071069	+	1974	3962	4138	2150	1987	2457	2407	3417	0	1649	1808
gene-Y75_RS20120	NC_007779.1	4071087	4072382	+	1296	4576	4902	2118	1966	2500	2233	3684	0	1560	1630
gene-Y75_RS20125	NC_007779.1	4072382	4073815	+	1434	3438	4115	1898	1721	2143	1851	2748	0	1491	1559
gene-Y75_RS20130	NC_007779.1	4073834	4076281	+	2448	5626	6614	3166	2740	3386	3125	4337	0	2698	2703
gene-Y75_RS20140	NC_007779.1	4076897	4078402	-	1506	206	195	236	171	277	212	242	0	99	69
gene-Y75_RS20145	NC_007779.1	4078592	4078918	+	327	692	603	661	542	917	723	748	0	412	403
gene-Y75_RS20150	NC_007779.1	4078963	4079793	+	831	657	676	918	786	1089	944	842	0	652	615
gene-Y75_RS20155	NC_007779.1	4079810	4080568	+	759	560	477	540	553	733	553	543	0	449	439
gene-Y75_RS20160	NC_007779.1	4080550	4082148	-	1599	128	113	106	121	107	143	150	0	72	53
gene-Y75_RS20165	NC_007779.1	4082337	4083563	+	1227	157	134	128	135	213	123	145	0	117	101
gene-Y75_RS20170	NC_007779.1	4083567	4084583	+	1017	130	173	140	171	177	155	176	0	75	70
gene-Y75_RS20175	NC_007779.1	4084626	4087331	-	2706	5570	3479	5986	5167	7282	6485	6955	0	3607	3676
gene-Y75_RS20180	NC_007779.1	4087943	4090336	+	2394	2479	493	3507	3070	4487	3977	3614	0	2051	1926
gene-Y75_RS20185	NC_007779.1	4090346	4092430	+	2085	1204	392	1678	1566	2151	1929	1715	0	842	859
gene-Y75_RS20190	NC_007779.1	4092541	4093857	-	1317	477	200	510	507	624	536	464	0	953	965
gene-Y75_RS20195	NC_007779.1	4094217	4094792	-	576	4522	2849	4834	4637	5958	5038	5357	0	3028	2902
gene-Y75_RS20200	NC_007779.1	4094851	4095534	-	684	545	437	601	541	771	608	584	0	380	404
gene-Y75_RS20205	NC_007779.1	4095572	4096342	+	771	329	264	302	261	326	326	320	0	198	171
gene-Y75_RS20210	NC_007779.1	4096371	4097249	-	879	135	146	142	93	143	137	140	0	65	54
gene-Y75_RS20215	NC_007779.1	4097452	4097688	-	237	143	156	124	150	174	139	131	0	38	54
gene-Y75_RS20220	NC_007779.1	4097688	4100009	-	2322	1887	2457	1557	1607	2128	2161	2052	0	586	605
gene-Y75_RS20225	NC_007779.1	4100026	4100253	-	228	338	438	315	347	435	395	464	0	162	132
gene-Y75_RS20230	NC_007779.1	4100710	4103031	-	2322	3467	2649	3885	3698	4841	4344	4665	0	3417	3777
gene-Y75_RS20235	NC_007779.1	4103128	4103604	-	477	403	392	328	313	409	333	437	0	262	245
gene-Y75_RS20240	NC_007779.1	4103832	4104551	+	720	1311	1216	1388	1157	1548	1285	1305	0	1224	1171
gene-Y75_RS20245	NC_007779.1	4104548	4105900	+	1353	557	485	549	546	689	604	548	0	545	636
gene-Y75_RS20250	NC_007779.1	4105976	4107598	-	1623	2665	2178	1881	1651	2018	1724	2843	0	1637	1793
gene-Y75_RS20260	NC_007779.1	4107977	4109701	+	1725	295	264	322	233	296	287	340	0	239	237
gene-Y75_RS20265	NC_007779.1	4109764	4110642	-	879	1033	738	1344	1216	1483	1300	1236	0	1825	1871
gene-Y75_RS20270	NC_007779.1	4110667	4111068	-	402	334	268	333	361	440	426	506	0	596	568
gene-Y75_RS20275	NC_007779.1	4111079	4111747	-	669	594	446	576	485	731	647	655	0	724	739
gene-Y75_RS20280	NC_007779.1	4111812	4113947	-	2136	1369	1311	1486	1263	1649	1383	1325	0	1315	1340
gene-Y75_RS20285	NC_007779.1	4114267	4114827	+	561	1501	1617	1424	1329	1652	1655	1509	0	1173	1020
gene-Y75_RS20290	NC_007779.1	4114993	4117545	-	2553	1207	1140	1548	1460	1780	1558	1451	0	1437	1496
gene-Y75_RS20295	NC_007779.1	4117665	4118444	+	780	69	61	76	44	59	46	84	0	55	44
gene-Y75_RS20300	NC_007779.1	4118444	4118983	+	540	10	11	6	4	13	15	14	0	1	15
gene-Y75_RS20305	NC_007779.1	4118967	4119407	+	441	15	7	5	4	2	5	0	0	4	13
gene-Y75_RS20310	NC_007779.1	4119397	4119801	+	405	1	5	5	5	5	1	3	0	1	3
gene-Y75_RS20315	NC_007779.1	4119713	4120951	+	1239	68	70	58	46	55	62	67	0	36	65
gene-Y75_RS20320	NC_007779.1	4121352	4121873	+	522	4345	3510	4977	4741	6319	5554	5384	0	3653	3470
gene-Y75_RS20325	NC_007779.1	4121930	4123018	+	1089	4359	4035	4966	4502	6018	5394	5262	0	3468	3670
gene-Y75_RS20330	NC_007779.1	4123110	4124396	+	1287	5312	4855	5014	4633	6799	5822	5918	0	4868	5061
gene-Y75_RS20335	NC_007779.1	4124503	4125339	+	837	1161	1052	1185	1217	1417	1220	1192	0	1005	1041
gene-Y75_RS20340	NC_007779.1	4125357	4126034	+	678	1435	1329	1222	1229	1421	1149	1325	0	968	893
gene-Y75_RS20345	NC_007779.1	4126027	4126785	+	759	1479	1241	1199	1273	1629	1467	1528	0	1030	1007
gene-Y75_RS20350	NC_007779.1	4126778	4127782	+	1005	3253	3008	3324	3218	3897	3640	3406	0	3283	3320
gene-Y75_RS20355	NC_007779.1	4128072	4128977	+	906	111	113	157	153	187	185	101	0	83	62
gene-Y75_RS20360	NC_007779.1	4128994	4129356	+	363	31	36	46	26	54	39	42	0	21	26
gene-Y75_RS20365	NC_007779.1	4129440	4130603	+	1164	19	19	7	19	19	9	14	0	4	10
gene-Y75_RS20370	NC_007779.1	4130603	4131829	+	1227	18	12	15	12	24	12	9	0	9	10
gene-Y75_RS20375	NC_007779.1	4131826	4132704	+	879	40	32	37	22	39	34	37	0	20	30
gene-Y75_RS20380	NC_007779.1	4132715	4133068	+	354	50	49	40	30	42	30	44	0	28	19
gene-Y75_RS20385	NC_007779.1	4133080	4134384	+	1305	47	61	53	45	35	42	54	0	38	35
gene-Y75_RS20390	NC_007779.1	4134396	4135481	+	1086	61	57	56	47	53	75	62	0	15	18
gene-Y75_RS20395	NC_007779.1	4135633	4136364	-	732	426	458	448	459	491	475	526	0	346	359
gene-Y75_RS20400	NC_007779.1	4136464	4137249	-	786	40	62	62	55	59	52	54	0	17	42
gene-Y75_RS20405	NC_007779.1	4137246	4138076	-	831	39	26	48	20	43	32	23	0	35	30
gene-Y75_RS20410	NC_007779.1	4138126	4139148	-	1023	50	27	28	24	67	44	45	0	44	33
gene-Y75_RS20415	NC_007779.1	4139169	4140506	-	1338	26	10	19	28	49	14	44	0	26	18
gene-Y75_RS20420	NC_007779.1	4140801	4140968	-	168	36	50	46	20	32	28	63	0	36	22
gene-Y75_RS20425	NC_007779.1	4141215	4142588	-	1374	755	775	792	736	881	785	725	0	597	533
gene-Y75_RS20430	NC_007779.1	4142607	4143413	-	807	63	72	136	82	119	133	122	0	35	54
gene-Y75_RS20435	NC_007779.1	4143539	4143865	-	327	11	13	10	6	11	4	6	0	5	5
gene-Y75_RS20440	NC_007779.1	4143862	4146405	-	2544	141	233	125	124	135	131	112	0	87	81
gene-Y75_RS20445	NC_007779.1	4146667	4147848	-	1182	426	856	571	564	599	475	459	0	308	325
gene-Y75_RS20450	NC_007779.1	4148119	4148691	+	573	1526	1090	1846	1905	2320	2009	1820	0	2894	2841
gene-Y75_RS20455	NC_007779.1	4148796	4148963	+	168	44	70	90	56	62	66	55	0	68	47
gene-Y75_RS20460	NC_007779.1	4148953	4149555	+	603	59	66	53	41	61	48	56	0	47	68
gene-Y75_RS20465	NC_007779.1	4149587	4150150	+	564	151	105	188	107	203	167	173	0	131	181
gene-Y75_RS20470	NC_007779.1	4150236	4151456	+	1221	5038	1605	8087	7551	9321	8514	7883	4598	5304	5325
gene-Y75_RS20475	NC_007779.1	4151523	4153613	-	2091	988	939	1159	996	1367	1229	1189	3689	953	1008
gene-Y75_RS20480	NC_007779.1	4153664	4154296	-	633	8360	7414	7184	6327	7728	6790	7201	18532	4797	4874
gene-Y75_RS20490	NC_007779.1	4154598	4155002	+	405	891	874	606	568	747	669	799	1823	457	516
gene-Y75_RS20495	NC_007779.1	4155057	4155926	-	870	604	697	442	452	624	475	591	1604	397	367
gene-Y75_RS20500	NC_007779.1	4155980	4156198	-	219	160	167	128	110	147	141	135	477	104	111
gene-Y75_RS20505	NC_007779.1	4156192	4157214	-	1023	432	373	467	440	596	522	435	1194	460	436
gene-Y75_RS20510	NC_007779.1	4157214	4159127	-	1914	1586	1506	1728	1600	2340	2059	1884	4189	1575	1668
gene-Y75_RS20515	NC_007779.1	4159258	4159809	+	552	247	291	216	219	287	290	260	614	171	192
gene-Y75_RS20520	NC_007779.1	4159809	4161614	+	1806	404	429	306	324	373	343	309	954	344	311
gene-Y75_RS20525	NC_007779.1	4161624	4161824	+	201	228	207	106	100	207	136	150	528	167	119
gene-Y75_RS20530	NC_007779.1	4161919	4162509	+	591	6894	6516	8647	7728	9446	8085	8147	17588	6262	5972
gene-Y75_RS20535	NC_007779.1	4162558	4162776	-	219	485	243	373	464	513	434	543	1116	326	372
gene-Y75_RS20540	NC_007779.1	4162997	4163809	+	813	4354	4235	4659	4084	5028	4512	4916	12504	9401	9166
gene-Y75_RS20545	NC_007779.1	4163976	4164698	+	723	1593	1569	1930	1717	2222	1951	2048	3654	1308	1145
gene-Y75_RS20550	NC_007779.1	4164698	4165084	+	387	417	332	405	438	523	476	494	1134	203	211
gene-Y75_RS20555	NC_007779.1	4165084	4165443	+	360	191	195	275	246	264	245	268	600	154	177
gene-Y75_RS20560	NC_007779.1	4165451	4165738	+	288	378	310	481	526	662	537	578	914	435	463
gene-Y75_RS20565	NC_007779.1	4165864	4166238	+	375	35283	27651	38632	35847	44231	39617	40306	101793	34337	32595
gene-Y75_RS20575	NC_007779.1	4166902	4169016	+	2115	152204	109273	163657	154062	201620	178694	174250	471380	119760	119374
gene-Y75_RS20580	NC_007779.1	4169087	4170271	+	1185	59230	45909	63326	63533	83369	68367	65055	144358	46464	46313
gene-Y75_RS20585	NC_007779.1	4170563	4173256	+	2694	450	583	575	482	636	575	694	968	231	199
gene-Y75_RS20590	NC_007779.1	4173425	4173619	+	195	433	559	257	243	382	333	356	866	280	256
gene-Y75_RS20595	NC_007779.1	4173691	4174167	+	477	343	453	211	196	268	245	183	2212	443	327
gene-Y75_RS20600	NC_007779.1	4174196	4174873	-	678	48	59	37	37	65	50	52	151	55	40
gene-Y75_RS20605	NC_007779.1	4174873	4175334	-	462	32	24	20	15	35	25	32	75	17	9
gene-Y75_RS20610	NC_007779.1	4175331	4176494	-	1164	85	124	103	83	88	105	117	217	63	53
gene-Y75_RS20615	NC_007779.1	4176509	4177492	-	984	56	70	74	68	66	54	71	150	34	57
gene-Y75_RS20620	NC_007779.1	4177485	4178072	-	588	23	20	18	22	30	19	12	66	30	14
gene-Y75_RS20625	NC_007779.1	4178065	4178442	-	378	7	13	12	10	6	15	12	44	24	20
gene-Y75_RS20630	NC_007779.1	4178439	4178948	-	510	16	7	10	12	11	7	17	21	23	24
gene-Y75_RS20635	NC_007779.1	4178956	4179393	-	438	10	20	16	19	15	20	15	45	27	27
gene-Y75_RS20640	NC_007779.1	4179403	4180599	-	1197	70	73	77	79	113	72	94	204	196	161
gene-Y75_RS20645	NC_007779.1	4180596	4182077	-	1482	91	74	83	98	106	77	65	227	190	188
gene-Y75_RS20650	NC_007779.1	4182087	4184039	-	1953	208	163	181	163	224	176	175	478	340	339
gene-Y75_RS20655	NC_007779.1	4184023	4184838	-	816	75	43	102	79	88	89	71	184	212	231
gene-Y75_RS20660	NC_007779.1	4185018	4186487	+	1470	58	55	54	65	67	74	67	117	44	34
gene-Y75_RS20665	NC_007779.1	4186489	4186908	+	420	99	115	86	69	116	113	110	191	57	64
gene-Y75_RS20670	NC_007779.1	4187146	4187457	+	312	24762	20603	31311	28436	37274	32405	31994	76759	25584	26462
gene-Y75_RS20675	NC_007779.1	4187490	4188119	+	630	34159	26441	44532	40972	50731	45452	42588	120335	34685	35523
gene-Y75_RS20680	NC_007779.1	4188130	4188735	+	606	22492	17063	27388	25497	32869	29969	27417	81861	22556	23679
gene-Y75_RS20685	NC_007779.1	4188732	4189034	+	303	12851	9140	13925	12873	19341	16393	17202	56107	12446	13369
gene-Y75_RS20690	NC_007779.1	4189052	4189873	+	822	35847	25122	43912	41170	53568	46968	44212	133883	37561	38424
gene-Y75_RS20695	NC_007779.1	4189890	4190168	+	279	12901	8860	14172	13128	17871	16325	17016	55695	12773	12031
gene-Y75_RS20700	NC_007779.1	4190183	4190515	+	333	14241	9155	16055	14908	20362	17775	17302	63694	14728	14660
gene-Y75_RS20705	NC_007779.1	4190533	4191234	+	702	30220	21178	36724	34598	43697	38496	36657	109301	31973	32181
gene-Y75_RS20710	NC_007779.1	4191247	4191657	+	411	13018	9174	16002	15509	19459	17442	15761	50071	13594	14113
gene-Y75_RS20715	NC_007779.1	4191657	4191848	+	192	4602	2949	4240	3878	6031	5483	5924	29029	3889	4693
gene-Y75_RS20720	NC_007779.1	4191848	4192102	+	255	9149	6075	11995	11654	14138	12913	11652	43363	9882	10131
gene-Y75_RS20725	NC_007779.1	4192267	4192638	+	372	33394	24972	38473	35681	44408	38571	38638	107688	31753	31007
gene-Y75_RS20730	NC_007779.1	4192649	4192963	+	315	19816	14842	22563	20856	26603	24481	25057	79765	19064	18929
gene-Y75_RS20735	NC_007779.1	4192978	4193517	+	540	30664	22232	35644	33549	42433	38259	36557	115161	29241	28524
gene-Y75_RS20740	NC_007779.1	4193532	4193837	+	306	23304	17073	25915	23622	33697	29092	29967	90864	21873	21852
gene-Y75_RS20745	NC_007779.1	4193871	4194263	+	393	19283	14422	21361	20660	26303	24143	23235	68551	18584	18810
gene-Y75_RS20750	NC_007779.1	4194276	4194809	+	534	21502	15532	26883	25379	30806	27809	25396	78003	22793	22763
gene-Y75_RS20755	NC_007779.1	4194819	4195172	+	354	11793	8213	13983	13411	16892	15130	13444	50244	11851	12118
gene-Y75_RS20760	NC_007779.1	4195187	4195690	+	504	19597	13335	23468	22344	27476	24575	22990	76311	18199	18536
gene-Y75_RS20765	NC_007779.1	4195694	4195873	+	180	2086	1245	2291	2264	2846	2581	2478	19693	1883	1885
gene-Y75_RS20770	NC_007779.1	4195877	4196311	+	435	18277	12947	22094	20908	24816	22736	21192	68468	17911	18976
gene-Y75_RS20775	NC_007779.1	4196319	4197650	+	1332	51195	36248	70468	65648	77164	68197	66225	180822	53833	51236
gene-Y75_RS20780	NC_007779.1	4197682	4197798	+	117	8332	6403	10893	9874	12511	10602	12286	26011	9308	8476
gene-Y75_RS20785	NC_007779.1	4197945	4198301	+	357	29505	23163	36978	33997	42843	37452	38315	98261	31475	30761
gene-Y75_RS20790	NC_007779.1	4198318	4198707	+	390	18650	14264	23975	21620	26261	23624	23488	80315	19500	18062
gene-Y75_RS20795	NC_007779.1	4198741	4199361	+	621	38350	29140	45939	42851	56382	48346	49322	142314	38776	40331
gene-Y75_RS20800	NC_007779.1	4199387	4200376	+	990	60180	44429	75746	68911	87895	78273	73173	202830	63623	64709
gene-Y75_RS20805	NC_007779.1	4200417	4200800	+	384	16052	10597	20520	19571	23181	20962	18629	55661	18823	19231
gene-Y75_RS20810	NC_007779.1	4200907	4201275	+	369	276	302	479	471	666	515	560	619	163	137
gene-Y75_RS20815	NC_007779.1	4201286	4201711	+	426	216	211	308	253	262	266	275	543	127	123
gene-Y75_RS20820	NC_007779.1	4201767	4201985	+	219	221	147	152	156	197	151	196	354	117	96
gene-Y75_RS20825	NC_007779.1	4201982	4202392	-	411	946	752	662	610	731	670	779	2470	488	500
gene-Y75_RS20830	NC_007779.1	4202522	4203898	-	1377	871	773	1465	1256	1645	1478	1537	2312	621	634
gene-Y75_RS20835	NC_007779.1	4203920	4205209	-	1290	973	910	1823	1516	2098	1805	2017	2600	618	572
gene-Y75_RS20840	NC_007779.1	4205255	4206202	-	948	1570	1581	2726	2403	3164	2807	2844	4650	1574	1453
gene-Y75_RS20845	NC_007779.1	4206217	4206726	-	510	1905	1527	2148	2067	2514	2319	2352	5299	1821	1698
gene-Y75_RS20850	NC_007779.1	4206856	4207980	+	1125	277	336	257	258	336	336	310	1430	147	137
gene-Y75_RS20855	NC_007779.1	4207952	4208425	+	474	1024	1456	828	796	911	781	923	3382	274	243
gene-Y75_RS20860	NC_007779.1	4208454	4208996	+	543	776	1038	826	750	941	911	889	2352	358	354
gene-Y75_RS20865	NC_007779.1	4209001	4209573	+	573	364	404	423	366	480	445	390	1097	187	198
gene-Y75_RS20870	NC_007779.1	4209578	4210396	+	819	305	364	374	384	441	395	363	947	196	157
gene-Y75_RS20875	NC_007779.1	4210393	4210650	+	258	93	92	125	108	126	98	125	400	69	55
gene-Y75_RS20880	NC_007779.1	4210626	4211180	-	555	773	784	1063	991	1307	1175	927	2477	972	976
gene-Y75_RS20885	NC_007779.1	4211654	4213195	+	1542	26	14	63	26	26	20	27	22	23	65
gene-Y75_RS20890	NC_007779.1	4213264	4213340	+	77	0	0	0	0	0	0	0	4	0	0
gene-Y75_RS20895	NC_007779.1	4213383	4213458	+	76	5	3	3	3	2	5	2	3	8	5
gene-Y75_RS20900	NC_007779.1	4213633	4216536	+	2904	12	11	34	22	31	30	41	26	14	18
gene-Y75_RS20905	NC_007779.1	4216632	4216747	+	116	0	0	0	0	2	0	0	0	0	0
gene-Y75_RS20910	NC_007779.1	4216824	4217207	+	384	23	31	103	87	117	100	143	0	0	0
gene-Y75_RS20915	NC_007779.1	4217270	4217713	-	444	46	36	51	46	44	45	48	0	36	56
gene-Y75_RS20920	NC_007779.1	4217870	4218799	+	930	3165	1437	3732	3276	4525	3918	3235	0	6016	5893
gene-Y75_RS20925	NC_007779.1	4219068	4220669	+	1602	31279	29857	10209	9999	14528	12957	19337	0	439	466
gene-Y75_RS20930	NC_007779.1	4220699	4222003	+	1305	26100	22756	10518	9744	13853	12445	17425	0	309	319
gene-Y75_RS20935	NC_007779.1	4222186	4223922	+	1737	5158	4882	2313	2238	2995	2728	3865	0	108	106
gene-Y75_RS20940	NC_007779.1	4223891	4226077	-	2187	130	133	53	57	69	86	88	0	18	7
gene-Y75_RS20945	NC_007779.1	4226394	4227218	-	825	1221	1231	1300	1172	1638	1274	1290	0	576	551
gene-Y75_RS20950	NC_007779.1	4227418	4231101	+	3684	7651	7172	7484	6725	9533	8496	7661	0	7659	8146
gene-Y75_RS20955	NC_007779.1	4231321	4232952	+	1632	333	386	1203	1024	1307	1180	1051	0	496	559
gene-Y75_RS20960	NC_007779.1	4233043	4233732	-	690	97	110	150	117	139	126	130	0	217	237
gene-Y75_RS20965	NC_007779.1	4233944	4234816	+	873	746	957	505	553	760	617	594	0	901	1021
gene-Y75_RS20970	NC_007779.1	4234949	4235221	-	273	682	571	954	848	980	826	737	0	1476	1349
gene-Y75_RS20975	NC_007779.1	4235474	4236823	-	1350	9078	3637	18125	16765	18766	17101	12732	0	21234	21665
gene-Y75_RS20980	NC_007779.1	4237348	4238997	+	1650	7353	5521	9007	8204	10967	9385	9321	0	5573	5373
gene-Y75_RS20985	NC_007779.1	4239496	4239738	+	243	106	147	86	60	97	42	104	0	186	149
gene-Y75_RS20990	NC_007779.1	4239852	4240490	+	639	10	10	20	10	8	15	21	0	14	26
gene-Y75_RS20995	NC_007779.1	4240487	4241224	+	738	4	15	8	6	12	9	13	0	9	23
gene-Y75_RS21000	NC_007779.1	4241224	4243320	+	2097	56	73	94	67	90	55	74	0	59	92
gene-Y75_RS21005	NC_007779.1	4243367	4243645	-	279	17	57	6	15	10	5	11	0	11	8
gene-Y75_RS25060	NC_007779.1	4243646	4243789	+	144	7	7	6	0	17	10	0	0	8	4
gene-Y75_RS21015	NC_007779.1	4243915	4244325	+	411	214	357	65	57	81	70	74	0	60	74
gene-Y75_RS21020	NC_007779.1	4244369	4245844	-	1476	133	191	80	60	117	104	115	0	67	57
gene-Y75_RS21025	NC_007779.1	4246216	4247106	-	891	289	70	428	364	476	432	453	0	14	9
gene-Y75_RS21030	NC_007779.1	4247121	4248665	-	1545	478	97	790	762	1038	864	735	0	39	47
gene-Y75_RS21035	NC_007779.1	4248819	4250009	-	1191	3030	288	4480	4038	5673	4842	4163	0	7	4
gene-Y75_RS21045	NC_007779.1	4250374	4251489	+	1116	684	61	1033	825	1214	1014	827	0	0	0
gene-Y75_RS21050	NC_007779.1	4251561	4252901	+	1341	2115	177	2837	2472	3452	2977	2617	0	0	0
gene-Y75_RS21055	NC_007779.1	4253144	4254064	+	921	1197	238	1416	1398	1721	1560	1263	0	0	0
gene-Y75_RS21070	NC_007779.1	4256096	4256593	+	498	515	493	515	469	597	532	619	0	520	524
gene-Y75_RS21075	NC_007779.1	4256606	4257478	+	873	616	459	534	587	589	547	566	0	579	543
gene-Y75_RS21080	NC_007779.1	4257633	4260056	-	2424	3294	2763	3402	3257	4102	3692	3592	0	4417	4720
gene-Y75_RS21085	NC_007779.1	4260227	4260595	+	369	504	413	445	384	542	472	511	0	493	385
gene-Y75_RS21090	NC_007779.1	4260705	4261313	+	609	1344	983	1289	1101	1426	1275	1288	0	1215	1205
gene-Y75_RS21095	NC_007779.1	4261386	4262711	+	1326	203	153	236	195	226	207	189	0	231	238
gene-Y75_RS21100	NC_007779.1	4262827	4263036	+	210	101	86	104	72	110	95	83	0	83	69
gene-Y75_RS21105	NC_007779.1	4263078	4263593	-	516	308	189	270	223	237	306	294	0	154	148
gene-Y75_RS21120	NC_007779.1	4265259	4266296	+	1038	918	774	971	960	1204	1087	1136	0	623	550
gene-Y75_RS21125	NC_007779.1	4266430	4266672	+	243	54	48	86	105	120	137	109	0	48	38
gene-Y75_RS21130	NC_007779.1	4266838	4267821	-	984	741	788	547	474	543	539	623	0	292	315
gene-Y75_RS21135	NC_007779.1	4267904	4269319	+	1416	2493	2228	2518	2259	2961	2506	2432	0	2169	2117
gene-Y75_RS21140	NC_007779.1	4269372	4270451	+	1080	858	767	726	572	763	716	648	0	827	877
gene-Y75_RS21145	NC_007779.1	4270704	4271897	+	1194	3944	4405	3882	3440	4607	4140	4047	0	2189	2354
gene-Y75_RS25145	NC_007779.1	4272399	4272602	-	204	0	5	2	6	5	3	8	0	0	0
gene-Y75_RS21155	NC_007779.1	4273004	4273717	+	714	260	256	187	145	175	149	193	0	140	122
gene-Y75_RS21160	NC_007779.1	4273828	4274244	+	417	460	646	264	197	281	226	268	0	160	228
gene-Y75_RS21165	NC_007779.1	4274248	4274604	+	357	257	321	119	105	114	120	100	0	91	94
gene-Y75_RS21170	NC_007779.1	4274639	4277461	-	2823	1370	1325	1682	1576	2128	1840	1814	0	1250	1228
gene-Y75_RS21175	NC_007779.1	4277715	4278251	+	537	1583	1697	2229	2022	2737	2274	2207	0	1332	1247
gene-Y75_RS21180	NC_007779.1	4278350	4278631	-	282	278	939	340	326	431	364	398	0	99	117
gene-Y75_RS21185	NC_007779.1	4279061	4280647	+	1587	182	178	139	153	186	157	148	0	103	149
gene-Y75_RS21190	NC_007779.1	4280650	4280973	-	324	494	286	329	280	398	361	312	0	422	361
gene-Y75_RS21195	NC_007779.1	4281059	4281523	+	465	85	71	63	48	94	88	74	0	53	69
gene-Y75_RS21200	NC_007779.1	4282069	4283418	+	1350	2224	2088	4894	4561	5163	4952	2788	0	1892	1908
gene-Y75_RS21205	NC_007779.1	4283570	4285219	+	1650	725	966	699	725	835	782	697	0	787	849
gene-Y75_RS21210	NC_007779.1	4285373	4286665	-	1293	30	29	17	14	26	20	20	0	32	26
gene-Y75_RS21215	NC_007779.1	4286843	4288492	-	1650	471	183	526	452	622	464	445	0	226	213
gene-Y75_RS21220	NC_007779.1	4288489	4288803	-	315	114	81	106	137	155	158	149	0	71	73
gene-Y75_RS21225	NC_007779.1	4289003	4290961	-	1959	2220	948	1991	1638	2477	2251	2277	0	952	930
gene-Y75_RS21230	NC_007779.1	4291354	4292790	+	1437	94	116	83	71	108	97	123	0	85	89
gene-Y75_RS21235	NC_007779.1	4292835	4293401	+	567	34	23	18	7	8	14	9	0	10	13
gene-Y75_RS21240	NC_007779.1	4293398	4294069	+	672	16	4	8	7	4	10	5	0	5	4
gene-Y75_RS21245	NC_007779.1	4294066	4295022	+	957	14	13	7	10	11	15	12	0	17	18
gene-Y75_RS21250	NC_007779.1	4295042	4296760	+	1719	28	36	38	28	44	25	27	0	18	14
gene-Y75_RS21255	NC_007779.1	4296753	4297136	+	384	5	6	11	11	14	11	8	0	8	4
gene-Y75_RS21260	NC_007779.1	4297133	4297729	+	597	39	32	24	18	33	24	32	0	19	20
gene-Y75_RS21265	NC_007779.1	4298071	4299384	+	1314	353	446	287	271	348	298	423	0	800	789
gene-Y75_RS21270	NC_007779.1	4299915	4300604	-	690	778	859	755	759	1135	851	972	0	623	650
gene-Y75_RS21275	NC_007779.1	4300698	4302845	-	2148	285	364	418	356	502	416	426	0	358	376
gene-Y75_RS21285	NC_007779.1	4303043	4304509	-	1467	18	42	42	26	38	30	33	0	28	20
gene-Y75_RS21290	NC_007779.1	4304506	4306557	-	2052	47	64	52	40	59	54	44	0	33	34
gene-Y75_RS21295	NC_007779.1	4306557	4307588	-	1032	50	32	32	23	34	28	22	0	13	18
gene-Y75_RS21300	NC_007779.1	4307607	4307882	-	276	0	0	0	4	4	6	5	0	2	0
gene-Y75_RS21305	NC_007779.1	4308091	4310076	-	1986	36	30	54	38	35	42	42	0	26	32
gene-Y75_RS21310	NC_007779.1	4310431	4311411	+	981	0	0	0	0	0	0	0	0	0	0
gene-Y75_RS21320	NC_007779.1	4312461	4313156	-	696	45	62	40	35	51	35	41	0	32	43
gene-Y75_RS21325	NC_007779.1	4313167	4314147	-	981	27	33	39	33	36	28	36	0	17	36
gene-Y75_RS21330	NC_007779.1	4314126	4315658	-	1533	47	51	31	46	55	49	45	0	33	18
gene-Y75_RS21335	NC_007779.1	4315785	4316720	-	936	90	86	88	104	85	99	82	0	66	83
gene-Y75_RS21340	NC_007779.1	4316779	4317669	-	891	454	406	377	360	440	392	434	0	396	347
gene-Y75_RS21345	NC_007779.1	4318028	4318477	+	450	50	51	105	125	126	121	99	0	22	24
gene-Y75_RS21350	NC_007779.1	4318546	4318875	+	330	72	96	140	113	164	133	151	0	108	122
gene-Y75_RS21355	NC_007779.1	4319022	4319780	-	759	74	91	99	100	127	113	104	0	82	87
gene-Y75_RS21360	NC_007779.1	4319782	4320216	-	435	36	47	41	31	50	40	39	0	33	49
gene-Y75_RS21365	NC_007779.1	4320203	4320760	-	558	6	22	9	6	14	7	11	0	6	7
gene-Y75_RS21370	NC_007779.1	4320760	4321896	-	1137	20	21	27	20	30	22	23	0	21	11
gene-Y75_RS21375	NC_007779.1	4321893	4322573	-	681	129	50	65	84	87	74	84	0	51	60
gene-Y75_RS21380	NC_007779.1	4322684	4323442	-	759	18	12	13	23	26	25	18	0	12	5
gene-Y75_RS21385	NC_007779.1	4323439	4324284	-	846	6	10	2	15	15	17	11	0	14	9
gene-Y75_RS21390	NC_007779.1	4324277	4325341	-	1065	12	4	14	4	20	8	5	0	18	11
gene-Y75_RS21395	NC_007779.1	4325341	4325925	-	585	8	4	23	19	21	12	17	0	22	10
gene-Y75_RS21400	NC_007779.1	4325922	4326374	-	453	7	1	4	3	4	6	7	0	1	0
gene-Y75_RS21405	NC_007779.1	4326375	4327100	-	726	8	3	13	10	17	14	20	0	8	6
gene-Y75_RS21415	NC_007779.1	4328014	4329030	-	1017	25	14	15	8	28	26	16	0	29	12
gene-Y75_RS21420	NC_007779.1	4329055	4329843	-	789	11	11	12	16	14	13	18	0	10	13
gene-Y75_RS21425	NC_007779.1	4329976	4330419	-	444	48	47	23	38	56	49	45	0	35	38
gene-Y75_RS21430	NC_007779.1	4331077	4331412	-	336	461	489	511	504	716	600	537	0	469	516
gene-Y75_RS21435	NC_007779.1	4331813	4334041	+	2229	255	419	200	229	221	245	258	0	69	76
gene-Y75_RS21440	NC_007779.1	4334038	4334916	+	879	55	69	36	30	47	48	61	0	23	28
gene-Y75_RS21445	NC_007779.1	4335180	4336682	+	1503	3131	5590	1424	1339	1694	1408	1559	0	562	554
gene-Y75_RS21450	NC_007779.1	4336794	4336883	+	90	46	48	11	14	23	19	22	0	8	8
gene-Y75_RS21455	NC_007779.1	4336859	4337959	-	1101	172	157	148	110	217	177	141	0	252	327
gene-Y75_RS21460	NC_007779.1	4337960	4338628	-	669	155	134	127	89	145	111	123	0	231	215
gene-Y75_RS21465	NC_007779.1	4338625	4340268	-	1644	88	89	99	83	122	107	98	0	382	386
gene-Y75_RS21470	NC_007779.1	4340372	4341709	-	1338	22	78	52	43	40	50	39	0	33	32
gene-Y75_RS21475	NC_007779.1	4341846	4342607	-	762	36	82	13	11	17	23	19	0	13	18
gene-Y75_RS21480	NC_007779.1	4342932	4345199	-	2268	122	145	127	129	147	122	176	0	116	148
gene-Y75_RS21485	NC_007779.1	4345398	4346306	-	909	110	75	108	86	118	109	110	0	104	134
gene-Y75_RS21495	NC_007779.1	4346589	4347944	+	1356	92	104	82	87	104	89	112	0	96	80
gene-Y75_RS21500	NC_007779.1	4348047	4349468	+	1422	173	159	205	158	222	169	209	0	118	121
gene-Y75_RS21505	NC_007779.1	4349607	4350236	-	630	133	167	142	134	193	146	140	0	151	146
gene-Y75_RS21510	NC_007779.1	4350358	4352004	-	1647	123	119	90	82	126	116	94	0	132	124
gene-Y75_RS21515	NC_007779.1	4352082	4353422	-	1341	37	89	46	28	44	56	43	0	39	50
gene-Y75_RS21525	NC_007779.1	4353993	4354712	-	720	409	260	256	183	232	240	291	0	192	212
gene-Y75_RS21530	NC_007779.1	4354709	4356340	-	1632	656	510	492	475	571	524	530	0	529	506
gene-Y75_RS21535	NC_007779.1	4356521	4356751	+	231	22	30	15	6	12	8	16	0	15	11
gene-Y75_RS21540	NC_007779.1	4356763	4357035	+	273	56	59	34	20	40	31	51	0	38	33
gene-Y75_RS21545	NC_007779.1	4357262	4357558	+	297	19	17	6	6	2	7	0	0	6	4
gene-Y75_RS21550	NC_007779.1	4357586	4357759	+	174	8	7	8	4	3	8	6	0	3	1
gene-Y75_RS21555	NC_007779.1	4357878	4359395	-	1518	890	923	743	714	878	782	793	0	659	674
gene-Y75_RS21560	NC_007779.1	4359632	4361089	-	1458	109	106	133	111	152	112	131	0	98	85
gene-Y75_RS21565	NC_007779.1	4361148	4363295	-	2148	91	109	121	72	147	94	135	0	73	71
gene-Y75_RS21570	NC_007779.1	4363375	4364709	-	1335	24	22	22	14	25	24	28	0	8	16
gene-Y75_RS21575	NC_007779.1	4365074	4366612	-	1539	84	105	77	54	80	66	53	0	50	50
gene-Y75_RS21580	NC_007779.1	4367229	4367304	-	76	30	14	75	58	57	44	47	0	53	69
gene-Y75_RS21585	NC_007779.1	4367411	4367986	-	576	624	498	356	362	437	362	389	0	469	497
gene-Y75_RS21590	NC_007779.1	4368023	4369720	-	1698	895	758	593	577	753	644	598	0	738	720
gene-Y75_RS21595	NC_007779.1	4369696	4370034	-	339	309	309	152	159	222	211	283	0	206	228
gene-Y75_RS21605	NC_007779.1	4371571	4373007	-	1437	981	1009	983	949	1276	970	953	0	1639	1470
gene-Y75_RS21610	NC_007779.1	4373344	4373820	+	477	378	202	481	423	435	427	361	0	560	549
gene-Y75_RS21615	NC_007779.1	4373836	4375092	-	1257	436	492	645	563	619	599	553	0	467	480
gene-Y75_RS21620	NC_007779.1	4375368	4375661	+	294	6677	4280	5273	4813	5901	5408	4858	0	9425	9500
gene-Y75_RS21625	NC_007779.1	4375705	4377351	+	1647	30211	22406	23875	23333	27761	25717	23808	0	37407	38606
gene-Y75_RS21630	NC_007779.1	4377489	4377842	+	354	2273	2735	1926	1815	2326	2039	2294	0	888	929
gene-Y75_RS21635	NC_007779.1	4378045	4378914	-	870	490	547	447	477	541	493	561	0	276	263
gene-Y75_RS21640	NC_007779.1	4379309	4380337	-	1029	901	815	922	780	1078	937	844	0	699	747
gene-Y75_RS21645	NC_007779.1	4380379	4380945	+	567	7255	4737	9020	7857	9248	8347	7880	0	5455	5484
gene-Y75_RS21650	NC_007779.1	4380997	4381122	+	126	114	79	142	125	131	141	136	0	61	69
gene-Y75_RS21655	NC_007779.1	4381233	4381379	+	147	166	190	139	114	142	99	97	0	223	250
gene-Y75_RS21660	NC_007779.1	4381555	4381872	+	318	200	172	274	215	243	262	190	0	128	138
gene-Y75_RS21665	NC_007779.1	4381869	4382402	-	534	54	57	40	43	54	41	49	0	84	113
gene-Y75_RS21670	NC_007779.1	4382491	4383624	-	1134	260	214	438	390	474	435	436	0	198	257
gene-Y75_RS21675	NC_007779.1	4383687	4384046	-	360	50	87	39	17	43	54	51	0	47	73
gene-Y75_RS21680	NC_007779.1	4384057	4384452	-	396	45	58	36	31	30	39	49	0	43	41
gene-Y75_RS21685	NC_007779.1	4384463	4385197	-	735	114	143	67	59	67	52	97	0	98	107
gene-Y75_RS21690	NC_007779.1	4385190	4386998	-	1809	388	543	259	224	277	240	338	0	346	398
gene-Y75_RS21695	NC_007779.1	4387323	4388300	+	978	263	181	240	178	290	230	225	0	389	445
gene-Y75_RS21700	NC_007779.1	4388519	4390021	+	1503	59	67	76	71	58	85	86	0	79	73
gene-Y75_RS21705	NC_007779.1	4390073	4390387	+	315	5	5	15	16	17	1	19	0	0	0
gene-Y75_RS21710	NC_007779.1	4390384	4390698	+	315	49	39	45	27	48	43	41	0	0	0
gene-Y75_RS21715	NC_007779.1	4390727	4394050	-	3324	1029	956	754	726	912	712	723	0	1190	1237
gene-Y75_RS21720	NC_007779.1	4394072	4395040	-	969	1972	1864	1495	1343	1816	1538	1528	0	1589	1612
gene-Y75_RS21725	NC_007779.1	4395137	4396189	-	1053	2438	2404	2233	1972	2669	2282	2132	0	1873	1813
gene-Y75_RS21730	NC_007779.1	4396284	4396829	+	546	967	0	990	933	1232	1008	1043	0	753	757
gene-Y75_RS21735	NC_007779.1	4397040	4397115	+	76	1950	0	1443	1310	1657	1391	1435	2	1557	1880
gene-Y75_RS21740	NC_007779.1	4397152	4397227	+	76	494	0	429	335	473	381	396	0	324	535
gene-Y75_RS21745	NC_007779.1	4397263	4397338	+	76	282	0	223	187	229	241	186	0	270	330
gene-Y75_RS25070	NC_007779.1	4397572	4397625	+	54	2	0	11	13	21	7	8	0	2	1
gene-Y75_RS21750	NC_007779.1	4397608	4398747	-	1140	299	0	309	271	388	316	291	0	196	258
gene-Y75_RS21755	NC_007779.1	4398746	4400293	+	1548	394	0	330	385	452	496	449	0	380	390
gene-Y75_RS21760	NC_007779.1	4400265	4400726	+	462	203	0	246	192	347	266	264	0	191	172
gene-Y75_RS21765	NC_007779.1	4400745	4402082	+	1338	842	0	902	720	1021	902	821	0	711	694
gene-Y75_RS21770	NC_007779.1	4402092	4403939	+	1848	1096	0	1128	1071	1311	1136	997	0	1326	1476
gene-Y75_RS21775	NC_007779.1	4403932	4404882	+	951	5805	0	5683	5001	6201	5617	5545	0	5463	5609
gene-Y75_RS21780	NC_007779.1	4404968	4405276	+	309	5963	0	5219	4824	5875	5107	5817	0	4178	4021
gene-Y75_RS21785	NC_007779.1	4405352	4406632	+	1281	4530	0	3849	3642	4947	4337	4192	0	3807	4084
gene-Y75_RS21790	NC_007779.1	4406718	4407977	+	1260	5774	1	4460	4268	5655	5261	5400	0	4918	4809
gene-Y75_RS21795	NC_007779.1	4407980	4408984	+	1005	4009	0	3196	3007	3969	3656	3535	0	3393	3567
gene-Y75_RS21800	NC_007779.1	4409066	4409263	+	198	52	0	274	218	262	225	317	0	65	81
gene-Y75_RS21805	NC_007779.1	4409367	4410665	+	1299	20967	1	15793	14123	17651	15917	17094	0	16751	16443
gene-Y75_RS21810	NC_007779.1	4410870	4411295	+	426	383	0	438	357	438	386	410	0	385	381
gene-Y75_RS21815	NC_007779.1	4411334	4413775	+	2442	3237	0	2275	2074	2933	2529	2776	0	2443	2565
gene-Y75_RS21820	NC_007779.1	4413955	4414686	+	732	824	0	770	777	1013	846	980	0	1000	993
gene-Y75_RS21825	NC_007779.1	4414813	4415214	+	402	13	0	41	23	25	17	41	0	12	13
gene-Y75_RS21830	NC_007779.1	4415233	4415931	+	699	16	0	14	22	34	24	32	0	18	15
gene-Y75_RS21835	NC_007779.1	4415982	4416641	+	660	4	0	13	2	10	15	15	0	6	16
gene-Y75_RS21840	NC_007779.1	4416659	4417057	+	399	1	0	7	0	3	6	10	0	0	2
gene-Y75_RS21845	NC_007779.1	4417067	4417705	+	639	6	0	5	10	8	5	10	0	6	10
gene-Y75_RS21850	NC_007779.1	4417708	4418871	+	1164	42	0	30	35	46	45	36	0	27	36
gene-Y75_RS21855	NC_007779.1	4418955	4420580	+	1626	81	0	62	55	65	63	72	0	66	70
gene-Y75_RS21860	NC_007779.1	4420697	4420972	-	276	56	0	65	55	57	67	52	0	83	72
gene-Y75_RS21865	NC_007779.1	4421121	4421450	-	330	97	0	76	51	97	73	81	0	70	73
gene-Y75_RS21870	NC_007779.1	4421632	4422381	+	750	247	0	163	183	165	209	187	0	181	167
gene-Y75_RS21875	NC_007779.1	4422378	4423133	-	756	331	0	293	258	360	285	302	0	208	241
gene-Y75_RS21880	NC_007779.1	4423241	4424305	-	1065	97	0	69	70	92	100	100	0	134	144
gene-Y75_RS21885	NC_007779.1	4424660	4426057	+	1398	47	0	38	45	60	48	37	0	24	46
gene-Y75_RS21890	NC_007779.1	4426073	4426378	+	306	17	0	27	12	17	10	21	0	6	21
gene-Y75_RS21895	NC_007779.1	4426388	4426852	+	465	29	0	27	22	47	17	24	0	17	18
gene-Y75_RS21900	NC_007779.1	4426866	4427516	+	651	69	0	67	75	87	84	84	0	39	39
gene-Y75_RS21905	NC_007779.1	4427526	4428380	+	855	53	0	55	49	98	71	63	0	36	22
gene-Y75_RS21910	NC_007779.1	4428380	4429066	+	687	50	0	75	56	77	52	64	0	27	50
gene-Y75_RS21915	NC_007779.1	4429196	4429471	-	276	22	0	13	22	28	18	10	0	17	17
gene-Y75_RS21925	NC_007779.1	4429798	4430193	+	396	21909	1	27003	24198	32114	27629	25496	0	25263	26179
gene-Y75_RS21930	NC_007779.1	4430200	4430514	+	315	8499	0	10427	9160	12537	10611	9816	0	9852	10066
gene-Y75_RS21935	NC_007779.1	4430519	4430746	+	228	5345	0	6446	5797	7985	6669	6306	0	5864	6031
gene-Y75_RS21940	NC_007779.1	4430788	4431237	+	450	12563	2	16377	14822	16179	15076	13758	0	16750	17316
gene-Y75_RS21945	NC_007779.1	4431308	4432102	-	795	66	0	216	218	241	229	251	0	0	0
gene-Y75_RS21955	NC_007779.1	4432759	4433397	-	639	1323	0	781	691	991	921	995	0	849	896
gene-Y75_RS21960	NC_007779.1	4433615	4434235	+	621	2908	0	2046	1874	2615	2221	2568	0	2522	2627
gene-Y75_RS21965	NC_007779.1	4434544	4435956	+	1413	2067	0	2029	1717	2321	2068	2148	0	1267	1337
gene-Y75_RS21970	NC_007779.1	4436001	4436663	-	663	73	0	64	43	75	75	55	0	25	30
gene-Y75_RS21975	NC_007779.1	4436771	4437736	-	966	198	0	231	168	213	198	151	0	122	142
gene-Y75_RS21980	NC_007779.1	4437844	4438704	-	861	207	0	184	152	196	164	163	0	144	161
gene-Y75_RS21985	NC_007779.1	4438793	4439173	+	381	99	0	89	67	107	95	87	0	126	114
gene-Y75_RS21990	NC_007779.1	4439302	4441245	-	1944	1038	0	744	644	837	902	996	0	1008	1012
gene-Y75_RS21995	NC_007779.1	4441435	4442175	+	741	717	0	920	751	1114	957	770	0	1011	1119
gene-Y75_RS22000	NC_007779.1	4442387	4443325	+	939	26	0	49	52	74	55	56	0	0	0
gene-Y75_RS22005	NC_007779.1	4443388	4443942	-	555	72	0	74	46	92	43	102	0	120	126
gene-Y75_RS22010	NC_007779.1	4444267	4444473	+	207	415	0	222	197	278	167	199	0	700	681
gene-Y75_RS22015	NC_007779.1	4444552	4445895	-	1344	525	0	789	807	907	764	780	0	329	351
gene-Y75_RS22020	NC_007779.1	4446218	4446856	-	639	896	0	797	689	951	810	887	0	714	609
gene-Y75_RS22030	NC_007779.1	4447062	4448795	+	1734	1223	0	995	820	1209	977	1178	0	856	908
gene-Y75_RS22035	NC_007779.1	4448792	4452571	+	3780	1821	1	1637	1350	1978	1605	1613	0	1443	1441
gene-Y75_RS22040	NC_007779.1	4452574	4452915	+	342	1123	0	1344	1137	1390	1241	1161	0	854	841
gene-Y75_RS22045	NC_007779.1	4453127	4453378	+	252	58	0	79	74	74	58	65	0	0	0
gene-Y75_RS22050	NC_007779.1	4453372	4453722	+	351	48	0	74	68	92	87	95	0	0	0
gene-Y75_RS22055	NC_007779.1	4453802	4454332	-	531	13422	0	15745	14364	18816	15969	16883	0	8984	8127
gene-Y75_RS22060	NC_007779.1	4454642	4455598	+	957	159	0	153	125	233	176	178	0	82	50
gene-Y75_RS22065	NC_007779.1	4455738	4457240	+	1503	78	0	79	77	77	76	77	0	51	69
gene-Y75_RS22070	NC_007779.1	4457254	4458276	+	1023	29	0	10	10	19	22	18	0	12	10
gene-Y75_RS22075	NC_007779.1	4458263	4459258	+	996	76	0	62	74	53	67	59	0	34	51
gene-Y75_RS22080	NC_007779.1	4459291	4460289	-	999	3398	0	3425	2924	3577	3088	4437	0	2578	2520
gene-Y75_RS22085	NC_007779.1	4460465	4461838	+	1374	3098	0	2674	2483	3144	2882	3006	0	2012	2190
gene-Y75_RS22090	NC_007779.1	4461994	4462545	-	552	1200	0	1103	966	1340	1051	1282	0	1035	1092
gene-Y75_RS22095	NC_007779.1	4462639	4463991	+	1353	1643	0	1550	1383	1789	1558	1593	0	1296	1406
gene-Y75_RS22100	NC_007779.1	4464170	4464535	+	366	295	0	277	318	406	374	324	0	974	1017
gene-Y75_RS22105	NC_007779.1	4464580	4465044	-	465	27	0	27	45	27	28	30	0	40	30
gene-Y75_RS22110	NC_007779.1	4465202	4467340	-	2139	237	1	199	192	271	200	160	0	176	175
gene-Y75_RS22115	NC_007779.1	4467734	4469389	-	1656	110	0	129	124	144	158	132	0	83	92
gene-Y75_RS22120	NC_007779.1	4469439	4470860	-	1422	111	0	193	161	195	134	164	0	78	81
gene-Y75_RS22125	NC_007779.1	4470979	4471926	-	948	363	0	385	292	446	390	414	0	494	481
gene-Y75_RS25075	NC_007779.1	4472111	4472164	+	54	1281	0	1585	1367	1443	1170	1143	0	451	452
gene-Y75_RS22130	NC_007779.1	4472305	4475001	+	2697	1184	0	2415	2241	2769	2383	1383	0	233	227
gene-Y75_RS22135	NC_007779.1	4475207	4475593	-	387	10125	0	2779	2702	3685	3232	4166	0	1535	1659
gene-Y75_RS22140	NC_007779.1	4475666	4476127	-	462	12483	0	2497	2253	3151	2685	3122	0	351	313
gene-Y75_RS22145	NC_007779.1	4476140	4477075	-	936	25347	1	5133	4574	7039	6169	7157	0	558	576
gene-Y75_RS22150	NC_007779.1	4477079	4477213	-	135	860	0	642	654	1153	840	1117	0	199	300
gene-Y75_RS22160	NC_007779.1	4477494	4477889	-	396	74	0	54	27	55	62	63	0	70	70
gene-Y75_RS22165	NC_007779.1	4478020	4478733	-	714	90	0	99	67	121	92	88	0	101	103
gene-Y75_RS22170	NC_007779.1	4478804	4479397	+	594	207	0	195	221	229	247	252	0	180	151
gene-Y75_RS22175	NC_007779.1	4479542	4479994	+	453	439	0	373	368	489	486	408	0	141	138
gene-Y75_RS22180	NC_007779.1	4480117	4481931	+	1815	201	0	137	94	166	168	210	0	48	55
gene-Y75_RS22185	NC_007779.1	4481987	4482991	-	1005	2752	0	1996	1743	2248	2023	1985	0	2132	2154
gene-Y75_RS22190	NC_007779.1	4483153	4483569	+	417	3019	0	2211	2062	2687	2526	2623	0	1346	1448
gene-Y75_RS22195	NC_007779.1	4483714	4484217	-	504	423	0	668	591	767	586	629	0	283	290
gene-Y75_RS22200	NC_007779.1	4484410	4485606	+	1197	28	0	48	50	63	56	75	0	8	16
gene-Y75_RS22205	NC_007779.1	4485662	4488517	-	2856	11668	2	12754	11882	15508	13808	13156	0	7751	8195
gene-Y75_RS22210	NC_007779.1	4488517	4488960	-	444	883	0	860	798	996	921	939	0	485	527
gene-Y75_RS22215	NC_007779.1	4489120	4490631	-	1512	5831	1	5831	5452	7330	6332	6680	0	4580	4863
gene-Y75_RS25335	NC_007779.1	4490785	4490835	+	51	579	0	563	528	761	607	760	0	473	412
gene-Y75_RS22220	NC_007779.1	4490898	4491998	+	1101	631	0	639	720	859	766	615	0	446	552
gene-Y75_RS22225	NC_007779.1	4491998	4493080	+	1083	903	0	1072	1017	1175	1018	999	0	751	718
gene-Y75_RS22230	NC_007779.1	4493241	4494743	-	1503	426	0	259	264	330	308	354	0	394	387
gene-Y75_RS22235	NC_007779.1	4494821	4495819	-	999	480	0	345	300	455	369	379	0	255	271
gene-Y75_RS22240	NC_007779.1	4495886	4497205	-	1320	194	0	240	169	220	177	192	0	87	101
gene-Y75_RS22245	NC_007779.1	4497267	4498031	-	765	47	0	50	46	36	50	43	0	19	30
gene-Y75_RS22250	NC_007779.1	4498055	4499086	-	1032	36	0	30	17	30	40	29	0	41	29
gene-Y75_RS22255	NC_007779.1	4499303	4499866	+	564	57	0	31	33	38	20	46	0	22	21
gene-Y75_RS22260	NC_007779.1	4499870	4500889	-	1020	70	0	24	27	51	56	44	0	68	60
gene-Y75_RS22265	NC_007779.1	4501085	4501169	+	85	80	0	447	426	566	431	409	0	78	61
gene-Y75_RS22270	NC_007779.1	4501412	4502620	+	1209	486	0	701	633	795	718	808	0	272	235
gene-Y75_RS22280	NC_007779.1	4502952	4504180	+	1229	148	0	72	64	104	82	107	0	0	0
gene-Y75_RS22300	NC_007779.1	4506612	4506755	+	144	209	0	242	269	303	289	325	0	173	136
gene-Y75_RS22305	NC_007779.1	4506783	4508129	-	1347	455	0	322	249	422	359	359	0	255	327
gene-Y75_RS22310	NC_007779.1	4508738	4509955	+	1218	55	2	48	45	42	19	43	0	81	76
gene-Y75_RS22315	NC_007779.1	4509967	4511085	+	1119	106	0	101	83	85	99	103	0	210	164
gene-Y75_RS24630	NC_007779.1	4511128	4511253	+	126	1	0	1	5	0	3	6	0	3	2
gene-Y75_RS22320	NC_007779.1	4511306	4511563	-	258	58	0	60	42	59	46	50	0	37	35
gene-Y75_RS25080	NC_007779.1	4511586	4511789	+	204	49	0	55	31	56	73	51	0	58	45
gene-Y75_RS22335	NC_007779.1	4512146	4513297	-	1152	67	0	30	26	34	22	46	0	0	2
gene-Y75_RS25085	NC_007779.1	4514556	4514813	+	258	37	0	47	25	28	38	35	0	10	18
gene-Y75_RS22355	NC_007779.1	4515370	4516137	-	768	129	0	134	105	170	155	115	0	98	84
gene-Y75_RS22360	NC_007779.1	4516138	4517094	-	957	60	0	70	63	83	72	48	0	57	72
gene-Y75_RS22365	NC_007779.1	4517091	4518089	-	999	66	0	79	48	100	88	62	0	59	58
gene-Y75_RS22370	NC_007779.1	4518086	4518988	-	903	123	0	144	122	188	144	137	0	111	119
gene-Y75_RS22375	NC_007779.1	4519033	4521357	-	2325	318	0	261	246	300	314	241	0	375	383
gene-Y75_RS22380	NC_007779.1	4521444	4522397	-	954	259	0	249	197	302	265	230	0	306	337
gene-Y75_RS22385	NC_007779.1	4522394	4522915	-	522	346	0	372	293	407	435	286	0	420	393
gene-Y75_RS25340	NC_007779.1	4523052	4523120	+	69	87	0	83	55	44	50	64	0	53	67
gene-Y75_RS22405	NC_007779.1	4524018	4525004	-	987	1277	0	1297	1152	1503	1355	1444	0	0	0
gene-Y75_RS22415	NC_007779.1	4525351	4526700	-	1350	184	0	178	186	266	201	222	0	0	0
gene-Y75_RS22420	NC_007779.1	4526807	4528774	-	1968	255	0	219	274	274	262	249	0	0	0
gene-Y75_RS22425	NC_007779.1	4528785	4529690	-	906	106	0	62	59	121	115	95	0	0	0
gene-Y75_RS22430	NC_007779.1	4529695	4530483	-	789	14	0	10	10	6	14	12	0	0	0
gene-Y75_RS22435	NC_007779.1	4530786	4531568	-	783	107	0	76	84	104	91	131	0	0	0
gene-Y75_RS22440	NC_007779.1	4531585	4532217	-	633	40	0	37	44	47	41	43	0	0	0
gene-Y75_RS22445	NC_007779.1	4532229	4532660	-	432	60	0	60	75	72	68	72	0	0	0
gene-Y75_RS22450	NC_007779.1	4532791	4533597	-	807	303	0	348	309	355	291	309	0	0	0
gene-Y75_RS22455	NC_007779.1	4533610	4534923	-	1314	42	0	44	46	41	36	36	0	0	0
gene-Y75_RS22460	NC_007779.1	4534935	4535213	-	279	7	0	7	6	11	15	7	0	0	0
gene-Y75_RS22465	NC_007779.1	4535210	4536331	-	1122	115	0	86	80	112	88	118	0	0	0
gene-Y75_RS22470	NC_007779.1	4537117	4537863	-	747	58	0	62	31	65	65	72	0	0	0
gene-Y75_RS22475	NC_007779.1	4537919	4538464	-	546	42	0	34	42	35	37	39	0	0	0
gene-Y75_RS22480	NC_007779.1	4538476	4538733	-	258	123	0	106	103	135	90	109	0	0	0
gene-Y75_RS25445	NC_007779.1	4539224	4539355	-	132	16	0	23	17	36	19	27	0	0	0
gene-Y75_RS22500	NC_007779.1	4541294	4542274	-	981	115	0	51	68	88	70	89	0	0	0
gene-Y75_RS22505	NC_007779.1	4542339	4543445	-	1107	113	0	97	98	88	89	132	0	0	0
gene-Y75_RS22510	NC_007779.1	4543465	4544181	-	717	24	0	24	26	22	27	25	0	0	0
gene-Y75_RS22525	NC_007779.1	4545637	4546239	+	603	948	0	439	382	469	443	822	0	0	0
gene-Y75_RS22530	NC_007779.1	4546717	4547313	+	597	106	0	78	73	98	94	153	0	0	0
gene-Y75_RS22540	NC_007779.1	4547795	4548343	+	549	18096	1	3658	3261	5390	4767	27076	0	0	0
gene-Y75_RS22545	NC_007779.1	4548408	4548947	+	540	1007	0	150	155	284	230	1358	0	0	0
gene-Y75_RS22550	NC_007779.1	4548984	4549709	+	726	626	0	134	119	154	125	939	0	0	0
gene-Y75_RS22555	NC_007779.1	4549776	4552412	+	2637	816	0	225	263	306	266	1228	0	0	0
gene-Y75_RS22560	NC_007779.1	4552422	4552952	+	531	136	0	27	33	48	52	190	0	0	0
gene-Y75_RS22565	NC_007779.1	4553025	4553468	+	444	129	0	25	32	34	39	150	0	19	10
gene-Y75_RS22570	NC_007779.1	4553488	4554390	+	903	342	2	113	123	131	146	332	0	42	50
gene-Y75_RS22575	NC_007779.1	4554633	4555976	-	1344	79	0	111	112	88	78	125	0	102	117
gene-Y75_RS22585	NC_007779.1	4556316	4557500	+	1185	366	0	357	356	509	416	418	0	376	350
gene-Y75_RS22590	NC_007779.1	4557581	4559041	+	1461	313	0	385	303	394	392	298	0	303	297
gene-Y75_RS22600	NC_007779.1	4559256	4560029	+	774	635	0	668	660	819	677	711	0	420	486
gene-Y75_RS22605	NC_007779.1	4560170	4561000	-	831	11	0	15	18	22	6	24	0	5	2
gene-Y75_RS25595	NC_007779.1	4561334	4561477	+	144	82	0	9	22	21	23	36	0	52	49
gene-Y75_RS25095	NC_007779.1	4561593	4561676	+	84	18	0	7	2	1	8	10	0	7	24
gene-Y75_RS22620	NC_007779.1	4561673	4562065	+	393	50	0	20	18	31	12	22	0	23	31
gene-Y75_RS22625	NC_007779.1	4562058	4562969	-	912	274	0	275	285	276	259	311	0	236	264
gene-Y75_RS22630	NC_007779.1	4563034	4564206	-	1173	778	0	847	715	928	892	916	0	900	978
gene-Y75_RS22635	NC_007779.1	4564219	4564680	-	462	47	0	64	56	54	60	66	0	42	49
gene-Y75_RS22640	NC_007779.1	4564677	4565360	-	684	19	0	10	25	38	8	24	0	13	26
gene-Y75_RS22645	NC_007779.1	4565610	4566164	+	555	59	0	42	56	48	52	52	0	47	41
gene-Y75_RS22650	NC_007779.1	4566177	4567355	-	1179	143	0	107	105	154	143	118	0	87	78
gene-Y75_RS22655	NC_007779.1	4567423	4568283	-	861	101	0	91	73	82	83	103	0	76	71
gene-Y75_RS22660	NC_007779.1	4568348	4568605	-	258	36	0	33	32	44	53	54	0	19	17
gene-Y75_RS22665	NC_007779.1	4568602	4569369	-	768	18	0	16	23	40	13	22	0	8	20
gene-Y75_RS22670	NC_007779.1	4569379	4570530	-	1152	32	0	32	19	46	28	32	0	34	39
gene-Y75_RS22675	NC_007779.1	4570646	4571926	-	1281	128	0	104	82	136	117	127	0	114	108
gene-Y75_RS22680	NC_007779.1	4571967	4573199	-	1233	115	0	125	123	129	152	145	0	101	107
gene-Y75_RS22690	NC_007779.1	4574842	4576254	-	1413	486	0	480	484	587	580	522	0	0	2
gene-Y75_RS22695	NC_007779.1	4576431	4576595	+	165	29	0	18	10	22	17	31	0	0	0
gene-Y75_RS22710	NC_007779.1	4581592	4582638	-	1047	197	0	89	104	133	122	155	0	179	127
gene-Y75_RS22715	NC_007779.1	4582638	4584017	-	1380	830	0	549	457	605	567	790	0	652	639
gene-Y75_RS22720	NC_007779.1	4584179	4584520	-	342	45	0	50	53	60	64	33	0	66	94
gene-Y75_RS22725	NC_007779.1	4584748	4586142	-	1395	910	0	741	779	1097	937	1216	0	2235	2204
gene-Y75_RS22730	NC_007779.1	4586139	4587728	-	1590	1375	0	1548	1490	1927	1838	1753	0	3839	4027
gene-Y75_RS22735	NC_007779.1	4587929	4591441	-	3513	3446	0	2839	2579	3715	3234	3170	0	3745	3854
gene-Y75_RS22740	NC_007779.1	4591629	4592543	+	915	650	0	572	569	795	648	630	0	439	403
gene-Y75_RS22745	NC_007779.1	4592589	4593545	-	957	749	0	728	624	807	816	756	0	484	466
gene-Y75_RS22750	NC_007779.1	4593556	4593759	-	204	103	0	132	108	174	131	123	0	92	107
gene-Y75_RS22755	NC_007779.1	4593809	4595959	-	2151	111	0	82	122	117	116	82	0	258	247
gene-Y75_RS22765	NC_007779.1	4596337	4597992	+	1656	127	0	199	112	211	183	197	0	83	96
gene-Y75_RS22770	NC_007779.1	4598041	4599402	-	1362	89	0	122	82	154	135	146	0	68	70
gene-Y75_RS22775	NC_007779.1	4599617	4600531	-	915	46	0	25	19	46	29	30	0	34	54
gene-Y75_RS22780	NC_007779.1	4600670	4601692	+	1023	30	0	40	51	45	56	38	0	18	29
gene-Y75_RS22785	NC_007779.1	4601830	4604121	-	2292	1693	0	2137	1942	2326	2094	1746	0	2304	2168
gene-Y75_RS22790	NC_007779.1	4604375	4604869	-	495	598	0	627	532	852	572	605	0	606	621
gene-Y75_RS22795	NC_007779.1	4604918	4605655	-	738	349	0	409	397	569	467	492	0	270	294
gene-Y75_RS22800	NC_007779.1	4605658	4606197	-	540	377	0	526	458	602	549	608	0	286	346
gene-Y75_RS22805	NC_007779.1	4606304	4606777	-	474	45	0	39	36	58	38	48	0	32	38
gene-Y75_RS22810	NC_007779.1	4606768	4607538	-	771	120	0	86	81	125	91	66	0	64	82
gene-Y75_RS22815	NC_007779.1	4608157	4608882	+	726	6	0	11	11	10	12	10	0	5	4
gene-Y75_RS22820	NC_007779.1	4608840	4609517	+	678	348	0	292	253	345	330	323	0	68	43
gene-Y75_RS22825	NC_007779.1	4609555	4610343	-	789	4596	0	4386	3870	5040	5132	4490	0	1212	1110
gene-Y75_RS22830	NC_007779.1	4610484	4610720	+	237	51	0	56	52	93	83	70	0	33	28
gene-Y75_RS22835	NC_007779.1	4610759	4610845	-	87	107	0	129	121	125	115	96	0	99	134
gene-Y75_RS22840	NC_007779.1	4610880	4610966	-	87	237	0	226	238	252	228	225	0	324	289
gene-Y75_RS22845	NC_007779.1	4610995	4611081	-	87	964	0	654	644	889	741	880	0	877	868
gene-Y75_RS22850	NC_007779.1	4611349	4612380	-	1032	995	0	1214	1084	1345	1112	1076	0	1094	1090
gene-Y75_RS22855	NC_007779.1	4612483	4612896	+	414	371	0	313	315	432	347	353	0	337	334
gene-Y75_RS22860	NC_007779.1	4612865	4613311	+	447	249	0	266	276	334	271	263	0	265	220
gene-Y75_RS22865	NC_007779.1	4613326	4614003	+	678	425	0	444	348	423	390	428	0	397	420
gene-Y75_RS22870	NC_007779.1	4614094	4615683	+	1590	3861	0	6144	5695	7322	6516	6033	0	3400	3312
gene-Y75_RS22875	NC_007779.1	4616076	4616681	+	606	291	0	215	222	291	247	249	0	500	534
gene-Y75_RS22880	NC_007779.1	4616808	4616969	+	162	76	0	48	67	95	76	68	0	97	98
gene-Y75_RS22885	NC_007779.1	4617091	4618164	+	1074	232	0	166	136	157	147	120	0	135	119
gene-Y75_RS22890	NC_007779.1	4618161	4618940	+	780	80	0	96	58	87	88	56	0	44	51
gene-Y75_RS22895	NC_007779.1	4619360	4620223	-	864	38	0	32	44	38	50	42	0	25	23
gene-Y75_RS22900	NC_007779.1	4620195	4621745	-	1551	59	0	77	76	82	67	73	0	63	73
gene-Y75_RS22910	NC_007779.1	4622003	4622782	+	780	380	0	275	229	353	326	284	0	332	385
gene-Y75_RS22915	NC_007779.1	4622909	4624231	+	1323	493	0	292	283	414	399	344	0	436	455
gene-Y75_RS22920	NC_007779.1	4624283	4625506	+	1224	1694	2	2213	2028	2701	2396	2215	0	1381	1480
gene-Y75_RS22925	NC_007779.1	4625563	4626282	+	720	2499	0	3122	2693	3598	3385	3487	0	2119	2020
gene-Y75_RS22930	NC_007779.1	4626449	4627780	+	1332	519	0	626	628	750	669	677	0	0	1
gene-Y75_RS25105	NC_007779.1	4627781	4628797	-	1017	324	0	222	197	238	234	244	0	250	291
gene-Y75_RS25110	NC_007779.1	4628825	4629469	-	645	302	0	226	200	261	268	303	0	214	290
gene-Y75_RS22945	NC_007779.1	4629575	4630543	+	969	1143	0	1741	1541	1917	1832	1493	0	1723	1926
gene-Y75_RS22950	NC_007779.1	4630592	4631974	+	1383	1347	0	1610	1481	2008	1822	1537	0	1645	1806
gene-Y75_RS22955	NC_007779.1	4631995	4633227	+	1233	980	0	1109	891	1256	1187	1153	0	1122	1140
gene-Y75_RS25150	NC_007779.1	4633261	4633428	+	168	298	0	256	235	296	279	262	0	193	243
gene-Y75_RS22965	NC_007779.1	4633535	4635202	-	1668	6872	0	6289	5482	7702	6707	6353	0	6077	6477
gene-Y75_RS22970	NC_007779.1	4635413	4637350	+	1938	1015	0	854	780	1058	916	930	0	1094	1060
gene-Y75_RS22975	NC_007779.1	4637440	4637766	+	327	672	0	738	610	906	744	661	0	420	501
gene-Y75_RS22980	NC_007779.1	4637913	4638425	-	513	517	0	482	462	619	566	480	0	256	307
gene-Y75_RS22985	NC_007779.1	4638477	4639124	+	648	698	0	715	658	788	672	618	0	727	742
gene-Y75_RS22990	NC_007779.1	4639121	4639990	-	870	1907	0	1624	1466	1783	1673	2026	0	1233	1260
gene-Y75_RS22995	NC_007779.1	4640201	4640674	+	474	544	0	556	501	704	633	634	0	522	472
gene-Y75_RS23000	NC_007779.1	4640687	4641376	+	690	333	0	366	329	422	398	358	0	243	308
gene-Y75_RS23005	NC_007779.1	4641376	4642800	+	1425	283	0	251	269	345	297	286	0	229	228
gene-Y75_RS23010	NC_007779.1	4642858	4644210	+	1353	90	0	119	84	130	125	146	0	62	65
gene-Y75_RS23015	NC_007779.1	4644270	4644986	-	717	5864	0	7424	6429	8235	7025	7129	0	2654	2704
gene-Y75_RS23020	NC_007779.1	4645082	4645222	+	141	1543	0	1746	1638	1821	1607	1774	0	821	797
gene-Y75_RS23025	NC_007779.1	4645622	4646308	+	687	341	9	453	313	482	484	359	0	243	228
